match_id,match_date,home_team,away_team,competition,season,event_id,event_index,period,timestamp,minute,second,event_type,team,player,position,possession,possession_team,location_x,location_y,duration,under_pressure,off_camera,out,pass_recipient,pass_end_x,pass_end_y,pass_length,pass_angle,pass_height,pass_outcome,carry_end_x,carry_end_y,shot_xg,shot_outcome,shot_body_part,shot_technique,duel_type,duel_outcome,foul_type,foul_card,foul_won_defensive,foul_won_advantage,foul_won_penalty,substitution_replacement,substitution_outcome
267533,2016-04-02,Barcelona,Real Madrid,La Liga,2015/2016,aa442c8f-59f2-4081-be40-f75ba64f98b9,1,1,00:00:00,0,0,Starting XI,Barcelona,,,1,Barcelona,,,0.0,,,,,,,,,,,,,,,,,,,,,,,,,
267533,2016-04-02,Barcelona,Real Madrid,La Liga,2015/2016,46520499-bd35-49fc-acbf-e8aafea2981d,2,1,00:00:00,0,0,Starting XI,Real Madrid,,,1,Barcelona,,,0.0,,,,,,,,,,,,,,,,,,,,,,,,,
267533,2016-04-02,Barcelona,Real Madrid,La Liga,2015/2016,989f6293-d4c9-41e2-ae92-f4433a1caba6,3,1,00:00:00,0,0,Half Start,Real Madrid,,,1,Barcelona,,,0.0,,,,,,,,,,,,,,,,,,,,,,,,,
267533,2016-04-02,Barcelona,Real Madrid,La Liga,2015/2016,0b921647-1431-4394-ba02-815c80f5bff2,4,1,00:00:00,0,0,Half Start,Barcelona,,,1,Barcelona,,,0.0,,,,,,,,,,,,,,,,,,,,,,,,,
267533,2016-04-02,Barcelona,Real Madrid,La Liga,2015/2016,00ac4828-a5ff-468f-bb4d-a52d00c66b8b,5,1,00:00:00.296000,0,0,Pass,Barcelona,Luis Alberto Suárez Díaz,Right Wing,2,Barcelona,60.0,40.0,0.2279,,,,Lionel Andrés Messi Cuccittini,59.8,42.4,2.408319,1.6539376,Ground Pass,,,,,,,,,,,,,,,,
267533,2016-04-02,Barcelona,Real Madrid,La Liga,2015/2016,b93c3bed-f3b4-4abd-bfcc-c59622140fe8,6,1,00:00:00.524000,0,0,Ball Receipt*,Barcelona,Lionel Andrés Messi Cuccittini,Center Forward,2,Barcelona,59.8,42.4,,,,,,,,,,,,,,,,,,,,,,,,,,
267533,2016-04-02,Barcelona,Real Madrid,La Liga,2015/2016,c0f89945-ff2c-4667-b540-a79d4ddbd30e,7,1,00:00:00.524000,0,0,Carry,Barcelona,Lionel Andrés Messi Cuccittini,Center Forward,2,Barcelona,59.8,42.4,0.413249,,,,,,,,,,,59.8,42.4,,,,,,,,,,,,,
267533,2016-04-02,Barcelona,Real Madrid,La Liga,2015/2016,faa20878-d360-4a5e-8609-1a63760b0f14,8,1,00:00:00.937000,0,0,Pass,Barcelona,Lionel Andrés Messi Cuccittini,Center Forward,2,Barcelona,59.8,42.4,1.363343,,,,Sergio Busquets i Burgos,48.4,40.7,11.526057,-2.9935608,Ground Pass,,,,,,,,,,,,,,,,
267533,2016-04-02,Barcelona,Real Madrid,La Liga,2015/2016,20aca2bd-cac3-4c57-bd4f-3e2b0fd6fcc0,9,1,00:00:02.300000,0,2,Ball Receipt*,Barcelona,Sergio Busquets i Burgos,Center Defensive Midfield,2,Barcelona,48.4,40.7,,,,,,,,,,,,,,,,,,,,,,,,,,
267533,2016-04-02,Barcelona,Real Madrid,La Liga,2015/2016,b4c4dc5c-fe62-4040-94e7-b62c4ac03f36,10,1,00:00:02.300000,0,2,Carry,Barcelona,Sergio Busquets i Burgos,Center Defensive Midfield,2,Barcelona,48.4,40.7,1.600008,,,,,,,,,,,48.0,33.8,,,,,,,,,,,,,
267533,2016-04-02,Barcelona,Real Madrid,La Liga,2015/2016,cd262c4e-f14e-43ce-92f2-5300315d501c,11,1,00:00:03.900000,0,3,Pass,Barcelona,Sergio Busquets i Burgos,Center Defensive Midfield,2,Barcelona,48.0,33.8,1.397122,,,,Javier Alejandro Mascherano,36.3,27.5,13.288341,-2.6476512,Ground Pass,,,,,,,,,,,,,,,,
267533,2016-04-02,Barcelona,Real Madrid,La Liga,2015/2016,bcfeb78c-ca24-41d9-937a-022b9d231c71,12,1,00:00:05.297000,0,5,Ball Receipt*,Barcelona,Javier Alejandro Mascherano,Left Center Back,2,Barcelona,36.3,27.5,,,,,,,,,,,,,,,,,,,,,,,,,,
267533,2016-04-02,Barcelona,Real Madrid,La Liga,2015/2016,0bb09c9e-48d4-4569-99d3-da32affa526e,13,1,00:00:05.297000,0,5,Carry,Barcelona,Javier Alejandro Mascherano,Left Center Back,2,Barcelona,36.3,27.5,0.465478,,,,,,,,,,,35.8,27.5,,,,,,,,,,,,,
267533,2016-04-02,Barcelona,Real Madrid,La Liga,2015/2016,682d1d32-813e-496b-82c4-c5379d0056f9,14,1,00:00:05.763000,0,5,Pass,Barcelona,Javier Alejandro Mascherano,Left Center Back,2,Barcelona,35.8,27.5,1.2164,,,,Gerard Piqué Bernabéu,35.2,46.6,19.109423,1.6021996,Ground Pass,,,,,,,,,,,,,,,,
267533,2016-04-02,Barcelona,Real Madrid,La Liga,2015/2016,5484fca1-b209-444b-9620-000477f83a50,15,1,00:00:06.979000,0,6,Ball Receipt*,Barcelona,Gerard Piqué Bernabéu,Right Center Back,2,Barcelona,35.2,46.6,,,,,,,,,,,,,,,,,,,,,,,,,,
267533,2016-04-02,Barcelona,Real Madrid,La Liga,2015/2016,ab25ae61-e4fb-41e1-80c0-215d40cdb701,16,1,00:00:06.979000,0,6,Carry,Barcelona,Gerard Piqué Bernabéu,Right Center Back,2,Barcelona,35.2,46.6,5.24,,,,,,,,,,,49.1,52.9,,,,,,,,,,,,,
267533,2016-04-02,Barcelona,Real Madrid,La Liga,2015/2016,b6b27152-5e72-4157-a67b-aa2acd51c852,17,1,00:00:12.219000,0,12,Pass,Barcelona,Gerard Piqué Bernabéu,Right Center Back,2,Barcelona,49.1,52.9,1.3125,,,,Ivan Rakitić,58.1,57.7,10.2,0.48995733,Ground Pass,,,,,,,,,,,,,,,,
267533,2016-04-02,Barcelona,Real Madrid,La Liga,2015/2016,58d15305-7c18-4f54-b9e2-6da5aecdec6f,18,1,00:00:13.532000,0,13,Ball Receipt*,Barcelona,Ivan Rakitić,Right Center Midfield,2,Barcelona,58.1,57.7,,,,,,,,,,,,,,,,,,,,,,,,,,
267533,2016-04-02,Barcelona,Real Madrid,La Liga,2015/2016,0a4803d2-da78-4687-ad37-9514e1beb9b3,19,1,00:00:13.532000,0,13,Carry,Barcelona,Ivan Rakitić,Right Center Midfield,2,Barcelona,58.1,57.7,0.04,,,,,,,,,,,58.3,59.8,,,,,,,,,,,,,
267533,2016-04-02,Barcelona,Real Madrid,La Liga,2015/2016,21ca590a-4626-49a2-b015-81507028366b,20,1,00:00:13.572000,0,13,Pass,Barcelona,Ivan Rakitić,Right Center Midfield,2,Barcelona,58.3,59.8,0.8,,,,Gerard Piqué Bernabéu,43.8,54.6,15.404221,-2.7972586,Ground Pass,,,,,,,,,,,,,,,,
267533,2016-04-02,Barcelona,Real Madrid,La Liga,2015/2016,c4988461-ab37-4684-9206-5034e8cdd6ec,21,1,00:00:14.372000,0,14,Ball Receipt*,Barcelona,Gerard Piqué Bernabéu,Right Center Back,2,Barcelona,43.8,54.6,,,,,,,,,,,,,,,,,,,,,,,,,,
267533,2016-04-02,Barcelona,Real Madrid,La Liga,2015/2016,7d4fa405-ee73-49b9-a820-2001f4322ac9,22,1,00:00:14.372000,0,14,Carry,Barcelona,Gerard Piqué Bernabéu,Right Center Back,2,Barcelona,43.8,54.6,4.4963,,,,,,,,,,,55.2,54.8,,,,,,,,,,,,,
267533,2016-04-02,Barcelona,Real Madrid,La Liga,2015/2016,f6e65ca2-ded4-4c1e-9330-e9b60ee94f73,23,1,00:00:18.868000,0,18,Pass,Barcelona,Gerard Piqué Bernabéu,Right Center Back,2,Barcelona,55.2,54.8,0.698082,,,,Luis Alberto Suárez Díaz,82.7,41.3,30.634947,-0.45634848,High Pass,,,,,,,,,,,,,,,,
267533,2016-04-02,Barcelona,Real Madrid,La Liga,2015/2016,f124dc15-3beb-411c-89ef-4975dbef302a,24,1,00:00:19.566000,0,19,Ball Receipt*,Barcelona,Luis Alberto Suárez Díaz,Right Wing,2,Barcelona,82.7,41.3,,,,,,,,,,,,,,,,,,,,,,,,,,
267533,2016-04-02,Barcelona,Real Madrid,La Liga,2015/2016,2e133c7e-8295-423a-85a2-dea082127d55,25,1,00:00:19.566000,0,19,Carry,Barcelona,Luis Alberto Suárez Díaz,Right Wing,2,Barcelona,82.7,41.3,1.226246,True,,,,,,,,,,82.1,43.2,,,,,,,,,,,,,
267533,2016-04-02,Barcelona,Real Madrid,La Liga,2015/2016,68a1e5e2-904a-4d15-90bc-6bcc70d7b896,26,1,00:00:20.282000,0,20,Pressure,Real Madrid,Carlos Henrique Casimiro,Center Defensive Midfield,2,Barcelona,43.7,34.6,0.625396,,,,,,,,,,,,,,,,,,,,,,,,,
267533,2016-04-02,Barcelona,Real Madrid,La Liga,2015/2016,f1d2ea3d-f73a-4469-853a-1d6e2fadb389,27,1,00:00:20.792000,0,20,Pass,Barcelona,Luis Alberto Suárez Díaz,Right Wing,2,Barcelona,82.1,43.2,1.012092,True,,,Ivan Rakitić,76.0,55.4,13.640015,2.0344439,Low Pass,,,,,,,,,,,,,,,,
267533,2016-04-02,Barcelona,Real Madrid,La Liga,2015/2016,15c2394f-ab56-4148-863b-dd87381dda13,28,1,00:00:21.804000,0,21,Ball Receipt*,Barcelona,Ivan Rakitić,Right Center Midfield,2,Barcelona,76.0,55.4,,,,,,,,,,,,,,,,,,,,,,,,,,
267533,2016-04-02,Barcelona,Real Madrid,La Liga,2015/2016,69fcde1f-fb6e-41a3-a3d8-074d1f39c926,29,1,00:00:21.804000,0,21,Carry,Barcelona,Ivan Rakitić,Right Center Midfield,2,Barcelona,76.0,55.4,2.28388,,,,,,,,,,,70.9,54.4,,,,,,,,,,,,,
267533,2016-04-02,Barcelona,Real Madrid,La Liga,2015/2016,0c7cc241-8f1f-465e-bed4-389fb30d60c2,30,1,00:00:24.088000,0,24,Pass,Barcelona,Ivan Rakitić,Right Center Midfield,2,Barcelona,70.9,54.4,1.2162,,,,Javier Alejandro Mascherano,52.6,42.6,21.774527,-2.5688756,Ground Pass,,,,,,,,,,,,,,,,
267533,2016-04-02,Barcelona,Real Madrid,La Liga,2015/2016,27b43849-74b3-457b-8a74-6f3b05c8c209,31,1,00:00:25.304000,0,25,Ball Receipt*,Barcelona,Javier Alejandro Mascherano,Left Center Back,2,Barcelona,52.6,42.6,,,,,,,,,,,,,,,,,,,,,,,,,,
267533,2016-04-02,Barcelona,Real Madrid,La Liga,2015/2016,84c7acd5-ef2d-4221-a41f-eac16588b13d,32,1,00:00:25.304000,0,25,Carry,Barcelona,Javier Alejandro Mascherano,Left Center Back,2,Barcelona,52.6,42.6,1.2107,,,,,,,,,,,54.1,38.2,,,,,,,,,,,,,
267533,2016-04-02,Barcelona,Real Madrid,La Liga,2015/2016,a8416bc9-e20e-4450-9e7b-ddfd30e9f5b0,33,1,00:00:26.515000,0,26,Pass,Barcelona,Javier Alejandro Mascherano,Left Center Back,2,Barcelona,54.1,38.2,1.2,,,,Jordi Alba Ramos,55.2,19.3,18.931984,-1.5126609,Ground Pass,,,,,,,,,,,,,,,,
267533,2016-04-02,Barcelona,Real Madrid,La Liga,2015/2016,67583657-dc59-4bc1-94cb-8bdd0394c59e,34,1,00:00:27.715000,0,27,Ball Receipt*,Barcelona,Jordi Alba Ramos,Left Back,2,Barcelona,55.2,19.3,,,,,,,,,,,,,,,,,,,,,,,,,,
267533,2016-04-02,Barcelona,Real Madrid,La Liga,2015/2016,8eef4986-b1af-4784-b162-e8f41844dbea,35,1,00:00:27.715000,0,27,Carry,Barcelona,Jordi Alba Ramos,Left Back,2,Barcelona,55.2,19.3,4.659157,,,,,,,,,,,59.6,15.9,,,,,,,,,,,,,
267533,2016-04-02,Barcelona,Real Madrid,La Liga,2015/2016,b85c886a-8619-4d31-af05-b9d736579ab3,36,1,00:00:32.374000,0,32,Pass,Barcelona,Jordi Alba Ramos,Left Back,2,Barcelona,59.6,15.9,1.432443,,,,Javier Alejandro Mascherano,55.2,27.7,12.593649,1.9277083,Ground Pass,,,,,,,,,,,,,,,,
267533,2016-04-02,Barcelona,Real Madrid,La Liga,2015/2016,162add96-dedd-424d-96d2-05e59b72da42,37,1,00:00:33.807000,0,33,Ball Receipt*,Barcelona,Javier Alejandro Mascherano,Left Center Back,2,Barcelona,55.2,27.7,,,,,,,,,,,,,,,,,,,,,,,,,,
267533,2016-04-02,Barcelona,Real Madrid,La Liga,2015/2016,2e6a3811-126f-42e9-b795-b89e77f0a9f1,38,1,00:00:33.807000,0,33,Carry,Barcelona,Javier Alejandro Mascherano,Left Center Back,2,Barcelona,55.2,27.7,1.2032,,,,,,,,,,,56.6,32.5,,,,,,,,,,,,,
267533,2016-04-02,Barcelona,Real Madrid,La Liga,2015/2016,4bdc5629-9559-44a2-8406-e1ee5f7b81ac,39,1,00:00:35.010000,0,35,Pass,Barcelona,Javier Alejandro Mascherano,Left Center Back,2,Barcelona,56.6,32.5,1.2,,,,Gerard Piqué Bernabéu,55.8,51.6,19.116747,1.6126567,Ground Pass,,,,,,,,,,,,,,,,
267533,2016-04-02,Barcelona,Real Madrid,La Liga,2015/2016,3443bdad-bd5d-424f-942e-e50644d30486,40,1,00:00:36.210000,0,36,Ball Receipt*,Barcelona,Gerard Piqué Bernabéu,Right Center Back,2,Barcelona,55.8,51.6,,,,,,,,,,,,,,,,,,,,,,,,,,
267533,2016-04-02,Barcelona,Real Madrid,La Liga,2015/2016,f6c81e07-6f6f-42cf-8f2a-2f6bed60228f,41,1,00:00:36.210000,0,36,Carry,Barcelona,Gerard Piqué Bernabéu,Right Center Back,2,Barcelona,55.8,51.6,3.8143,,,,,,,,,,,58.1,51.8,,,,,,,,,,,,,
267533,2016-04-02,Barcelona,Real Madrid,La Liga,2015/2016,ace63bee-ff0e-4d5c-983f-827ee08d52d3,42,1,00:00:40.024000,0,40,Pass,Barcelona,Gerard Piqué Bernabéu,Right Center Back,2,Barcelona,58.1,51.8,1.2,,,,Javier Alejandro Mascherano,53.1,34.8,17.720045,-1.8568478,Ground Pass,,,,,,,,,,,,,,,,
267533,2016-04-02,Barcelona,Real Madrid,La Liga,2015/2016,44f11c2c-6f7a-4616-8ae0-7f28ce23be3c,43,1,00:00:41.224000,0,41,Ball Receipt*,Barcelona,Javier Alejandro Mascherano,Left Center Back,2,Barcelona,53.1,34.8,,,,,,,,,,,,,,,,,,,,,,,,,,
267533,2016-04-02,Barcelona,Real Madrid,La Liga,2015/2016,c4bba83e-2be1-468a-992c-4a9b965a23be,44,1,00:00:41.224000,0,41,Carry,Barcelona,Javier Alejandro Mascherano,Left Center Back,2,Barcelona,53.1,34.8,1.5402,,,,,,,,,,,57.1,31.2,,,,,,,,,,,,,
267533,2016-04-02,Barcelona,Real Madrid,La Liga,2015/2016,d69b3bd3-fc90-436a-bd6b-270108cb3517,45,1,00:00:42.764000,0,42,Pass,Barcelona,Javier Alejandro Mascherano,Left Center Back,2,Barcelona,57.1,31.2,0.8,,,,Jordi Alba Ramos,55.6,17.2,14.080128,-1.677532,Ground Pass,,,,,,,,,,,,,,,,
267533,2016-04-02,Barcelona,Real Madrid,La Liga,2015/2016,4691bfe3-6e80-4d02-9a74-5828e6372dfc,46,1,00:00:43.564000,0,43,Ball Receipt*,Barcelona,Jordi Alba Ramos,Left Back,2,Barcelona,55.6,17.2,,,,,,,,,,,,,,,,,,,,,,,,,,
267533,2016-04-02,Barcelona,Real Madrid,La Liga,2015/2016,98b5d7f4-f91e-46c8-811f-4ff8658c069e,47,1,00:00:43.564000,0,43,Carry,Barcelona,Jordi Alba Ramos,Left Back,2,Barcelona,55.6,17.2,1.1478,,,,,,,,,,,56.8,14.9,,,,,,,,,,,,,
267533,2016-04-02,Barcelona,Real Madrid,La Liga,2015/2016,0d58906c-71db-43c1-a6a4-76763306f1f9,48,1,00:00:44.712000,0,44,Pass,Barcelona,Jordi Alba Ramos,Left Back,2,Barcelona,56.8,14.9,0.877911,,,,Neymar da Silva Santos Junior,68.0,2.7,16.561401,-0.82810724,Ground Pass,,,,,,,,,,,,,,,,
267533,2016-04-02,Barcelona,Real Madrid,La Liga,2015/2016,f478a490-2192-4089-b7ae-a01ed8e83e26,49,1,00:00:45.590000,0,45,Ball Receipt*,Barcelona,Neymar da Silva Santos Junior,Left Wing,2,Barcelona,68.0,2.7,,,,,,,,,,,,,,,,,,,,,,,,,,
267533,2016-04-02,Barcelona,Real Madrid,La Liga,2015/2016,41f5a21e-460d-45c0-b714-7c80bc75486d,50,1,00:00:45.590000,0,45,Carry,Barcelona,Neymar da Silva Santos Junior,Left Wing,2,Barcelona,68.0,2.7,0.114089,,,,,,,,,,,68.0,2.7,,,,,,,,,,,,,
267533,2016-04-02,Barcelona,Real Madrid,La Liga,2015/2016,55ea221e-8965-4b91-b5c3-10c5dc2eefd6,51,1,00:00:45.704000,0,45,Pass,Barcelona,Neymar da Silva Santos Junior,Left Wing,2,Barcelona,68.0,2.7,1.2,,,,Jordi Alba Ramos,56.6,9.6,13.32554,2.5973122,Ground Pass,,,,,,,,,,,,,,,,
267533,2016-04-02,Barcelona,Real Madrid,La Liga,2015/2016,d0b7c5e9-25f1-40ba-972b-29042307019d,52,1,00:00:46.904000,0,46,Ball Receipt*,Barcelona,Jordi Alba Ramos,Left Back,2,Barcelona,56.6,9.6,,,,,,,,,,,,,,,,,,,,,,,,,,
267533,2016-04-02,Barcelona,Real Madrid,La Liga,2015/2016,c42612c8-d5af-4115-a564-66855dafdf66,53,1,00:00:46.904000,0,46,Carry,Barcelona,Jordi Alba Ramos,Left Back,2,Barcelona,56.6,9.6,1.4361,,,,,,,,,,,57.7,14.2,,,,,,,,,,,,,
267533,2016-04-02,Barcelona,Real Madrid,La Liga,2015/2016,0b1d3939-f161-4c9b-afbc-42b715bc6bc8,54,1,00:00:48.340000,0,48,Pass,Barcelona,Jordi Alba Ramos,Left Back,2,Barcelona,57.7,14.2,2.3596,,,,Gerard Piqué Bernabéu,52.0,53.3,39.51329,1.7155566,Ground Pass,,,,,,,,,,,,,,,,
267533,2016-04-02,Barcelona,Real Madrid,La Liga,2015/2016,c432048f-449c-495a-ab31-7d8e76a837c5,55,1,00:00:50.700000,0,50,Ball Receipt*,Barcelona,Gerard Piqué Bernabéu,Right Center Back,2,Barcelona,52.0,53.3,,,,,,,,,,,,,,,,,,,,,,,,,,
267533,2016-04-02,Barcelona,Real Madrid,La Liga,2015/2016,bcedc479-339f-4e3d-933d-9aeee71e8e47,56,1,00:00:50.700000,0,50,Carry,Barcelona,Gerard Piqué Bernabéu,Right Center Back,2,Barcelona,52.0,53.3,1.5467,,,,,,,,,,,55.4,53.9,,,,,,,,,,,,,
267533,2016-04-02,Barcelona,Real Madrid,La Liga,2015/2016,40ff2390-c385-4f71-bbd1-bf65b97ad484,57,1,00:00:52.247000,0,52,Pass,Barcelona,Gerard Piqué Bernabéu,Right Center Back,2,Barcelona,55.4,53.9,0.8,,,,Lionel Andrés Messi Cuccittini,66.3,49.1,11.91008,-0.4148143,Ground Pass,,,,,,,,,,,,,,,,
267533,2016-04-02,Barcelona,Real Madrid,La Liga,2015/2016,229a2489-98ae-44a5-9f0b-68a4469ce960,58,1,00:00:53.047000,0,53,Ball Receipt*,Barcelona,Lionel Andrés Messi Cuccittini,Center Forward,2,Barcelona,66.3,49.1,,,,,,,,,,,,,,,,,,,,,,,,,,
267533,2016-04-02,Barcelona,Real Madrid,La Liga,2015/2016,97437d49-6a24-4e44-b275-b1c8cac449d5,59,1,00:00:53.047000,0,53,Carry,Barcelona,Lionel Andrés Messi Cuccittini,Center Forward,2,Barcelona,66.3,49.1,0.1518,,,,,,,,,,,66.1,48.9,,,,,,,,,,,,,
267533,2016-04-02,Barcelona,Real Madrid,La Liga,2015/2016,fa8fe46d-679d-4d9a-9d93-34b4a5b5d483,60,1,00:00:53.198000,0,53,Pass,Barcelona,Lionel Andrés Messi Cuccittini,Center Forward,2,Barcelona,66.1,48.9,1.5994,,,,Gerard Piqué Bernabéu,52.9,56.9,15.435025,2.5967288,Ground Pass,,,,,,,,,,,,,,,,
267533,2016-04-02,Barcelona,Real Madrid,La Liga,2015/2016,d35d26b2-fdb7-41db-9ae6-2cc841f664bb,61,1,00:00:54.798000,0,54,Ball Receipt*,Barcelona,Gerard Piqué Bernabéu,Right Center Back,2,Barcelona,52.9,56.9,,,,,,,,,,,,,,,,,,,,,,,,,,
267533,2016-04-02,Barcelona,Real Madrid,La Liga,2015/2016,065a7eb9-eb39-43fd-81f0-74e90d1d3b4e,62,1,00:00:54.798000,0,54,Carry,Barcelona,Gerard Piqué Bernabéu,Right Center Back,2,Barcelona,52.9,56.9,0.554838,,,,,,,,,,,52.9,55.6,,,,,,,,,,,,,
267533,2016-04-02,Barcelona,Real Madrid,La Liga,2015/2016,a95b2ec4-aef9-442a-b48a-d3b3c2b30345,63,1,00:00:55.353000,0,55,Pass,Barcelona,Gerard Piqué Bernabéu,Right Center Back,2,Barcelona,52.9,55.6,1.965962,,,,Javier Alejandro Mascherano,48.7,34.4,21.612034,-1.766377,Ground Pass,,,,,,,,,,,,,,,,
267533,2016-04-02,Barcelona,Real Madrid,La Liga,2015/2016,563236ca-902e-48c1-8720-100d00e06caa,64,1,00:00:57.319000,0,57,Ball Receipt*,Barcelona,Javier Alejandro Mascherano,Left Center Back,2,Barcelona,48.7,34.4,,,,,,,,,,,,,,,,,,,,,,,,,,
267533,2016-04-02,Barcelona,Real Madrid,La Liga,2015/2016,b32b1f63-0661-485a-a30e-a9986b9ee10d,65,1,00:00:57.319000,0,57,Carry,Barcelona,Javier Alejandro Mascherano,Left Center Back,2,Barcelona,48.7,34.4,0.9406,,,,,,,,,,,51.8,35.9,,,,,,,,,,,,,
267533,2016-04-02,Barcelona,Real Madrid,La Liga,2015/2016,cf244205-c93c-42ce-b291-ee0de81c7769,66,1,00:00:58.259000,0,58,Pass,Barcelona,Javier Alejandro Mascherano,Left Center Back,2,Barcelona,51.8,35.9,1.2,,,,Andrés Iniesta Luján,62.7,27.7,13.640015,-0.6449674,Ground Pass,,,,,,,,,,,,,,,,
267533,2016-04-02,Barcelona,Real Madrid,La Liga,2015/2016,c46a82e6-587e-4e6e-89ff-011aaa60ade3,67,1,00:00:59.459000,0,59,Ball Receipt*,Barcelona,Andrés Iniesta Luján,Left Center Midfield,2,Barcelona,62.7,27.7,,,,,,,,,,,,,,,,,,,,,,,,,,
267533,2016-04-02,Barcelona,Real Madrid,La Liga,2015/2016,54526595-4b70-4768-a80f-25447699a13f,68,1,00:00:59.459000,0,59,Carry,Barcelona,Andrés Iniesta Luján,Left Center Midfield,2,Barcelona,62.7,27.7,0.563797,,,,,,,,,,,58.9,23.9,,,,,,,,,,,,,
267533,2016-04-02,Barcelona,Real Madrid,La Liga,2015/2016,e3706faf-8882-4442-8267-56124e535dc9,69,1,00:01:00.023000,1,0,Pass,Barcelona,Andrés Iniesta Luján,Left Center Midfield,2,Barcelona,58.9,23.9,1.384834,,,,Jordi Alba Ramos,51.6,17.6,9.642613,-2.429592,Ground Pass,,,,,,,,,,,,,,,,
267533,2016-04-02,Barcelona,Real Madrid,La Liga,2015/2016,92da5ca3-6550-4424-9546-2e299eb055ac,70,1,00:01:01.408000,1,1,Ball Receipt*,Barcelona,Jordi Alba Ramos,Left Back,2,Barcelona,51.6,17.6,,,,,,,,,,,,,,,,,,,,,,,,,,
267533,2016-04-02,Barcelona,Real Madrid,La Liga,2015/2016,307c6ec5-cef6-4c9c-852c-0428341f8b81,71,1,00:01:01.408000,1,1,Carry,Barcelona,Jordi Alba Ramos,Left Back,2,Barcelona,51.6,17.6,1.408351,,,,,,,,,,,52.4,14.4,,,,,,,,,,,,,
267533,2016-04-02,Barcelona,Real Madrid,La Liga,2015/2016,627ca4ac-9e7f-4080-bac5-28eee082a816,72,1,00:01:02.816000,1,2,Pass,Barcelona,Jordi Alba Ramos,Left Back,2,Barcelona,52.4,14.4,1.332518,,,,Sergio Busquets i Burgos,63.4,26.4,16.27882,0.8288491,Ground Pass,,,,,,,,,,,,,,,,
267533,2016-04-02,Barcelona,Real Madrid,La Liga,2015/2016,ec474a01-8318-4793-a080-1efd3f3a2135,73,1,00:01:04.149000,1,4,Ball Receipt*,Barcelona,Sergio Busquets i Burgos,Center Defensive Midfield,2,Barcelona,63.4,26.4,,,,,,,,,,,,,,,,,,,,,,,,,,
267533,2016-04-02,Barcelona,Real Madrid,La Liga,2015/2016,c247e881-1928-42e5-9341-1f0bfbbe0f31,74,1,00:01:04.149000,1,4,Carry,Barcelona,Sergio Busquets i Burgos,Center Defensive Midfield,2,Barcelona,63.4,26.4,0.08,,,,,,,,,,,63.4,25.2,,,,,,,,,,,,,
267533,2016-04-02,Barcelona,Real Madrid,La Liga,2015/2016,86336958-45d8-4329-9b16-15571e5e7c04,75,1,00:01:04.229000,1,4,Pass,Barcelona,Sergio Busquets i Burgos,Center Defensive Midfield,2,Barcelona,63.4,25.2,2.542122,,,,Claudio Andrés Bravo Muñoz,28.5,38.2,37.242584,2.7850218,High Pass,,,,,,,,,,,,,,,,
267533,2016-04-02,Barcelona,Real Madrid,La Liga,2015/2016,a27e4bb0-8bc9-424f-bea0-2ef91e63b587,76,1,00:01:06.771000,1,6,Ball Receipt*,Barcelona,Claudio Andrés Bravo Muñoz,Goalkeeper,2,Barcelona,28.5,38.2,,,,,,,,,,,,,,,,,,,,,,,,,,
267533,2016-04-02,Barcelona,Real Madrid,La Liga,2015/2016,95d746f9-5341-4f7f-9aad-b13b59fb922f,77,1,00:01:06.771000,1,6,Carry,Barcelona,Claudio Andrés Bravo Muñoz,Goalkeeper,2,Barcelona,28.5,38.2,0.399978,,,,,,,,,,,27.8,36.3,,,,,,,,,,,,,
267533,2016-04-02,Barcelona,Real Madrid,La Liga,2015/2016,1bb76141-c9ac-4225-b86e-1ab18a365e1d,78,1,00:01:07.171000,1,7,Pass,Barcelona,Claudio Andrés Bravo Muñoz,Goalkeeper,2,Barcelona,27.8,36.3,1.0279,,,,Javier Alejandro Mascherano,37.5,30.2,11.458621,-0.56137455,Ground Pass,,,,,,,,,,,,,,,,
267533,2016-04-02,Barcelona,Real Madrid,La Liga,2015/2016,8b9da056-af51-455f-8841-b2f52ae990dd,79,1,00:01:08.199000,1,8,Ball Receipt*,Barcelona,Javier Alejandro Mascherano,Left Center Back,2,Barcelona,37.5,30.2,,,,,,,,,,,,,,,,,,,,,,,,,,
267533,2016-04-02,Barcelona,Real Madrid,La Liga,2015/2016,4a92e008-a936-4ab7-83f0-f674c15718ba,80,1,00:01:08.199000,1,8,Carry,Barcelona,Javier Alejandro Mascherano,Left Center Back,2,Barcelona,37.5,30.2,0.2921,,,,,,,,,,,37.5,30.2,,,,,,,,,,,,,
267533,2016-04-02,Barcelona,Real Madrid,La Liga,2015/2016,cb648c63-e7d5-4e52-8280-7afc57765080,81,1,00:01:08.491000,1,8,Pass,Barcelona,Javier Alejandro Mascherano,Left Center Back,2,Barcelona,37.5,30.2,1.256371,,,,Gerard Piqué Bernabéu,42.3,51.4,21.736605,1.3481354,Ground Pass,,,,,,,,,,,,,,,,
267533,2016-04-02,Barcelona,Real Madrid,La Liga,2015/2016,96fa61bb-a9ff-4793-b677-c60280ad78f4,82,1,00:01:09.747000,1,9,Ball Receipt*,Barcelona,Gerard Piqué Bernabéu,Right Center Back,2,Barcelona,42.3,51.4,,,,,,,,,,,,,,,,,,,,,,,,,,
267533,2016-04-02,Barcelona,Real Madrid,La Liga,2015/2016,79fbaa95-5e9c-4f4f-b062-5134b9dfe0a1,83,1,00:01:09.747000,1,9,Carry,Barcelona,Gerard Piqué Bernabéu,Right Center Back,2,Barcelona,42.3,51.4,3.897329,,,,,,,,,,,49.5,54.2,,,,,,,,,,,,,
267533,2016-04-02,Barcelona,Real Madrid,La Liga,2015/2016,4b54148d-fb3e-4daa-8a0b-5468e6445741,84,1,00:01:13.645000,1,13,Pass,Barcelona,Gerard Piqué Bernabéu,Right Center Back,2,Barcelona,49.5,54.2,0.8076,,,,Lionel Andrés Messi Cuccittini,62.7,51.7,13.434657,-0.18717694,Ground Pass,,,,,,,,,,,,,,,,
267533,2016-04-02,Barcelona,Real Madrid,La Liga,2015/2016,9b976f1e-2f56-4d22-b0f8-b0c7f365a121,85,1,00:01:14.452000,1,14,Ball Receipt*,Barcelona,Lionel Andrés Messi Cuccittini,Center Forward,2,Barcelona,62.7,51.7,,,,,,,,,,,,,,,,,,,,,,,,,,
267533,2016-04-02,Barcelona,Real Madrid,La Liga,2015/2016,50ff2d9e-5c71-43ca-98fc-ed79bc7ed410,86,1,00:01:14.452000,1,14,Carry,Barcelona,Lionel Andrés Messi Cuccittini,Center Forward,2,Barcelona,62.7,51.7,0.0377,,,,,,,,,,,62.4,51.4,,,,,,,,,,,,,
267533,2016-04-02,Barcelona,Real Madrid,La Liga,2015/2016,02b4a5bc-994c-48d5-a849-4a057844fadd,87,1,00:01:14.490000,1,14,Pass,Barcelona,Lionel Andrés Messi Cuccittini,Center Forward,2,Barcelona,62.4,51.4,2.0638,,,,Sergio Busquets i Burgos,68.3,39.3,13.461798,-1.1171151,Ground Pass,,,,,,,,,,,,,,,,
267533,2016-04-02,Barcelona,Real Madrid,La Liga,2015/2016,d4f78bbc-c15c-4782-a995-8fa73ac4b52f,88,1,00:01:15.418000,1,15,Pressure,Real Madrid,Luka Modrić,Right Center Midfield,2,Barcelona,42.3,41.8,0.811014,,,,,,,,,,,,,,,,,,,,,,,,,
267533,2016-04-02,Barcelona,Real Madrid,La Liga,2015/2016,a0c028ea-448f-4a09-a5a7-a26d65dbb6da,89,1,00:01:16.229000,1,16,Pressure,Real Madrid,Kléper Laveran Lima Ferreira,Right Center Back,2,Barcelona,46.8,44.0,0.3552,,,,,,,,,,,,,,,,,,,,,,,,,
267533,2016-04-02,Barcelona,Real Madrid,La Liga,2015/2016,04492cfa-01a5-44b0-810c-710688eac75a,90,1,00:01:16.554000,1,16,Ball Receipt*,Barcelona,Sergio Busquets i Burgos,Center Defensive Midfield,2,Barcelona,68.3,39.3,,True,,,,,,,,,,,,,,,,,,,,,,,,
267533,2016-04-02,Barcelona,Real Madrid,La Liga,2015/2016,b396463b-5c4c-470f-98be-55948f786071,91,1,00:01:16.554000,1,16,Carry,Barcelona,Sergio Busquets i Burgos,Center Defensive Midfield,2,Barcelona,68.3,39.3,0.3827,True,,,,,,,,,,68.4,37.2,,,,,,,,,,,,,
267533,2016-04-02,Barcelona,Real Madrid,La Liga,2015/2016,c4f91114-08c5-4aeb-a0ab-98c0f3fe5310,92,1,00:01:16.936000,1,16,Foul Committed,Barcelona,Sergio Busquets i Burgos,Center Defensive Midfield,2,Barcelona,68.4,37.2,0.0,,,,,,,,,,,,,,,,,,,,,,,,,
267533,2016-04-02,Barcelona,Real Madrid,La Liga,2015/2016,f49f81b6-a05d-4181-9128-42cd740d1a14,93,1,00:01:16.936000,1,16,Foul Won,Real Madrid,Kléper Laveran Lima Ferreira,Right Center Back,2,Barcelona,51.7,42.9,0.0,,,,,,,,,,,,,,,,,,,,,True,,,,
267533,2016-04-02,Barcelona,Real Madrid,La Liga,2015/2016,bcc597e9-6065-4f6d-937b-012865ad8634,94,1,00:01:32.001000,1,32,Injury Stoppage,Real Madrid,Kléper Laveran Lima Ferreira,Right Center Back,2,Barcelona,,,0.0,,,,,,,,,,,,,,,,,,,,,,,,,
267533,2016-04-02,Barcelona,Real Madrid,La Liga,2015/2016,70305b01-ae34-4a57-82b9-cfee5ce76b77,95,1,00:02:15.170000,2,15,Player Off,Real Madrid,Kléper Laveran Lima Ferreira,Right Center Back,2,Barcelona,,,0.0,,,,,,,,,,,,,,,,,,,,,,,,,
267533,2016-04-02,Barcelona,Real Madrid,La Liga,2015/2016,d114ef70-dd34-4846-b144-dfdc369155cb,96,1,00:02:15.599000,2,15,Pass,Real Madrid,Carlos Henrique Casimiro,Center Defensive Midfield,3,Real Madrid,50.0,41.4,1.680952,,True,,Cristiano Ronaldo dos Santos Aveiro,56.5,11.1,30.989353,-1.3594776,Ground Pass,,,,,,,,,,,,,,,,
267533,2016-04-02,Barcelona,Real Madrid,La Liga,2015/2016,a7604357-e030-47e5-8019-caaeba9d4929,97,1,00:02:17.280000,2,17,Ball Receipt*,Real Madrid,Cristiano Ronaldo dos Santos Aveiro,Left Wing,3,Real Madrid,56.5,11.1,,,,,,,,,,,,,,,,,,,,,,,,,,
267533,2016-04-02,Barcelona,Real Madrid,La Liga,2015/2016,512568c6-00a6-4825-b59c-39b2ce6c61e4,98,1,00:02:18.847000,2,18,Pass,Real Madrid,Cristiano Ronaldo dos Santos Aveiro,Left Wing,3,Real Madrid,54.8,7.6,1.6288,,,,Marcelo Vieira da Silva Júnior,42.6,10.8,12.612692,2.885076,Ground Pass,,,,,,,,,,,,,,,,
267533,2016-04-02,Barcelona,Real Madrid,La Liga,2015/2016,8b6186b7-a4b8-4ffc-a26b-660649406dac,99,1,00:02:20.254000,2,20,Pressure,Barcelona,Ivan Rakitić,Right Center Midfield,3,Real Madrid,70.3,68.7,1.409359,,,,,,,,,,,,,,,,,,,,,,,,,
267533,2016-04-02,Barcelona,Real Madrid,La Liga,2015/2016,8cc9ef90-daae-4f20-9f22-0031542e3356,100,1,00:02:20.476000,2,20,Ball Receipt*,Real Madrid,Marcelo Vieira da Silva Júnior,Left Back,3,Real Madrid,42.6,10.8,,True,,,,,,,,,,,,,,,,,,,,,,,,
267533,2016-04-02,Barcelona,Real Madrid,La Liga,2015/2016,a45b451c-0a61-4da8-9e4f-d02f3702d979,101,1,00:02:20.476000,2,20,Carry,Real Madrid,Marcelo Vieira da Silva Júnior,Left Back,3,Real Madrid,42.6,10.8,1.6189,True,,,,,,,,,,40.6,15.0,,,,,,,,,,,,,
267533,2016-04-02,Barcelona,Real Madrid,La Liga,2015/2016,e123cf8a-0ff6-47e2-991f-8286b44eecab,102,1,00:02:22.095000,2,22,Miscontrol,Real Madrid,Marcelo Vieira da Silva Júnior,Left Back,3,Real Madrid,40.6,15.0,0.0,,,,,,,,,,,,,,,,,,,,,,,,,
267533,2016-04-02,Barcelona,Real Madrid,La Liga,2015/2016,7dc404a4-fa8e-47e9-bb90-5e72f53d9976,103,1,00:02:23.479000,2,23,Ball Recovery,Barcelona,Ivan Rakitić,Right Center Midfield,3,Real Madrid,76.6,67.9,0.0,,,,,,,,,,,,,,,,,,,,,,,,,
267533,2016-04-02,Barcelona,Real Madrid,La Liga,2015/2016,0af8cf5b-8a58-421e-a5d5-ba8733284371,104,1,00:02:23.479000,2,23,Carry,Barcelona,Ivan Rakitić,Right Center Midfield,3,Real Madrid,76.6,67.9,1.55218,,,,,,,,,,,76.0,63.9,,,,,,,,,,,,,
267533,2016-04-02,Barcelona,Real Madrid,La Liga,2015/2016,ad482811-b053-4da2-948e-c352fabf479c,105,1,00:02:25.032000,2,25,Pass,Barcelona,Ivan Rakitić,Right Center Midfield,3,Real Madrid,76.0,63.9,0.531715,,,,Lionel Andrés Messi Cuccittini,83.2,57.7,9.501579,-0.71090937,Ground Pass,,,,,,,,,,,,,,,,
267533,2016-04-02,Barcelona,Real Madrid,La Liga,2015/2016,097acaff-2398-4690-8ced-cf6c23ba091b,106,1,00:02:25.563000,2,25,Ball Receipt*,Barcelona,Lionel Andrés Messi Cuccittini,Center Forward,3,Real Madrid,83.2,57.7,,,,,,,,,,,,,,,,,,,,,,,,,,
267533,2016-04-02,Barcelona,Real Madrid,La Liga,2015/2016,f2137827-a6bc-4345-98ea-23960c35bf20,107,1,00:02:25.563000,2,25,Carry,Barcelona,Lionel Andrés Messi Cuccittini,Center Forward,3,Real Madrid,83.2,57.7,1.416617,,,,,,,,,,,86.3,50.9,,,,,,,,,,,,,
267533,2016-04-02,Barcelona,Real Madrid,La Liga,2015/2016,a31cdc16-6c3c-4b56-9275-62650d5061d8,108,1,00:02:26.980000,2,26,Pass,Barcelona,Lionel Andrés Messi Cuccittini,Center Forward,3,Real Madrid,86.3,50.9,1.071868,,,,Neymar da Silva Santos Junior,103.0,41.0,19.413912,-0.5351192,Ground Pass,Incomplete,,,,,,,,,,,,,,,
267533,2016-04-02,Barcelona,Real Madrid,La Liga,2015/2016,058a60aa-eaef-48e7-9378-fed5cb3e75b4,109,1,00:02:28.052000,2,28,Ball Receipt*,Barcelona,Neymar da Silva Santos Junior,Left Wing,3,Real Madrid,106.2,32.9,,,,,,,,,,,,,,,,,,,,,,,,,,
267533,2016-04-02,Barcelona,Real Madrid,La Liga,2015/2016,16cf74a5-11fb-45ea-8dc4-91b64eb50711,110,1,00:02:28.052000,2,28,Interception,Real Madrid,Luka Modrić,Right Center Midfield,3,Real Madrid,17.1,39.1,0.0,,,,,,,,,,,,,,,,,,,,,,,,,
267533,2016-04-02,Barcelona,Real Madrid,La Liga,2015/2016,158331e5-00e1-4c2c-8f17-1dd79be3b6e2,111,1,00:02:29.186000,2,29,Ball Recovery,Real Madrid,Keylor Navas Gamboa,Goalkeeper,3,Real Madrid,6.2,40.1,0.0,,,,,,,,,,,,,,,,,,,,,,,,,
267533,2016-04-02,Barcelona,Real Madrid,La Liga,2015/2016,e57155d2-d996-498e-8c2b-c6c3162b832f,112,1,00:02:29.186000,2,29,Carry,Real Madrid,Keylor Navas Gamboa,Goalkeeper,3,Real Madrid,6.2,40.1,18.879965,,,,,,,,,,,29.0,58.5,,,,,,,,,,,,,
267533,2016-04-02,Barcelona,Real Madrid,La Liga,2015/2016,7fb10a6d-7a7f-4304-83fd-f68d4f2f50a4,113,1,00:02:31.425000,2,31,Player On,Real Madrid,Kléper Laveran Lima Ferreira,Right Center Back,3,Real Madrid,,,0.0,,,,,,,,,,,,,,,,,,,,,,,,,
267533,2016-04-02,Barcelona,Real Madrid,La Liga,2015/2016,b7d2cff9-f3ce-4c3f-b218-4b356531bc13,114,1,00:02:48.066000,2,48,Pass,Real Madrid,Keylor Navas Gamboa,Goalkeeper,3,Real Madrid,29.0,58.5,0.994062,,,,Kléper Laveran Lima Ferreira,40.7,65.3,13.532554,0.5264787,Ground Pass,,,,,,,,,,,,,,,,
267533,2016-04-02,Barcelona,Real Madrid,La Liga,2015/2016,afe619b8-174c-4fcd-b481-535d6cfc9d3e,115,1,00:02:49.060000,2,49,Ball Receipt*,Real Madrid,Kléper Laveran Lima Ferreira,Right Center Back,3,Real Madrid,40.7,65.3,,,,,,,,,,,,,,,,,,,,,,,,,,
267533,2016-04-02,Barcelona,Real Madrid,La Liga,2015/2016,02105c49-7f55-4383-8881-9f37ac2161e2,116,1,00:02:49.060000,2,49,Carry,Real Madrid,Kléper Laveran Lima Ferreira,Right Center Back,3,Real Madrid,40.7,65.3,4.204938,,,,,,,,,,,48.6,70.7,,,,,,,,,,,,,
267533,2016-04-02,Barcelona,Real Madrid,La Liga,2015/2016,db5eb186-a8a5-41e6-994f-ed09ee13efa4,117,1,00:02:53.265000,2,53,Pass,Real Madrid,Kléper Laveran Lima Ferreira,Right Center Back,3,Real Madrid,48.6,70.7,4.691512,,,,Karim Benzema,106.4,44.5,63.460854,-0.4255842,High Pass,Incomplete,,,,,,,,,,,,,,,
267533,2016-04-02,Barcelona,Real Madrid,La Liga,2015/2016,f8c8f8a7-d4b0-4b0a-8bdc-9d347743c3bf,118,1,00:02:57.956000,2,57,Ball Receipt*,Real Madrid,Karim Benzema,Center Forward,3,Real Madrid,91.0,55.6,,,,,,,,,,,,,,,,,,,,,,,,,,
267533,2016-04-02,Barcelona,Real Madrid,La Liga,2015/2016,8e426614-c656-4937-9011-a11715c95ceb,119,1,00:02:57.956000,2,57,Ball Recovery,Barcelona,Claudio Andrés Bravo Muñoz,Goalkeeper,4,Barcelona,13.7,35.6,0.0,,,,,,,,,,,,,,,,,,,,,,,,,
267533,2016-04-02,Barcelona,Real Madrid,La Liga,2015/2016,91a2a226-e975-4783-ba57-c32350441a60,120,1,00:02:57.956000,2,57,Carry,Barcelona,Claudio Andrés Bravo Muñoz,Goalkeeper,4,Barcelona,13.7,35.6,1.213138,,,,,,,,,,,14.9,40.1,,,,,,,,,,,,,
267533,2016-04-02,Barcelona,Real Madrid,La Liga,2015/2016,ec3c113d-85b4-4c99-99fe-6d32bf94b4d9,121,1,00:02:59.169000,2,59,Pass,Barcelona,Claudio Andrés Bravo Muñoz,Goalkeeper,4,Barcelona,14.9,40.1,1.860359,,,,Sergio Busquets i Burgos,36.3,32.3,22.777182,-0.3495212,Ground Pass,,,,,,,,,,,,,,,,
267533,2016-04-02,Barcelona,Real Madrid,La Liga,2015/2016,eedd7788-5673-4638-a7ba-023cc5265bd7,122,1,00:03:01.030000,3,1,Ball Receipt*,Barcelona,Sergio Busquets i Burgos,Center Defensive Midfield,4,Barcelona,36.3,32.3,,,,,,,,,,,,,,,,,,,,,,,,,,
267533,2016-04-02,Barcelona,Real Madrid,La Liga,2015/2016,02d0e7eb-389e-45cf-a0a8-f4e7c588dc1e,123,1,00:03:01.030000,3,1,Carry,Barcelona,Sergio Busquets i Burgos,Center Defensive Midfield,4,Barcelona,36.3,32.3,1.599991,,,,,,,,,,,36.9,29.3,,,,,,,,,,,,,
267533,2016-04-02,Barcelona,Real Madrid,La Liga,2015/2016,f6d5b20e-e9b2-4d3d-b680-b5e4aa5e0fa8,124,1,00:03:02.630000,3,2,Pass,Barcelona,Sergio Busquets i Burgos,Center Defensive Midfield,4,Barcelona,36.9,29.3,1.2,,,,Jordi Alba Ramos,36.3,12.3,17.010586,-1.6060758,Ground Pass,,,,,,,,,,,,,,,,
267533,2016-04-02,Barcelona,Real Madrid,La Liga,2015/2016,159520f8-2df9-41d8-94c7-b7590ee7206e,125,1,00:03:03.830000,3,3,Ball Receipt*,Barcelona,Jordi Alba Ramos,Left Back,4,Barcelona,36.3,12.3,,,,,,,,,,,,,,,,,,,,,,,,,,
267533,2016-04-02,Barcelona,Real Madrid,La Liga,2015/2016,4f2e6870-1e3e-42b2-85d3-8bf752290923,126,1,00:03:03.830000,3,3,Carry,Barcelona,Jordi Alba Ramos,Left Back,4,Barcelona,36.3,12.3,2.5421,,,,,,,,,,,49.8,9.7,,,,,,,,,,,,,
267533,2016-04-02,Barcelona,Real Madrid,La Liga,2015/2016,fb51ecde-cfc2-4d7a-ad43-e9377fcc5abd,127,1,00:03:06.372000,3,6,Pass,Barcelona,Jordi Alba Ramos,Left Back,4,Barcelona,49.8,9.7,1.582525,,,,Luis Alberto Suárez Díaz,75.5,12.0,25.802713,0.089256376,High Pass,Pass Offside,,,,,,,,,,,,,,,
267533,2016-04-02,Barcelona,Real Madrid,La Liga,2015/2016,5ac1a541-5c14-4518-a068-0701d080ce79,128,1,00:03:07.954000,3,7,Ball Receipt*,Barcelona,Luis Alberto Suárez Díaz,Right Wing,4,Barcelona,75.5,12.0,,,,,,,,,,,,,,,,,,,,,,,,,,
267533,2016-04-02,Barcelona,Real Madrid,La Liga,2015/2016,76fc490e-2a2e-4410-b49f-2bb64c5c38b5,129,1,00:03:34.724000,3,34,Pass,Real Madrid,Kléper Laveran Lima Ferreira,Right Center Back,5,Real Madrid,46.8,68.2,0.726356,,,,Toni Kroos,56.5,65.0,10.214206,-0.3186546,Ground Pass,,,,,,,,,,,,,,,,
267533,2016-04-02,Barcelona,Real Madrid,La Liga,2015/2016,706bba2f-a786-422c-860b-921c9a3c09c9,130,1,00:03:35.450000,3,35,Ball Receipt*,Real Madrid,Toni Kroos,Left Center Midfield,5,Real Madrid,56.5,65.0,,,,,,,,,,,,,,,,,,,,,,,,,,
267533,2016-04-02,Barcelona,Real Madrid,La Liga,2015/2016,72f549c9-1843-4fac-8e73-5f6fb995c8bf,131,1,00:03:35.450000,3,35,Carry,Real Madrid,Toni Kroos,Left Center Midfield,5,Real Madrid,56.5,65.0,1.150134,,,,,,,,,,,58.8,67.4,,,,,,,,,,,,,
267533,2016-04-02,Barcelona,Real Madrid,La Liga,2015/2016,b549c972-c285-488e-9fe9-eabab2190451,132,1,00:03:36.600000,3,36,Pass,Real Madrid,Toni Kroos,Left Center Midfield,5,Real Madrid,58.8,67.4,0.924407,,,,Daniel Carvajal Ramos,62.9,77.8,11.178998,1.1952733,Ground Pass,,,,,,,,,,,,,,,,
267533,2016-04-02,Barcelona,Real Madrid,La Liga,2015/2016,aab9393a-c96d-41d5-850c-5aa8ee875ad9,133,1,00:03:37.524000,3,37,Ball Receipt*,Real Madrid,Daniel Carvajal Ramos,Right Back,5,Real Madrid,62.9,77.8,,,,,,,,,,,,,,,,,,,,,,,,,,
267533,2016-04-02,Barcelona,Real Madrid,La Liga,2015/2016,b178542d-8042-46f1-a595-7cad97e1ad4b,134,1,00:03:37.524000,3,37,Carry,Real Madrid,Daniel Carvajal Ramos,Right Back,5,Real Madrid,62.9,77.8,0.040003,,,,,,,,,,,62.9,77.8,,,,,,,,,,,,,
267533,2016-04-02,Barcelona,Real Madrid,La Liga,2015/2016,d2c69515-cab9-45d2-816b-d6bb0c91f8b6,135,1,00:03:37.565000,3,37,Pass,Real Madrid,Daniel Carvajal Ramos,Right Back,5,Real Madrid,62.9,77.8,0.9303,,,,Toni Kroos,64.2,68.4,9.489468,-1.4333702,Low Pass,,,,,,,,,,,,,,,,
267533,2016-04-02,Barcelona,Real Madrid,La Liga,2015/2016,e37ca7ec-1763-4055-91df-c2261e1395c2,136,1,00:03:38.078000,3,38,Pressure,Barcelona,Andrés Iniesta Luján,Left Center Midfield,5,Real Madrid,50.5,11.7,0.512847,,,,,,,,,,,,,,,,,,,,,,,,,
267533,2016-04-02,Barcelona,Real Madrid,La Liga,2015/2016,4a918e35-0c3c-47f5-a57b-9dff552b70d0,137,1,00:03:38.495000,3,38,Ball Receipt*,Real Madrid,Toni Kroos,Left Center Midfield,5,Real Madrid,64.2,68.4,,True,,,,,,,,,,,,,,,,,,,,,,,,
267533,2016-04-02,Barcelona,Real Madrid,La Liga,2015/2016,84591adc-095e-413a-991a-246f1e01c36e,138,1,00:03:38.495000,3,38,Pass,Real Madrid,Toni Kroos,Left Center Midfield,5,Real Madrid,64.6,68.1,1.4934,True,,,Gareth Frank Bale,84.5,76.1,21.447844,0.38223797,Ground Pass,Pass Offside,,,,,,,,,,,,,,,
267533,2016-04-02,Barcelona,Real Madrid,La Liga,2015/2016,4ff52ecc-dc0f-4e3f-86cc-b797d321da20,139,1,00:03:39.988000,3,39,Ball Receipt*,Real Madrid,Gareth Frank Bale,Right Wing,5,Real Madrid,84.5,76.1,,,,,,,,,,,,,,,,,,,,,,,,,,
267533,2016-04-02,Barcelona,Real Madrid,La Liga,2015/2016,0290fdb7-3bdc-4b4d-8c8e-2a07350737ed,140,1,00:03:53.904000,3,53,Pass,Barcelona,Jordi Alba Ramos,Left Back,6,Barcelona,38.5,8.2,3.2758,,True,,Javier Alejandro Mascherano,29.1,21.6,16.368261,2.1825233,Ground Pass,,,,,,,,,,,,,,,,
267533,2016-04-02,Barcelona,Real Madrid,La Liga,2015/2016,8d70c2c5-5dd0-4a20-bee5-e3e28274e56d,141,1,00:03:57.179000,3,57,Ball Receipt*,Barcelona,Javier Alejandro Mascherano,Left Center Back,6,Barcelona,29.1,21.6,,,,,,,,,,,,,,,,,,,,,,,,,,
267533,2016-04-02,Barcelona,Real Madrid,La Liga,2015/2016,8c47cb8b-c3ff-4e10-8208-1885d2924e4e,142,1,00:04:00.250000,4,0,Pass,Barcelona,Javier Alejandro Mascherano,Left Center Back,6,Barcelona,42.3,29.0,2.0,,,,Gerard Piqué Bernabéu,36.8,50.3,21.998636,1.8234926,Ground Pass,,,,,,,,,,,,,,,,
267533,2016-04-02,Barcelona,Real Madrid,La Liga,2015/2016,8d43bc7d-c784-4524-aad9-e6da2b2478d1,143,1,00:04:02.250000,4,2,Ball Receipt*,Barcelona,Gerard Piqué Bernabéu,Right Center Back,6,Barcelona,36.8,50.3,,,,,,,,,,,,,,,,,,,,,,,,,,
267533,2016-04-02,Barcelona,Real Madrid,La Liga,2015/2016,6ee00ffd-1c89-4577-abb6-d3129de731d5,144,1,00:04:02.250000,4,2,Carry,Barcelona,Gerard Piqué Bernabéu,Right Center Back,6,Barcelona,36.8,50.3,4.8159,,,,,,,,,,,45.1,54.9,,,,,,,,,,,,,
267533,2016-04-02,Barcelona,Real Madrid,La Liga,2015/2016,3ddeb73c-9a26-4414-8421-178fef42d010,145,1,00:04:07.066000,4,7,Pass,Barcelona,Gerard Piqué Bernabéu,Right Center Back,6,Barcelona,45.1,54.9,1.2,,,,Javier Alejandro Mascherano,42.0,33.0,22.118319,-1.7114146,Ground Pass,,,,,,,,,,,,,,,,
267533,2016-04-02,Barcelona,Real Madrid,La Liga,2015/2016,36d8acd5-91dd-41b0-bfee-faafa2bc0df5,146,1,00:04:08.266000,4,8,Ball Receipt*,Barcelona,Javier Alejandro Mascherano,Left Center Back,6,Barcelona,42.0,33.0,,,,,,,,,,,,,,,,,,,,,,,,,,
267533,2016-04-02,Barcelona,Real Madrid,La Liga,2015/2016,1ca7ceb3-652f-432a-92c9-b931e8b97391,147,1,00:04:08.266000,4,8,Carry,Barcelona,Javier Alejandro Mascherano,Left Center Back,6,Barcelona,42.0,33.0,3.738053,,,,,,,,,,,60.4,25.9,,,,,,,,,,,,,
267533,2016-04-02,Barcelona,Real Madrid,La Liga,2015/2016,a60da45b-659d-43a4-8580-97598e6014da,148,1,00:04:12.004000,4,12,Pass,Barcelona,Javier Alejandro Mascherano,Left Center Back,6,Barcelona,60.4,25.9,1.534274,,,,Jordi Alba Ramos,61.9,12.7,13.284954,-1.4576453,Ground Pass,,,,,,,,,,,,,,,,
267533,2016-04-02,Barcelona,Real Madrid,La Liga,2015/2016,eeb31782-4c3f-4f73-9a94-91de8b9a3c2d,149,1,00:04:12.919000,4,12,Pressure,Real Madrid,Luka Modrić,Right Center Midfield,6,Barcelona,52.5,67.7,0.700852,,,,,,,,,,,,,,,,,,,,,,,,,
267533,2016-04-02,Barcelona,Real Madrid,La Liga,2015/2016,5ff9d71b-0af9-47be-896f-9693666706a5,150,1,00:04:13.538000,4,13,Ball Receipt*,Barcelona,Jordi Alba Ramos,Left Back,6,Barcelona,61.9,12.7,,True,,,,,,,,,,,,,,,,,,,,,,,,
267533,2016-04-02,Barcelona,Real Madrid,La Liga,2015/2016,ee409a6d-975e-47b9-84b5-be19e49bb785,151,1,00:04:13.538000,4,13,Carry,Barcelona,Jordi Alba Ramos,Left Back,6,Barcelona,61.9,12.7,0.528873,True,,,,,,,,,,61.5,15.7,,,,,,,,,,,,,
267533,2016-04-02,Barcelona,Real Madrid,La Liga,2015/2016,7b0c4c57-b62a-43de-98b3-e7510601d800,152,1,00:04:14.067000,4,14,Dribbled Past,Real Madrid,Luka Modrić,Right Center Midfield,6,Barcelona,58.6,64.4,0.0,,,,,,,,,,,,,,,,,,,,,,,,,
267533,2016-04-02,Barcelona,Real Madrid,La Liga,2015/2016,84bee25c-7b65-4314-9bed-b0757a951960,153,1,00:04:14.067000,4,14,Dribble,Barcelona,Jordi Alba Ramos,Left Back,6,Barcelona,61.5,15.7,0.0,True,,,,,,,,,,,,,,,,,,,,,,,,
267533,2016-04-02,Barcelona,Real Madrid,La Liga,2015/2016,2f96a646-d8fd-4210-96da-ba0d32db4ce7,154,1,00:04:14.067000,4,14,Carry,Barcelona,Jordi Alba Ramos,Left Back,6,Barcelona,61.5,15.7,1.1193,True,,,,,,,,,,62.1,21.6,,,,,,,,,,,,,
267533,2016-04-02,Barcelona,Real Madrid,La Liga,2015/2016,ccb0c63d-840f-4b43-9706-cc49a53a27ce,155,1,00:04:15.186000,4,15,Pass,Barcelona,Jordi Alba Ramos,Left Back,6,Barcelona,62.1,21.6,0.881363,,,,Sergio Busquets i Burgos,49.6,27.2,13.69708,2.7204032,Ground Pass,,,,,,,,,,,,,,,,
267533,2016-04-02,Barcelona,Real Madrid,La Liga,2015/2016,d6d33f78-bf1f-4fc2-a840-d13a77c2920f,156,1,00:04:16.068000,4,16,Ball Receipt*,Barcelona,Sergio Busquets i Burgos,Center Defensive Midfield,6,Barcelona,49.6,27.2,,,,,,,,,,,,,,,,,,,,,,,,,,
267533,2016-04-02,Barcelona,Real Madrid,La Liga,2015/2016,b756a98c-e372-4142-a745-828afea4b9f8,157,1,00:04:16.068000,4,16,Carry,Barcelona,Sergio Busquets i Burgos,Center Defensive Midfield,6,Barcelona,49.6,27.2,1.319064,,,,,,,,,,,50.5,30.1,,,,,,,,,,,,,
267533,2016-04-02,Barcelona,Real Madrid,La Liga,2015/2016,662b1cfb-7b0c-4f18-aa67-601656d5db60,158,1,00:04:17.387000,4,17,Pass,Barcelona,Sergio Busquets i Burgos,Center Defensive Midfield,6,Barcelona,50.5,30.1,2.825673,,,,Daniel Alves da Silva,67.8,76.1,49.1456,1.211073,High Pass,,,,,,,,,,,,,,,,
267533,2016-04-02,Barcelona,Real Madrid,La Liga,2015/2016,2578050a-a281-4fc1-ba81-742c2d1eabe3,159,1,00:04:20.212000,4,20,Ball Receipt*,Barcelona,Daniel Alves da Silva,Right Back,6,Barcelona,67.8,76.1,,,,,,,,,,,,,,,,,,,,,,,,,,
267533,2016-04-02,Barcelona,Real Madrid,La Liga,2015/2016,83469da1-942d-47d5-9f9a-89acc3727014,160,1,00:04:20.212000,4,20,Carry,Barcelona,Daniel Alves da Silva,Right Back,6,Barcelona,67.8,76.1,1.849339,,,,,,,,,,,67.8,73.0,,,,,,,,,,,,,
267533,2016-04-02,Barcelona,Real Madrid,La Liga,2015/2016,d71163d3-7b8e-4864-ae06-ddc896ba6cc7,161,1,00:04:22.062000,4,22,Pass,Barcelona,Daniel Alves da Silva,Right Back,6,Barcelona,67.8,73.0,1.197511,,,,Lionel Andrés Messi Cuccittini,68.4,54.9,18.109941,-1.5376593,Ground Pass,,,,,,,,,,,,,,,,
267533,2016-04-02,Barcelona,Real Madrid,La Liga,2015/2016,1276b229-b60b-4bdf-b2a0-c85db72265ca,162,1,00:04:23.259000,4,23,Ball Receipt*,Barcelona,Lionel Andrés Messi Cuccittini,Center Forward,6,Barcelona,68.4,54.9,,,,,,,,,,,,,,,,,,,,,,,,,,
267533,2016-04-02,Barcelona,Real Madrid,La Liga,2015/2016,6bbf95d3-a96b-4a6b-9240-1731ec2aa498,163,1,00:04:23.259000,4,23,Carry,Barcelona,Lionel Andrés Messi Cuccittini,Center Forward,6,Barcelona,68.4,54.9,0.80005,,,,,,,,,,,63.3,55.8,,,,,,,,,,,,,
267533,2016-04-02,Barcelona,Real Madrid,La Liga,2015/2016,f58074f7-611a-44c0-816c-a62c2f39f6bb,164,1,00:04:24.059000,4,24,Pass,Barcelona,Lionel Andrés Messi Cuccittini,Center Forward,6,Barcelona,63.3,55.8,1.6,,,,Gerard Piqué Bernabéu,49.6,61.4,14.800338,2.7535582,Ground Pass,,,,,,,,,,,,,,,,
267533,2016-04-02,Barcelona,Real Madrid,La Liga,2015/2016,c5b76b57-70f0-4d21-875e-92f0d46d09b4,165,1,00:04:25.659000,4,25,Ball Receipt*,Barcelona,Gerard Piqué Bernabéu,Right Center Back,6,Barcelona,49.6,61.4,,,,,,,,,,,,,,,,,,,,,,,,,,
267533,2016-04-02,Barcelona,Real Madrid,La Liga,2015/2016,ecebefe7-9788-4afe-81ad-4922efd3358a,166,1,00:04:25.659000,4,25,Carry,Barcelona,Gerard Piqué Bernabéu,Right Center Back,6,Barcelona,49.6,61.4,2.0,,,,,,,,,,,51.4,57.1,,,,,,,,,,,,,
267533,2016-04-02,Barcelona,Real Madrid,La Liga,2015/2016,7fd8d721-ae91-4fdb-8ad3-7a0b72060dfb,167,1,00:04:27.659000,4,27,Pass,Barcelona,Gerard Piqué Bernabéu,Right Center Back,6,Barcelona,51.4,57.1,1.6,,,,Javier Alejandro Mascherano,50.4,33.6,23.521267,-1.6133238,Ground Pass,,,,,,,,,,,,,,,,
267533,2016-04-02,Barcelona,Real Madrid,La Liga,2015/2016,011687f8-17ef-4535-9951-e11728b0118a,168,1,00:04:29.259000,4,29,Ball Receipt*,Barcelona,Javier Alejandro Mascherano,Left Center Back,6,Barcelona,50.4,33.6,,,,,,,,,,,,,,,,,,,,,,,,,,
267533,2016-04-02,Barcelona,Real Madrid,La Liga,2015/2016,57736e54-1dca-420c-af58-1e0f64537c48,169,1,00:04:29.259000,4,29,Carry,Barcelona,Javier Alejandro Mascherano,Left Center Back,6,Barcelona,50.4,33.6,3.6,,,,,,,,,,,53.0,37.2,,,,,,,,,,,,,
267533,2016-04-02,Barcelona,Real Madrid,La Liga,2015/2016,7155179a-6fe0-4654-9fdf-61e1a6f0e5ec,170,1,00:04:32.859000,4,32,Pass,Barcelona,Javier Alejandro Mascherano,Left Center Back,6,Barcelona,53.0,37.2,2.7675,,,,Daniel Alves da Silva,80.0,75.1,46.533966,0.9517959,High Pass,,,,,,,,,,,,,,,,
267533,2016-04-02,Barcelona,Real Madrid,La Liga,2015/2016,58007843-c0c4-4f5c-b802-95f857a95db0,171,1,00:04:35.627000,4,35,Ball Receipt*,Barcelona,Daniel Alves da Silva,Right Back,6,Barcelona,80.0,75.1,,,,,,,,,,,,,,,,,,,,,,,,,,
267533,2016-04-02,Barcelona,Real Madrid,La Liga,2015/2016,9144df71-dc7c-43f0-8b1f-b65c2faddefb,172,1,00:04:35.627000,4,35,Carry,Barcelona,Daniel Alves da Silva,Right Back,6,Barcelona,80.0,75.1,0.36693,,,,,,,,,,,81.7,76.1,,,,,,,,,,,,,
267533,2016-04-02,Barcelona,Real Madrid,La Liga,2015/2016,6158e5df-2ac3-44e0-b89b-f5977cd72363,173,1,00:04:35.994000,4,35,Pass,Barcelona,Daniel Alves da Silva,Right Back,6,Barcelona,81.7,76.1,1.413747,,,,Ivan Rakitić,85.7,67.4,9.57549,-1.1398474,Ground Pass,,,,,,,,,,,,,,,,
267533,2016-04-02,Barcelona,Real Madrid,La Liga,2015/2016,6c04de1b-2232-4d64-a543-91a61c8924d2,174,1,00:04:37.193000,4,37,Pressure,Real Madrid,Carlos Henrique Casimiro,Center Defensive Midfield,6,Barcelona,31.8,17.9,0.991998,,,,,,,,,,,,,,,,,,,,,,,,,
267533,2016-04-02,Barcelona,Real Madrid,La Liga,2015/2016,9539768a-e8ca-480c-8f93-d50b924b9a7f,175,1,00:04:37.407000,4,37,Ball Receipt*,Barcelona,Ivan Rakitić,Right Center Midfield,6,Barcelona,85.7,67.4,,True,,,,,,,,,,,,,,,,,,,,,,,,
267533,2016-04-02,Barcelona,Real Madrid,La Liga,2015/2016,d1c56eb7-2d7b-4a4c-935f-e824a25eebba,176,1,00:04:37.407000,4,37,Carry,Barcelona,Ivan Rakitić,Right Center Midfield,6,Barcelona,85.7,67.4,0.639822,True,,,,,,,,,,90.3,64.2,,,,,,,,,,,,,
267533,2016-04-02,Barcelona,Real Madrid,La Liga,2015/2016,036c14a2-6240-4943-b25b-57a56516497c,177,1,00:04:38.047000,4,38,Foul Committed,Real Madrid,Carlos Henrique Casimiro,Center Defensive Midfield,6,Barcelona,29.8,15.9,0.0,,,,,,,,,,,,,,,,,,,,,,,,,
267533,2016-04-02,Barcelona,Real Madrid,La Liga,2015/2016,931190e5-4287-4ed0-97f7-5e9311ab8858,178,1,00:04:38.047000,4,38,Foul Won,Barcelona,Ivan Rakitić,Right Center Midfield,6,Barcelona,90.3,64.2,0.0,True,,,,,,,,,,,,,,,,,,,,,,,,
267533,2016-04-02,Barcelona,Real Madrid,La Liga,2015/2016,5aed6067-cd3b-4168-8d77-dbc1b22faf60,179,1,00:05:19.916000,5,19,Pass,Barcelona,Neymar da Silva Santos Junior,Left Wing,7,Barcelona,89.1,65.1,1.1999,,,,Andrés Iniesta Luján,90.8,50.9,14.301398,-1.4516451,Ground Pass,,,,,,,,,,,,,,,,
267533,2016-04-02,Barcelona,Real Madrid,La Liga,2015/2016,0ee86f14-bf8d-47b5-8ad6-ffa2aed1d3fa,180,1,00:05:21.116000,5,21,Ball Receipt*,Barcelona,Andrés Iniesta Luján,Left Center Midfield,7,Barcelona,90.8,50.9,,,,,,,,,,,,,,,,,,,,,,,,,,
267533,2016-04-02,Barcelona,Real Madrid,La Liga,2015/2016,98f6d6df-b013-4a80-90e7-c9f0f5eb5682,181,1,00:05:21.116000,5,21,Carry,Barcelona,Andrés Iniesta Luján,Left Center Midfield,7,Barcelona,90.8,50.9,0.040000003,,,,,,,,,,,90.8,50.6,,,,,,,,,,,,,
267533,2016-04-02,Barcelona,Real Madrid,La Liga,2015/2016,696fb5f8-804d-4c50-9f28-d4142c45ec25,182,1,00:05:21.156000,5,21,Pass,Barcelona,Andrés Iniesta Luján,Left Center Midfield,7,Barcelona,90.8,50.6,0.421,,,,Lionel Andrés Messi Cuccittini,99.7,54.9,9.884331,0.45007378,Ground Pass,Incomplete,,,,,,,,,,,,,,,
267533,2016-04-02,Barcelona,Real Madrid,La Liga,2015/2016,f637ff3d-4ca9-4f16-87f0-880809abc586,183,1,00:05:21.577000,5,21,Ball Receipt*,Barcelona,Lionel Andrés Messi Cuccittini,Center Forward,7,Barcelona,101.9,57.7,,,,,,,,,,,,,,,,,,,,,,,,,,
267533,2016-04-02,Barcelona,Real Madrid,La Liga,2015/2016,e7e3230e-4843-4f1e-ab77-e2fd9e3fe120,184,1,00:05:21.577000,5,21,Block,Real Madrid,Karim Benzema,Center Forward,7,Barcelona,20.4,25.2,0.0,,,,,,,,,,,,,,,,,,,,,,,,,
267533,2016-04-02,Barcelona,Real Madrid,La Liga,2015/2016,0b1855a2-d6fc-46f9-baa2-f172fbf92b76,185,1,00:05:22.636000,5,22,Clearance,Real Madrid,Luka Modrić,Right Center Midfield,7,Barcelona,16.2,25.2,0.0,True,,,,,,,,,,,,,,,,,,,,,,,,
267533,2016-04-02,Barcelona,Real Madrid,La Liga,2015/2016,630d4848-c3b2-4b6b-85f0-74606eb746c1,186,1,00:05:29.096000,5,29,Ball Recovery,Barcelona,Jordi Alba Ramos,Left Back,7,Barcelona,45.0,66.0,0.0,,,,,,,,,,,,,,,,,,,,,,,,,
267533,2016-04-02,Barcelona,Real Madrid,La Liga,2015/2016,9e5ad52e-fa5c-4ea5-9d08-3e26bec71c46,187,1,00:05:29.096000,5,29,Carry,Barcelona,Jordi Alba Ramos,Left Back,7,Barcelona,45.0,66.0,1.6,,,,,,,,,,,43.3,71.1,,,,,,,,,,,,,
267533,2016-04-02,Barcelona,Real Madrid,La Liga,2015/2016,755e0371-51f6-4f50-b627-6ff8983f64b8,188,1,00:05:30.696000,5,30,Pass,Barcelona,Jordi Alba Ramos,Left Back,7,Barcelona,43.3,71.1,1.4147,,,,Neymar da Silva Santos Junior,61.3,76.8,18.880943,0.30667633,Ground Pass,,,,,,,,,,,,,,,,
267533,2016-04-02,Barcelona,Real Madrid,La Liga,2015/2016,e2b10c24-5610-4786-b998-010b540b7b95,189,1,00:05:32.111000,5,32,Ball Receipt*,Barcelona,Neymar da Silva Santos Junior,Left Wing,7,Barcelona,61.3,76.8,,,,,,,,,,,,,,,,,,,,,,,,,,
267533,2016-04-02,Barcelona,Real Madrid,La Liga,2015/2016,cde4cd25-1a99-4f0a-abef-eb030d7a2d28,190,1,00:05:32.111000,5,32,Carry,Barcelona,Neymar da Silva Santos Junior,Left Wing,7,Barcelona,61.3,76.8,2.6064,True,,,,,,,,,,70.1,72.2,,,,,,,,,,,,,
267533,2016-04-02,Barcelona,Real Madrid,La Liga,2015/2016,7c707e1a-5fdb-4c27-b1d9-a9c927eface3,191,1,00:05:33.733000,5,33,Pressure,Real Madrid,Toni Kroos,Left Center Midfield,7,Barcelona,49.1,10.2,1.519229,,,,,,,,,,,,,,,,,,,,,,,,,
267533,2016-04-02,Barcelona,Real Madrid,La Liga,2015/2016,8c254bab-0daf-42ea-a06d-052de5384e5f,192,1,00:05:34.717000,5,34,Dribbled Past,Real Madrid,Toni Kroos,Left Center Midfield,7,Barcelona,50.0,7.9,0.0,,,,,,,,,,,,,,,,,,,,,,,,,
267533,2016-04-02,Barcelona,Real Madrid,La Liga,2015/2016,26df12d3-af6f-47fa-a5a2-3585134ba128,193,1,00:05:34.717000,5,34,Dribble,Barcelona,Neymar da Silva Santos Junior,Left Wing,7,Barcelona,70.1,72.2,0.0,True,,,,,,,,,,,,,,,,,,,,,,,,
267533,2016-04-02,Barcelona,Real Madrid,La Liga,2015/2016,2f810965-9108-4238-990e-da3facc59826,194,1,00:05:34.717000,5,34,Carry,Barcelona,Neymar da Silva Santos Junior,Left Wing,7,Barcelona,70.1,72.2,2.744667,True,,,,,,,,,,78.7,76.1,,,,,,,,,,,,,
267533,2016-04-02,Barcelona,Real Madrid,La Liga,2015/2016,40162cff-8904-4484-a938-41f59f14dca1,195,1,00:05:35.940000,5,35,Pressure,Real Madrid,Toni Kroos,Left Center Midfield,7,Barcelona,47.4,9.1,1.711919,,,,,,,,,,,,,,,,,,,,,,,,,
267533,2016-04-02,Barcelona,Real Madrid,La Liga,2015/2016,ce2e8464-78ef-4e35-9e1e-4d1c40fbb79b,196,1,00:05:37.462000,5,37,Pass,Barcelona,Neymar da Silva Santos Junior,Left Wing,7,Barcelona,78.7,76.1,1.183198,True,,,Daniel Alves da Silva,76.0,77.1,2.879236,2.786887,Ground Pass,,,,,,,,,,,,,,,,
267533,2016-04-02,Barcelona,Real Madrid,La Liga,2015/2016,b16fcd8b-7d84-4e07-8b87-ccbddac0559a,197,1,00:05:38.645000,5,38,Ball Receipt*,Barcelona,Daniel Alves da Silva,Right Back,7,Barcelona,76.0,77.1,,,,,,,,,,,,,,,,,,,,,,,,,,
267533,2016-04-02,Barcelona,Real Madrid,La Liga,2015/2016,9c69a013-d1b4-4295-b701-4bb8498304a4,198,1,00:05:38.645000,5,38,Carry,Barcelona,Daniel Alves da Silva,Right Back,7,Barcelona,76.0,77.1,0.171635,,,,,,,,,,,75.2,74.5,,,,,,,,,,,,,
267533,2016-04-02,Barcelona,Real Madrid,La Liga,2015/2016,1b801ed5-37ea-410b-9cbf-9e562114d699,199,1,00:05:38.817000,5,38,Pass,Barcelona,Daniel Alves da Silva,Right Back,7,Barcelona,75.2,74.5,1.2,,,,Lionel Andrés Messi Cuccittini,76.0,54.8,19.716236,-1.5302095,Ground Pass,,,,,,,,,,,,,,,,
267533,2016-04-02,Barcelona,Real Madrid,La Liga,2015/2016,88f988a1-cb6e-45b0-81c3-6297a5eef14d,200,1,00:05:39.946000,5,39,Pressure,Real Madrid,Carlos Henrique Casimiro,Center Defensive Midfield,7,Barcelona,41.5,24.3,1.985598,,,,,,,,,,,,,,,,,,,,,,,,,
267533,2016-04-02,Barcelona,Real Madrid,La Liga,2015/2016,e5b2b664-9df0-44e1-819d-4316c5ccd603,201,1,00:05:40.017000,5,40,Ball Receipt*,Barcelona,Lionel Andrés Messi Cuccittini,Center Forward,7,Barcelona,76.0,54.8,,True,,,,,,,,,,,,,,,,,,,,,,,,
267533,2016-04-02,Barcelona,Real Madrid,La Liga,2015/2016,a2899265-1102-409c-8aa5-09141f944e84,202,1,00:05:40.017000,5,40,Carry,Barcelona,Lionel Andrés Messi Cuccittini,Center Forward,7,Barcelona,76.0,54.8,4.0,True,,,,,,,,,,70.1,51.2,,,,,,,,,,,,,
267533,2016-04-02,Barcelona,Real Madrid,La Liga,2015/2016,af9b2918-1776-45d5-8694-846ad9bd918b,203,1,00:05:43.150000,5,43,Pressure,Real Madrid,Toni Kroos,Left Center Midfield,7,Barcelona,45.5,24.9,0.609367,,,,,,,,,,,,,,,,,,,,,,,,,
267533,2016-04-02,Barcelona,Real Madrid,La Liga,2015/2016,2717f7d5-7884-4626-9e84-7d4a5adb27cb,204,1,00:05:44.017000,5,44,Pass,Barcelona,Lionel Andrés Messi Cuccittini,Center Forward,7,Barcelona,70.1,51.2,0.8,,,,Neymar da Silva Santos Junior,80.6,56.2,11.6297035,0.4444192,Ground Pass,,,,,,,,,,,,,,,,
267533,2016-04-02,Barcelona,Real Madrid,La Liga,2015/2016,ed20e673-2090-472d-8f5c-20cbce3f8b85,205,1,00:05:44.817000,5,44,Ball Receipt*,Barcelona,Neymar da Silva Santos Junior,Left Wing,7,Barcelona,80.6,56.2,,,,,,,,,,,,,,,,,,,,,,,,,,
267533,2016-04-02,Barcelona,Real Madrid,La Liga,2015/2016,82a1036a-ac10-408d-9357-93c3106c2ea4,206,1,00:05:44.817000,5,44,Carry,Barcelona,Neymar da Silva Santos Junior,Left Wing,7,Barcelona,80.6,56.2,0.04,,,,,,,,,,,79.8,56.2,,,,,,,,,,,,,
267533,2016-04-02,Barcelona,Real Madrid,La Liga,2015/2016,58950d69-47f5-4e88-b68b-c95091648182,207,1,00:05:44.857000,5,44,Pass,Barcelona,Neymar da Silva Santos Junior,Left Wing,7,Barcelona,79.8,56.2,0.8,,,,Ivan Rakitić,70.7,63.3,11.542097,2.4790297,Ground Pass,,,,,,,,,,,,,,,,
267533,2016-04-02,Barcelona,Real Madrid,La Liga,2015/2016,5a3c7f4f-066f-4fdf-b565-75a3c2610038,208,1,00:05:45.657000,5,45,Ball Receipt*,Barcelona,Ivan Rakitić,Right Center Midfield,7,Barcelona,70.7,63.3,,,,,,,,,,,,,,,,,,,,,,,,,,
267533,2016-04-02,Barcelona,Real Madrid,La Liga,2015/2016,b22221a9-6d11-4e57-ab93-49b3a143fef6,209,1,00:05:45.657000,5,45,Carry,Barcelona,Ivan Rakitić,Right Center Midfield,7,Barcelona,70.7,63.3,0.8,,,,,,,,,,,70.7,67.1,,,,,,,,,,,,,
267533,2016-04-02,Barcelona,Real Madrid,La Liga,2015/2016,a5e035b2-fb9f-459f-afcb-c100a857e085,210,1,00:05:46.457000,5,46,Pass,Barcelona,Ivan Rakitić,Right Center Midfield,7,Barcelona,70.7,67.1,0.9124,,,,Daniel Alves da Silva,77.5,76.4,11.520851,0.9394474,Ground Pass,,,,,,,,,,,,,,,,
267533,2016-04-02,Barcelona,Real Madrid,La Liga,2015/2016,d1124d08-4d40-4cdd-a440-4c2f37ae1ac0,211,1,00:05:47.369000,5,47,Ball Receipt*,Barcelona,Daniel Alves da Silva,Right Back,7,Barcelona,77.5,76.4,,,,,,,,,,,,,,,,,,,,,,,,,,
267533,2016-04-02,Barcelona,Real Madrid,La Liga,2015/2016,e715029e-55e3-4a68-a7ad-e8a983b03d6b,212,1,00:05:47.369000,5,47,Carry,Barcelona,Daniel Alves da Silva,Right Back,7,Barcelona,77.5,76.4,0.040000003,,,,,,,,,,,77.8,76.5,,,,,,,,,,,,,
267533,2016-04-02,Barcelona,Real Madrid,La Liga,2015/2016,962d313f-5ec1-4322-b7d0-0c2d4f8836ec,213,1,00:05:47.409000,5,47,Pass,Barcelona,Daniel Alves da Silva,Right Back,7,Barcelona,77.8,76.5,1.2,,,,Ivan Rakitić,71.8,70.5,8.485281,-2.3561945,Ground Pass,,,,,,,,,,,,,,,,
267533,2016-04-02,Barcelona,Real Madrid,La Liga,2015/2016,ee1f36a6-279d-4cfc-ac53-ce45bcf9c99a,214,1,00:05:48.225000,5,48,Pressure,Real Madrid,Toni Kroos,Left Center Midfield,7,Barcelona,44.6,12.4,1.052749,,,,,,,,,,,,,,,,,,,,,,,,,
267533,2016-04-02,Barcelona,Real Madrid,La Liga,2015/2016,0fd999d4-9b0a-4a98-a0b1-ddc4f61d0071,215,1,00:05:48.609000,5,48,Ball Receipt*,Barcelona,Ivan Rakitić,Right Center Midfield,7,Barcelona,71.8,70.5,,True,,,,,,,,,,,,,,,,,,,,,,,,
267533,2016-04-02,Barcelona,Real Madrid,La Liga,2015/2016,efb4f48c-c0e8-4120-859b-aa532546e339,216,1,00:05:48.609000,5,48,Carry,Barcelona,Ivan Rakitić,Right Center Midfield,7,Barcelona,71.8,70.5,0.776094,True,,,,,,,,,,69.0,69.1,,,,,,,,,,,,,
267533,2016-04-02,Barcelona,Real Madrid,La Liga,2015/2016,028682dc-85c4-4493-a49c-01a4f2fd69c7,217,1,00:05:49.385000,5,49,Pass,Barcelona,Ivan Rakitić,Right Center Midfield,7,Barcelona,69.0,69.1,1.639906,,,,Gerard Piqué Bernabéu,55.5,62.0,15.253197,-2.6574202,Ground Pass,,,,,,,,,,,,,,,,
267533,2016-04-02,Barcelona,Real Madrid,La Liga,2015/2016,ffa791dd-29eb-4a00-95ab-019c2f84eef9,218,1,00:05:51.025000,5,51,Ball Receipt*,Barcelona,Gerard Piqué Bernabéu,Right Center Back,7,Barcelona,55.5,62.0,,,,,,,,,,,,,,,,,,,,,,,,,,
267533,2016-04-02,Barcelona,Real Madrid,La Liga,2015/2016,865590d0-8821-4bc8-9d5a-d422ef95f18e,219,1,00:05:51.025000,5,51,Carry,Barcelona,Gerard Piqué Bernabéu,Right Center Back,7,Barcelona,55.5,62.0,3.294383,,,,,,,,,,,56.5,57.4,,,,,,,,,,,,,
267533,2016-04-02,Barcelona,Real Madrid,La Liga,2015/2016,9643911c-0882-4255-b6fa-37a1728b2c77,220,1,00:05:54.319000,5,54,Pass,Barcelona,Gerard Piqué Bernabéu,Right Center Back,7,Barcelona,56.5,57.4,1.784217,,,,Daniel Alves da Silva,70.9,76.8,24.160297,0.93226206,Ground Pass,,,,,,,,,,,,,,,,
267533,2016-04-02,Barcelona,Real Madrid,La Liga,2015/2016,7eb15a82-a327-4913-a3b3-75a085c4095b,221,1,00:05:56.104000,5,56,Ball Receipt*,Barcelona,Daniel Alves da Silva,Right Back,7,Barcelona,70.9,76.8,,,,,,,,,,,,,,,,,,,,,,,,,,
267533,2016-04-02,Barcelona,Real Madrid,La Liga,2015/2016,30487fa9-cae9-498c-97d4-d0e5b96d1946,222,1,00:05:56.104000,5,56,Carry,Barcelona,Daniel Alves da Silva,Right Back,7,Barcelona,70.9,76.8,2.802819,,,,,,,,,,,70.1,73.6,,,,,,,,,,,,,
267533,2016-04-02,Barcelona,Real Madrid,La Liga,2015/2016,3b14006b-bde2-424b-bae6-633e453f6a64,223,1,00:05:58.906000,5,58,Pass,Barcelona,Daniel Alves da Silva,Right Back,7,Barcelona,70.1,73.6,1.138781,,,,Lionel Andrés Messi Cuccittini,90.3,56.5,26.466017,-0.7024788,High Pass,,,,,,,,,,,,,,,,
267533,2016-04-02,Barcelona,Real Madrid,La Liga,2015/2016,576017ca-b6d0-40bf-a648-51c6afbf8aea,224,1,00:06:00.045000,6,0,Ball Receipt*,Barcelona,Lionel Andrés Messi Cuccittini,Center Forward,7,Barcelona,90.3,56.5,,,,,,,,,,,,,,,,,,,,,,,,,,
267533,2016-04-02,Barcelona,Real Madrid,La Liga,2015/2016,8ef216f5-07bb-4f33-9d69-06a882bc8842,225,1,00:06:00.085000,6,0,Pass,Barcelona,Lionel Andrés Messi Cuccittini,Center Forward,7,Barcelona,90.3,56.5,4.606958,,,,Neymar da Silva Santos Junior,119.3,72.4,33.0728,0.50151855,High Pass,Out,,,,,,,,,,,,,,,
267533,2016-04-02,Barcelona,Real Madrid,La Liga,2015/2016,a4c9c230-c83f-459c-92fe-7ff1e39358c4,226,1,00:06:04.692000,6,4,Ball Receipt*,Barcelona,Neymar da Silva Santos Junior,Left Wing,7,Barcelona,113.6,75.1,,,,,,,,,,,,,,,,,,,,,,,,,,
267533,2016-04-02,Barcelona,Real Madrid,La Liga,2015/2016,d3fde5c2-335c-4c20-b3c6-e118f67b6127,227,1,00:06:17.347000,6,17,Pass,Real Madrid,Keylor Navas Gamboa,Goalkeeper,8,Real Madrid,7.0,36.1,2.133124,,,,Sergio Ramos García,14.4,10.4,26.744158,-1.2904422,Ground Pass,,,,,,,,,,,,,,,,
267533,2016-04-02,Barcelona,Real Madrid,La Liga,2015/2016,021bf0e9-f4a7-4f58-bff0-8f3025e99efa,228,1,00:06:19.480000,6,19,Ball Receipt*,Real Madrid,Sergio Ramos García,Left Center Back,8,Real Madrid,14.4,10.4,,,,,,,,,,,,,,,,,,,,,,,,,,
267533,2016-04-02,Barcelona,Real Madrid,La Liga,2015/2016,57dcaa68-da39-4616-a609-fc001c25b37a,229,1,00:06:19.480000,6,19,Carry,Real Madrid,Sergio Ramos García,Left Center Back,8,Real Madrid,14.4,10.4,3.066376,,,,,,,,,,,15.6,3.7,,,,,,,,,,,,,
267533,2016-04-02,Barcelona,Real Madrid,La Liga,2015/2016,41145cbe-185b-4117-a78e-266773d15aa8,230,1,00:06:22.547000,6,22,Pass,Real Madrid,Sergio Ramos García,Left Center Back,8,Real Madrid,15.6,3.7,3.9454,,,,Cristiano Ronaldo dos Santos Aveiro,77.6,7.1,62.093155,0.054783836,High Pass,Incomplete,,,,,,,,,,,,,,,
267533,2016-04-02,Barcelona,Real Madrid,La Liga,2015/2016,4615bf2b-8c6d-474c-8e39-cb00dfe431c7,231,1,00:06:26.492000,6,26,Ball Receipt*,Real Madrid,Cristiano Ronaldo dos Santos Aveiro,Left Wing,8,Real Madrid,62.8,4.7,,,,,,,,,,,,,,,,,,,,,,,,,,
267533,2016-04-02,Barcelona,Real Madrid,La Liga,2015/2016,6b733b51-c18e-46ea-9c8f-1301bdeb569c,232,1,00:06:26.492000,6,26,Clearance,Barcelona,Gerard Piqué Bernabéu,Right Center Back,8,Real Madrid,42.5,73.0,0.0,True,,,,,,,,,,,,,,,,,,,,,,,,
267533,2016-04-02,Barcelona,Real Madrid,La Liga,2015/2016,98b6fc2f-2cfe-4a5d-904d-ab3d36485537,233,1,00:06:29.785000,6,29,Pass,Real Madrid,Carlos Henrique Casimiro,Center Defensive Midfield,8,Real Madrid,57.5,26.9,3.052111,,,,Karim Benzema,84.1,27.8,26.615221,0.033821683,High Pass,Incomplete,,,,,,,,,,,,,,,
267533,2016-04-02,Barcelona,Real Madrid,La Liga,2015/2016,cd0c38d7-3733-4aca-8e2f-dc604509d1d2,234,1,00:06:32.837000,6,32,Ball Receipt*,Real Madrid,Karim Benzema,Center Forward,8,Real Madrid,78.7,33.0,,,,,,,,,,,,,,,,,,,,,,,,,,
267533,2016-04-02,Barcelona,Real Madrid,La Liga,2015/2016,67e3687a-942d-4ae0-a366-4e312568bace,235,1,00:06:32.837000,6,32,Clearance,Barcelona,Gerard Piqué Bernabéu,Right Center Back,8,Real Madrid,36.0,52.3,0.0,True,,,,,,,,,,,,,,,,,,,,,,,,
267533,2016-04-02,Barcelona,Real Madrid,La Liga,2015/2016,c86f6569-38e9-46f4-b244-d27fe945c979,236,1,00:06:34.768000,6,34,Pass,Barcelona,Sergio Busquets i Burgos,Center Defensive Midfield,8,Real Madrid,52.4,58.9,1.623445,,,,,62.4,71.0,15.697452,0.8801363,Low Pass,Incomplete,,,,,,,,,,,,,,,
267533,2016-04-02,Barcelona,Real Madrid,La Liga,2015/2016,1cc96b06-fce6-4840-b5ca-4eef420e58c6,237,1,00:06:36.392000,6,36,Pass,Real Madrid,Marcelo Vieira da Silva Júnior,Left Back,8,Real Madrid,57.7,9.1,0.957865,,,,Cristiano Ronaldo dos Santos Aveiro,70.7,5.9,13.388055,-0.2413555,Low Pass,,,,,,,,,,,,,,,,
267533,2016-04-02,Barcelona,Real Madrid,La Liga,2015/2016,0ad114a9-58c2-4cf8-bdaf-3966101f8a2a,238,1,00:06:37.349000,6,37,Ball Receipt*,Real Madrid,Cristiano Ronaldo dos Santos Aveiro,Left Wing,8,Real Madrid,70.7,5.9,,,,,,,,,,,,,,,,,,,,,,,,,,
267533,2016-04-02,Barcelona,Real Madrid,La Liga,2015/2016,dd1b7bf2-a05c-42c9-9b96-50376aed87dc,239,1,00:06:37.349000,6,37,Carry,Real Madrid,Cristiano Ronaldo dos Santos Aveiro,Left Wing,8,Real Madrid,70.7,5.9,3.120746,True,,,,,,,,,,63.3,9.0,,,,,,,,,,,,,
267533,2016-04-02,Barcelona,Real Madrid,La Liga,2015/2016,ce5ae0d6-2ddd-419c-b479-1868ed552a41,240,1,00:06:37.598000,6,37,Pressure,Barcelona,Daniel Alves da Silva,Right Back,8,Real Madrid,44.7,73.1,2.28781,,,,,,,,,,,,,,,,,,,,,,,,,
267533,2016-04-02,Barcelona,Real Madrid,La Liga,2015/2016,90a7e711-1b17-4bbe-8da0-fece7934e4cb,241,1,00:06:40.470000,6,40,Foul Committed,Barcelona,Daniel Alves da Silva,Right Back,8,Real Madrid,56.8,71.1,0.0,,,,,,,,,,,,,,,,,,,,,,,,,
267533,2016-04-02,Barcelona,Real Madrid,La Liga,2015/2016,26b48085-89e3-4370-aa87-569bce795b87,242,1,00:06:40.470000,6,40,Foul Won,Real Madrid,Cristiano Ronaldo dos Santos Aveiro,Left Wing,8,Real Madrid,63.3,9.0,0.0,True,,,,,,,,,,,,,,,,,,,,,,,,
267533,2016-04-02,Barcelona,Real Madrid,La Liga,2015/2016,98da559f-d18d-4bab-8d32-622598b9262c,243,1,00:06:58.031000,6,58,Pass,Real Madrid,Toni Kroos,Left Center Midfield,9,Real Madrid,59.7,10.7,1.317316,,,,Sergio Ramos García,50.6,20.5,13.373481,2.3191743,Ground Pass,,,,,,,,,,,,,,,,
267533,2016-04-02,Barcelona,Real Madrid,La Liga,2015/2016,04cdec0e-8a8f-4c9f-99c4-f4ef1eaf4377,244,1,00:06:59.348000,6,59,Ball Receipt*,Real Madrid,Sergio Ramos García,Left Center Back,9,Real Madrid,50.6,20.5,,,,,,,,,,,,,,,,,,,,,,,,,,
267533,2016-04-02,Barcelona,Real Madrid,La Liga,2015/2016,f3a8424f-12e2-4676-8522-16ebfba68bf7,245,1,00:06:59.348000,6,59,Carry,Real Madrid,Sergio Ramos García,Left Center Back,9,Real Madrid,50.6,20.5,1.483984,,,,,,,,,,,50.3,30.3,,,,,,,,,,,,,
267533,2016-04-02,Barcelona,Real Madrid,La Liga,2015/2016,67f85567-1f9d-44fa-8e9a-cca68e4f5eb7,246,1,00:07:00.832000,7,0,Pass,Real Madrid,Sergio Ramos García,Left Center Back,9,Real Madrid,50.3,30.3,3.4182,,,,Gareth Frank Bale,94.4,70.1,59.404125,0.7341915,High Pass,Pass Offside,,,,,,,,,,,,,,,
267533,2016-04-02,Barcelona,Real Madrid,La Liga,2015/2016,c08b650b-e110-4b7e-b281-52f3bce57908,247,1,00:07:04.250000,7,4,Ball Receipt*,Real Madrid,Gareth Frank Bale,Right Wing,9,Real Madrid,94.4,70.1,,,,,,,,,,,,,,,,,,,,,,,,,,
267533,2016-04-02,Barcelona,Real Madrid,La Liga,2015/2016,b7251252-1063-4553-8aef-f9b40721586a,248,1,00:07:18.411000,7,18,Pass,Barcelona,Javier Alejandro Mascherano,Left Center Back,10,Barcelona,26.5,11.9,2.9814,,True,,Gerard Piqué Bernabéu,29.2,54.9,43.084682,1.508088,Ground Pass,,,,,,,,,,,,,,,,
267533,2016-04-02,Barcelona,Real Madrid,La Liga,2015/2016,8d5dc048-36c8-45a9-80ec-7c6589f71257,249,1,00:07:21.392000,7,21,Ball Receipt*,Barcelona,Gerard Piqué Bernabéu,Right Center Back,10,Barcelona,29.2,54.9,,,,,,,,,,,,,,,,,,,,,,,,,,
267533,2016-04-02,Barcelona,Real Madrid,La Liga,2015/2016,f018b63c-a297-4c8f-929d-80c62891d7cd,250,1,00:07:23.046000,7,23,Pass,Barcelona,Gerard Piqué Bernabéu,Right Center Back,10,Barcelona,18.3,47.2,2.416802,,True,,Javier Alejandro Mascherano,26.3,18.8,29.505253,-1.296221,Ground Pass,,,,,,,,,,,,,,,,
267533,2016-04-02,Barcelona,Real Madrid,La Liga,2015/2016,f5ed9c02-2e84-4025-a869-b59d11cc4aa0,251,1,00:07:25.463000,7,25,Ball Receipt*,Barcelona,Javier Alejandro Mascherano,Left Center Back,10,Barcelona,26.3,18.8,,,,,,,,,,,,,,,,,,,,,,,,,,
267533,2016-04-02,Barcelona,Real Madrid,La Liga,2015/2016,1e71407e-406e-4eff-bcdf-95afd7bfdcdd,252,1,00:07:30.861000,7,30,Pass,Barcelona,Javier Alejandro Mascherano,Left Center Back,10,Barcelona,37.3,17.1,1.843176,,,,Gerard Piqué Bernabéu,34.8,47.1,30.103987,1.6539376,Ground Pass,,,,,,,,,,,,,,,,
267533,2016-04-02,Barcelona,Real Madrid,La Liga,2015/2016,785c0cb7-04ca-4a23-82fc-c80490467e9a,253,1,00:07:32.705000,7,32,Ball Receipt*,Barcelona,Gerard Piqué Bernabéu,Right Center Back,10,Barcelona,34.8,47.1,,,,,,,,,,,,,,,,,,,,,,,,,,
267533,2016-04-02,Barcelona,Real Madrid,La Liga,2015/2016,fb71eadf-ec9e-4057-bcb3-501dcf616163,254,1,00:07:32.705000,7,32,Carry,Barcelona,Gerard Piqué Bernabéu,Right Center Back,10,Barcelona,34.8,47.1,5.915882,,,,,,,,,,,50.2,53.2,,,,,,,,,,,,,
267533,2016-04-02,Barcelona,Real Madrid,La Liga,2015/2016,19aaa552-7656-4ecb-a818-ed91ae211526,255,1,00:07:38.620000,7,38,Pass,Barcelona,Gerard Piqué Bernabéu,Right Center Back,10,Barcelona,50.2,53.2,1.426,,,,Javier Alejandro Mascherano,43.3,33.3,21.062288,-1.9045583,Ground Pass,,,,,,,,,,,,,,,,
267533,2016-04-02,Barcelona,Real Madrid,La Liga,2015/2016,c48dbd17-faf5-4c92-be22-2967518bc9db,256,1,00:07:40.046000,7,40,Ball Receipt*,Barcelona,Javier Alejandro Mascherano,Left Center Back,10,Barcelona,43.3,33.3,,,,,,,,,,,,,,,,,,,,,,,,,,
267533,2016-04-02,Barcelona,Real Madrid,La Liga,2015/2016,b7e11c46-f6b6-4005-a5dc-11e8c3e397da,257,1,00:07:40.046000,7,40,Carry,Barcelona,Javier Alejandro Mascherano,Left Center Back,10,Barcelona,43.3,33.3,1.1426,,,,,,,,,,,47.3,30.7,,,,,,,,,,,,,
267533,2016-04-02,Barcelona,Real Madrid,La Liga,2015/2016,43fc22c7-bee0-4546-8028-61a3c6030527,258,1,00:07:41.189000,7,41,Pass,Barcelona,Javier Alejandro Mascherano,Left Center Back,10,Barcelona,47.3,30.7,1.3557,,,,Sergio Busquets i Burgos,57.5,35.6,11.315918,0.44783866,Ground Pass,,,,,,,,,,,,,,,,
267533,2016-04-02,Barcelona,Real Madrid,La Liga,2015/2016,7632a2fa-214c-436c-8cc5-1e6a85eff5c2,259,1,00:07:42.545000,7,42,Ball Receipt*,Barcelona,Sergio Busquets i Burgos,Center Defensive Midfield,10,Barcelona,57.5,35.6,,,,,,,,,,,,,,,,,,,,,,,,,,
267533,2016-04-02,Barcelona,Real Madrid,La Liga,2015/2016,b6daa0a6-0dc7-4e62-983a-2162b19a72ae,260,1,00:07:42.545000,7,42,Carry,Barcelona,Sergio Busquets i Burgos,Center Defensive Midfield,10,Barcelona,57.5,35.6,2.9118,,,,,,,,,,,69.2,25.8,,,,,,,,,,,,,
267533,2016-04-02,Barcelona,Real Madrid,La Liga,2015/2016,76cbad5f-aea5-4822-98c0-04a09220b8a7,261,1,00:07:45.457000,7,45,Pass,Barcelona,Sergio Busquets i Burgos,Center Defensive Midfield,10,Barcelona,69.2,25.8,1.076943,,,,Andrés Iniesta Luján,84.5,4.8,25.982494,-0.94115114,High Pass,,,,,,,,,,,,,,,,
267533,2016-04-02,Barcelona,Real Madrid,La Liga,2015/2016,f9abc139-77d9-4b91-9583-887e67d97602,262,1,00:07:46.533000,7,46,Ball Receipt*,Barcelona,Andrés Iniesta Luján,Left Center Midfield,10,Barcelona,84.5,4.8,,,,,,,,,,,,,,,,,,,,,,,,,,
267533,2016-04-02,Barcelona,Real Madrid,La Liga,2015/2016,2196834a-88ee-4395-9975-5dfbbce24d70,263,1,00:07:46.533000,7,46,Carry,Barcelona,Andrés Iniesta Luján,Left Center Midfield,10,Barcelona,84.5,4.8,2.486145,True,,,,,,,,,,97.4,8.7,,,,,,,,,,,,,
267533,2016-04-02,Barcelona,Real Madrid,La Liga,2015/2016,3f797d41-df63-4491-b2b2-5b6ce2078162,264,1,00:07:47.827000,7,47,Pressure,Real Madrid,Daniel Carvajal Ramos,Right Back,10,Barcelona,21.5,69.1,1.052801,,,,,,,,,,,,,,,,,,,,,,,,,
267533,2016-04-02,Barcelona,Real Madrid,La Liga,2015/2016,bcf1e632-c35a-4dbf-890d-747839116961,265,1,00:07:49.020000,7,49,Dribbled Past,Real Madrid,Daniel Carvajal Ramos,Right Back,10,Barcelona,22.7,71.4,0.0,,,,,,,,,,,,,,,,,,,,,,,,,
267533,2016-04-02,Barcelona,Real Madrid,La Liga,2015/2016,10917066-90e1-4560-b083-398496568c1b,266,1,00:07:49.020000,7,49,Dribble,Barcelona,Andrés Iniesta Luján,Left Center Midfield,10,Barcelona,97.4,8.7,0.0,True,,,,,,,,,,,,,,,,,,,,,,,,
267533,2016-04-02,Barcelona,Real Madrid,La Liga,2015/2016,f35840ed-4173-4eb1-b14d-0f1cd15d6a01,267,1,00:07:49.020000,7,49,Carry,Barcelona,Andrés Iniesta Luján,Left Center Midfield,10,Barcelona,97.4,8.7,0.685612,True,,,,,,,,,,96.5,12.4,,,,,,,,,,,,,
267533,2016-04-02,Barcelona,Real Madrid,La Liga,2015/2016,8c378e2f-9ad5-4118-8126-5b27067aefec,268,1,00:07:49.705000,7,49,Pass,Barcelona,Andrés Iniesta Luján,Left Center Midfield,10,Barcelona,96.5,12.4,1.9153,,,,Luis Alberto Suárez Díaz,116.8,29.6,26.606955,0.70291907,Ground Pass,Incomplete,,,,,,,,,,,,,,,
267533,2016-04-02,Barcelona,Real Madrid,La Liga,2015/2016,7ce70a5a-72d6-43bf-8bcd-411c67e5b2cd,269,1,00:07:51.621000,7,51,Ball Receipt*,Barcelona,Luis Alberto Suárez Díaz,Right Wing,10,Barcelona,110.4,26.7,,,,,,,,,,,,,,,,,,,,,,,,,,
267533,2016-04-02,Barcelona,Real Madrid,La Liga,2015/2016,32242515-5629-4925-bd99-5c9a7323a1df,270,1,00:07:51.621000,7,51,Ball Recovery,Real Madrid,Keylor Navas Gamboa,Goalkeeper,11,Real Madrid,3.3,50.5,0.0,,,,,,,,,,,,,,,,,,,,,,,,,
267533,2016-04-02,Barcelona,Real Madrid,La Liga,2015/2016,dac673d2-eb69-4878-adb4-3e5a53a183c3,271,1,00:07:51.621000,7,51,Carry,Real Madrid,Keylor Navas Gamboa,Goalkeeper,11,Real Madrid,3.3,50.5,13.123632,,,,,,,,,,,13.7,31.0,,,,,,,,,,,,,
267533,2016-04-02,Barcelona,Real Madrid,La Liga,2015/2016,816b75c9-4f4b-48cd-a99a-31b4e009ab2c,272,1,00:08:04.744000,8,4,Pass,Real Madrid,Keylor Navas Gamboa,Goalkeeper,11,Real Madrid,13.7,31.0,1.6778,,,,Sergio Ramos García,19.8,11.0,20.909567,-1.2747587,Ground Pass,,,,,,,,,,,,,,,,
267533,2016-04-02,Barcelona,Real Madrid,La Liga,2015/2016,81033636-a07b-46ac-b546-8bb8c849b792,273,1,00:08:06.422000,8,6,Ball Receipt*,Real Madrid,Sergio Ramos García,Left Center Back,11,Real Madrid,19.8,11.0,,,,,,,,,,,,,,,,,,,,,,,,,,
267533,2016-04-02,Barcelona,Real Madrid,La Liga,2015/2016,b721817a-c6b4-438c-8130-baa9afba10e3,274,1,00:08:06.422000,8,6,Carry,Real Madrid,Sergio Ramos García,Left Center Back,11,Real Madrid,19.8,11.0,1.353968,,,,,,,,,,,22.1,10.8,,,,,,,,,,,,,
267533,2016-04-02,Barcelona,Real Madrid,La Liga,2015/2016,2b4aab44-8455-470b-ad13-c6e91e1e8bd2,275,1,00:08:07.776000,8,7,Pass,Real Madrid,Sergio Ramos García,Left Center Back,11,Real Madrid,22.1,10.8,1.018,,,,Marcelo Vieira da Silva Júnior,33.6,3.6,13.567977,-0.5593806,Ground Pass,,,,,,,,,,,,,,,,
267533,2016-04-02,Barcelona,Real Madrid,La Liga,2015/2016,d9808df7-fe8f-44f8-9408-29ba9494569b,276,1,00:08:08.794000,8,8,Ball Receipt*,Real Madrid,Marcelo Vieira da Silva Júnior,Left Back,11,Real Madrid,33.6,3.6,,,,,,,,,,,,,,,,,,,,,,,,,,
267533,2016-04-02,Barcelona,Real Madrid,La Liga,2015/2016,b19ec923-7156-4bad-b1f1-d9f34efbf0cd,277,1,00:08:08.794000,8,8,Carry,Real Madrid,Marcelo Vieira da Silva Júnior,Left Back,11,Real Madrid,33.6,3.6,3.2474,True,,,,,,,,,,21.0,4.7,,,,,,,,,,,,,
267533,2016-04-02,Barcelona,Real Madrid,La Liga,2015/2016,922929be-66f0-43f4-8731-54316417c784,278,1,00:08:09.998000,8,9,Pressure,Barcelona,Ivan Rakitić,Right Center Midfield,11,Real Madrid,85.5,74.8,2.731465,,,,,,,,,,,,,,,,,,,,,,,,,
267533,2016-04-02,Barcelona,Real Madrid,La Liga,2015/2016,c5e6afce-188c-436d-b817-476b80f6b567,279,1,00:08:12.041000,8,12,Pass,Real Madrid,Marcelo Vieira da Silva Júnior,Left Back,11,Real Madrid,21.0,4.7,2.2967,True,,,Carlos Henrique Casimiro,29.0,21.3,18.427155,1.1217108,Low Pass,,,,,,,,,,,,,,,,
267533,2016-04-02,Barcelona,Real Madrid,La Liga,2015/2016,b061f868-50a3-4dfd-a95c-fab4d119178b,280,1,00:08:13.627000,8,13,Pressure,Barcelona,Sergio Busquets i Burgos,Center Defensive Midfield,11,Real Madrid,89.5,62.3,1.026776,,,,,,,,,,,,,,,,,,,,,,,,,
267533,2016-04-02,Barcelona,Real Madrid,La Liga,2015/2016,80b92228-8cfa-4214-a16d-0aabde046465,281,1,00:08:14.338000,8,14,Ball Receipt*,Real Madrid,Carlos Henrique Casimiro,Center Defensive Midfield,11,Real Madrid,29.0,21.3,,True,,,,,,,,,,,,,,,,,,,,,,,,
267533,2016-04-02,Barcelona,Real Madrid,La Liga,2015/2016,83b76d2a-5e21-4251-aec7-a2b374d39f06,282,1,00:08:14.338000,8,14,Carry,Real Madrid,Carlos Henrique Casimiro,Center Defensive Midfield,11,Real Madrid,29.0,21.3,0.801112,True,,,,,,,,,,29.8,21.8,,,,,,,,,,,,,
267533,2016-04-02,Barcelona,Real Madrid,La Liga,2015/2016,c89d47fb-db2f-4e9b-ae17-267147901120,283,1,00:08:15.139000,8,15,Foul Committed,Barcelona,Sergio Busquets i Burgos,Center Defensive Midfield,11,Real Madrid,90.3,58.3,0.0,,,,,,,,,,,,,,,,,,,,,,,,,
267533,2016-04-02,Barcelona,Real Madrid,La Liga,2015/2016,d7f9772d-f83a-4a35-a6f3-2ffec7e86ac5,284,1,00:08:15.139000,8,15,Foul Won,Real Madrid,Carlos Henrique Casimiro,Center Defensive Midfield,11,Real Madrid,29.8,21.8,0.0,True,,,,,,,,,,,,,,,,,,,,,,,,
267533,2016-04-02,Barcelona,Real Madrid,La Liga,2015/2016,095b6209-4dac-4167-a133-fce3ffa12f41,285,1,00:08:22.679000,8,22,Pass,Real Madrid,Sergio Ramos García,Left Center Back,12,Real Madrid,29.6,23.3,0.81292,,,,Cristiano Ronaldo dos Santos Aveiro,49.7,23.3,20.1,0.0,Low Pass,,,,,,,,,,,,,,,,
267533,2016-04-02,Barcelona,Real Madrid,La Liga,2015/2016,042df133-c648-4be0-bed7-908cfeb4ed74,286,1,00:08:23.491000,8,23,Ball Receipt*,Real Madrid,Cristiano Ronaldo dos Santos Aveiro,Left Wing,12,Real Madrid,49.7,23.3,,,,,,,,,,,,,,,,,,,,,,,,,,
267533,2016-04-02,Barcelona,Real Madrid,La Liga,2015/2016,41c8dabf-7fc3-4bcd-8f7a-5669838160af,287,1,00:08:23.491000,8,23,Carry,Real Madrid,Cristiano Ronaldo dos Santos Aveiro,Left Wing,12,Real Madrid,49.7,23.3,2.578531,True,,,,,,,,,,65.1,22.1,,,,,,,,,,,,,
267533,2016-04-02,Barcelona,Real Madrid,La Liga,2015/2016,f12319f7-79ce-4200-9b32-abc6cb12179c,288,1,00:08:24.485000,8,24,Pressure,Barcelona,Ivan Rakitić,Right Center Midfield,12,Real Madrid,67.5,61.9,1.792528,,,,,,,,,,,,,,,,,,,,,,,,,
267533,2016-04-02,Barcelona,Real Madrid,La Liga,2015/2016,b562d824-d6f9-483c-8a91-ddb32ea31ae2,289,1,00:08:26.070000,8,26,Foul Committed,Barcelona,Ivan Rakitić,Right Center Midfield,12,Real Madrid,55.0,58.0,0.0,,,,,,,,,,,,,,,,,,,,,,,,,
267533,2016-04-02,Barcelona,Real Madrid,La Liga,2015/2016,22109a79-79dd-48ac-9d67-0b08313bdb67,290,1,00:08:26.070000,8,26,Foul Won,Real Madrid,Cristiano Ronaldo dos Santos Aveiro,Left Wing,12,Real Madrid,65.1,22.1,0.0,True,,,,,,,,,,,,,,,,,,,,,True,,,
267533,2016-04-02,Barcelona,Real Madrid,La Liga,2015/2016,c5f74fc9-05ff-4dee-b723-d0eb6a6f9117,291,1,00:08:26.070000,8,26,Carry,Real Madrid,Cristiano Ronaldo dos Santos Aveiro,Left Wing,12,Real Madrid,65.1,22.1,7.468256,True,,,,,,,,,,109.7,5.7,,,,,,,,,,,,,
267533,2016-04-02,Barcelona,Real Madrid,La Liga,2015/2016,73a88223-48e7-49fd-ad78-e90721ed2b1d,292,1,00:08:33.538000,8,33,Dribble,Real Madrid,Cristiano Ronaldo dos Santos Aveiro,Left Wing,12,Real Madrid,109.7,5.7,0.0,True,,,,,,,,,,,,,,,,,,,,,,,,
267533,2016-04-02,Barcelona,Real Madrid,La Liga,2015/2016,032367d8-57ff-4860-8473-35dc65457120,293,1,00:08:33.538000,8,33,Duel,Barcelona,Daniel Alves da Silva,Right Back,12,Real Madrid,10.4,74.4,0.0,True,,,,,,,,,,,,,,,,Tackle,Success Out,,,,,,,
267533,2016-04-02,Barcelona,Real Madrid,La Liga,2015/2016,288bcd30-ac30-465c-b98e-88415f299923,294,1,00:08:56.997000,8,56,Pass,Barcelona,Claudio Andrés Bravo Muñoz,Goalkeeper,13,Barcelona,6.0,44.0,6.360482,,,,Neymar da Silva Santos Junior,91.6,56.2,86.46502,0.14156994,High Pass,,,,,,,,,,,,,,,,
267533,2016-04-02,Barcelona,Real Madrid,La Liga,2015/2016,427ccad8-c1d0-4aab-b96e-7931baaa8fc9,295,1,00:09:03.358000,9,3,Ball Receipt*,Barcelona,Neymar da Silva Santos Junior,Left Wing,13,Barcelona,91.6,56.2,,,,,,,,,,,,,,,,,,,,,,,,,,
267533,2016-04-02,Barcelona,Real Madrid,La Liga,2015/2016,29847e85-6dd9-48e3-8c43-32c8778aa5b8,296,1,00:09:03.358000,9,3,Carry,Barcelona,Neymar da Silva Santos Junior,Left Wing,13,Barcelona,91.6,56.2,1.871255,True,,,,,,,,,,109.8,54.2,,,,,,,,,,,,,
267533,2016-04-02,Barcelona,Real Madrid,La Liga,2015/2016,f5240907-f5ae-46e3-a06c-068f4b5a59d1,297,1,00:09:04.718000,9,4,Pressure,Real Madrid,Kléper Laveran Lima Ferreira,Right Center Back,13,Barcelona,12.5,32.4,0.548399,,,,,,,,,,,,,,,,,,,,,,,,,
267533,2016-04-02,Barcelona,Real Madrid,La Liga,2015/2016,8cdff2d3-535c-4b22-8898-de7703975656,298,1,00:09:05.229000,9,5,Pass,Barcelona,Neymar da Silva Santos Junior,Left Wing,13,Barcelona,109.8,54.2,0.905263,True,,,Luis Alberto Suárez Díaz,110.8,40.0,14.2351675,-1.5004898,Ground Pass,,,,,,,,,,,,,,,,
267533,2016-04-02,Barcelona,Real Madrid,La Liga,2015/2016,689cd1a3-dbac-4856-a2fc-008826e6edfd,299,1,00:09:06.134000,9,6,Ball Receipt*,Barcelona,Luis Alberto Suárez Díaz,Right Wing,13,Barcelona,110.8,40.0,,,,,,,,,,,,,,,,,,,,,,,,,,
267533,2016-04-02,Barcelona,Real Madrid,La Liga,2015/2016,564aa53c-8494-4ddd-b939-7cfabed9733a,300,1,00:09:06.134000,9,6,Carry,Barcelona,Luis Alberto Suárez Díaz,Right Wing,13,Barcelona,110.8,40.0,0.002100001,,,,,,,,,,,110.8,40.0,,,,,,,,,,,,,
267533,2016-04-02,Barcelona,Real Madrid,La Liga,2015/2016,175319f7-3ab0-4b43-95cb-cf0fb59f8140,301,1,00:09:06.137000,9,6,Miscontrol,Barcelona,Luis Alberto Suárez Díaz,Right Wing,13,Barcelona,110.8,40.0,0.0,,,True,,,,,,,,,,,,,,,,,,,,,,
267533,2016-04-02,Barcelona,Real Madrid,La Liga,2015/2016,0d0a28cf-8903-456f-befd-59744d6442c7,302,1,00:09:16.405000,9,16,Bad Behaviour,Real Madrid,Sergio Ramos García,Left Center Back,13,Barcelona,,,0.0,,,,,,,,,,,,,,,,,,,,,,,,,
267533,2016-04-02,Barcelona,Real Madrid,La Liga,2015/2016,d069bd51-8d52-4a95-acd5-c7320d3cd5cb,303,1,00:10:00.247000,10,0,Pass,Real Madrid,Keylor Navas Gamboa,Goalkeeper,14,Real Madrid,7.0,44.1,3.905401,,,,Gareth Frank Bale,71.7,53.9,65.43799,0.15032564,High Pass,,,,,,,,,,,,,,,,
267533,2016-04-02,Barcelona,Real Madrid,La Liga,2015/2016,aa6d7968-55ab-4683-b25f-ca6648f2f3d6,304,1,00:10:04.152000,10,4,Ball Receipt*,Real Madrid,Gareth Frank Bale,Right Wing,14,Real Madrid,71.7,53.9,,,,,,,,,,,,,,,,,,,,,,,,,,
267533,2016-04-02,Barcelona,Real Madrid,La Liga,2015/2016,97c21238-0507-4d8a-bb48-7f18a32ef3fc,305,1,00:10:04.152000,10,4,Pass,Real Madrid,Gareth Frank Bale,Right Wing,14,Real Madrid,71.7,53.9,1.305725,,,,,80.5,40.4,16.1149,-0.9931204,High Pass,Incomplete,,,,,,,,,,,,,,,
267533,2016-04-02,Barcelona,Real Madrid,La Liga,2015/2016,355d19c0-203c-4add-9d21-0c561065785a,306,1,00:10:05.458000,10,5,Ball Recovery,Barcelona,Sergio Busquets i Burgos,Center Defensive Midfield,15,Barcelona,39.6,39.7,0.0,,,,,,,,,,,,,,,,,,,,,,,,,
267533,2016-04-02,Barcelona,Real Madrid,La Liga,2015/2016,7f3ae6fc-2600-4f5a-b668-cbe0d7c69c89,307,1,00:10:05.458000,10,5,Carry,Barcelona,Sergio Busquets i Burgos,Center Defensive Midfield,15,Barcelona,39.6,39.7,2.926783,True,,,,,,,,,,34.8,38.7,,,,,,,,,,,,,
267533,2016-04-02,Barcelona,Real Madrid,La Liga,2015/2016,e704afed-4c9f-42b9-8d68-d2579e02de02,308,1,00:10:07.994000,10,7,Pressure,Real Madrid,Cristiano Ronaldo dos Santos Aveiro,Left Wing,15,Barcelona,90.2,39.1,0.65537,,,,,,,,,,,,,,,,,,,,,,,,,
267533,2016-04-02,Barcelona,Real Madrid,La Liga,2015/2016,718cf4f2-51f1-4d93-8b5f-b15ffcf49ff5,309,1,00:10:08.385000,10,8,Pass,Barcelona,Sergio Busquets i Burgos,Center Defensive Midfield,15,Barcelona,34.8,38.7,1.610692,True,,,Daniel Alves da Silva,34.3,55.7,17.00735,1.6001996,Ground Pass,,,,,,,,,,,,,,,,
267533,2016-04-02,Barcelona,Real Madrid,La Liga,2015/2016,c22080a6-6810-4f31-b1b5-659000855658,310,1,00:10:09.995000,10,9,Ball Receipt*,Barcelona,Daniel Alves da Silva,Right Back,15,Barcelona,34.3,55.7,,,,,,,,,,,,,,,,,,,,,,,,,,
267533,2016-04-02,Barcelona,Real Madrid,La Liga,2015/2016,5f4425d2-d50c-4b9b-94b9-d7f7e8b3a7e4,311,1,00:10:09.995000,10,9,Carry,Barcelona,Daniel Alves da Silva,Right Back,15,Barcelona,34.3,55.7,2.3325,True,,,,,,,,,,35.3,57.1,,,,,,,,,,,,,
267533,2016-04-02,Barcelona,Real Madrid,La Liga,2015/2016,10d1fa46-e136-48eb-adc7-2f01c266f1b9,312,1,00:10:11.293000,10,11,Pressure,Real Madrid,Toni Kroos,Left Center Midfield,15,Barcelona,80.7,22.7,0.930587,,,,,,,,,,,,,,,,,,,,,,,,,
267533,2016-04-02,Barcelona,Real Madrid,La Liga,2015/2016,3bd7038f-5805-4e9b-9604-a18805d47489,313,1,00:10:12.328000,10,12,Pass,Barcelona,Daniel Alves da Silva,Right Back,15,Barcelona,35.3,57.1,0.705982,,,,Ivan Rakitić,42.0,69.1,13.743726,1.0615777,Ground Pass,,,,,,,,,,,,,,,,
267533,2016-04-02,Barcelona,Real Madrid,La Liga,2015/2016,f80e8b82-5b31-426e-a77e-80c609fdd5e8,314,1,00:10:13.034000,10,13,Ball Receipt*,Barcelona,Ivan Rakitić,Right Center Midfield,15,Barcelona,42.0,69.1,,,,,,,,,,,,,,,,,,,,,,,,,,
267533,2016-04-02,Barcelona,Real Madrid,La Liga,2015/2016,975b7f6c-fae4-4fbe-a17d-1466aa6fb297,315,1,00:10:13.034000,10,13,Carry,Barcelona,Ivan Rakitić,Right Center Midfield,15,Barcelona,42.0,69.1,4.400018,,,,,,,,,,,37.4,68.5,,,,,,,,,,,,,
267533,2016-04-02,Barcelona,Real Madrid,La Liga,2015/2016,ebcbf7f0-00ce-4532-8514-19fa3de438e9,316,1,00:10:17.434000,10,17,Pass,Barcelona,Ivan Rakitić,Right Center Midfield,15,Barcelona,37.4,68.5,2.0553,,,,Daniel Alves da Silva,62.7,75.6,26.277367,0.27359504,Ground Pass,,,,,,,,,,,,,,,,
267533,2016-04-02,Barcelona,Real Madrid,La Liga,2015/2016,c9632c34-cb6f-47cd-a3eb-634aa644b9c5,317,1,00:10:18.364000,10,18,Pressure,Real Madrid,Marcelo Vieira da Silva Júnior,Left Back,15,Barcelona,63.6,6.2,2.122197,,,,,,,,,,,,,,,,,,,,,,,,,
267533,2016-04-02,Barcelona,Real Madrid,La Liga,2015/2016,ce4178a9-1484-4e68-9d62-014434e011bf,318,1,00:10:19.489000,10,19,Ball Receipt*,Barcelona,Daniel Alves da Silva,Right Back,15,Barcelona,62.7,75.6,,True,,,,,,,,,,,,,,,,,,,,,,,,
267533,2016-04-02,Barcelona,Real Madrid,La Liga,2015/2016,e2f6507e-773c-4be4-90e8-f902467565af,319,1,00:10:19.489000,10,19,Carry,Barcelona,Daniel Alves da Silva,Right Back,15,Barcelona,62.7,75.6,2.5162,True,,,,,,,,,,64.7,74.2,,,,,,,,,,,,,
267533,2016-04-02,Barcelona,Real Madrid,La Liga,2015/2016,707dadbb-5185-4b01-aefc-ab0936c50d90,320,1,00:10:21.329000,10,21,Pressure,Real Madrid,Toni Kroos,Left Center Midfield,15,Barcelona,61.6,7.7,0.675216,,,,,,,,,,,,,,,,,,,,,,,,,
267533,2016-04-02,Barcelona,Real Madrid,La Liga,2015/2016,7693e8cf-b260-4b2c-867e-2db62c827d8b,321,1,00:10:22.005000,10,22,Pass,Barcelona,Daniel Alves da Silva,Right Back,15,Barcelona,64.7,74.2,0.542,,,,Luis Alberto Suárez Díaz,68.9,64.5,10.570241,-1.1621778,Ground Pass,Incomplete,,,,,,,,,,,,,,,
267533,2016-04-02,Barcelona,Real Madrid,La Liga,2015/2016,1c8f4c4d-a21c-485d-9cec-d6f29aaebb47,322,1,00:10:22.547000,10,22,Ball Receipt*,Barcelona,Luis Alberto Suárez Díaz,Right Wing,15,Barcelona,74.7,61.6,,,,,,,,,,,,,,,,,,,,,,,,,,
267533,2016-04-02,Barcelona,Real Madrid,La Liga,2015/2016,214a61d5-7e70-4134-8550-148da45470dc,323,1,00:10:22.547000,10,22,Interception,Real Madrid,Carlos Henrique Casimiro,Center Defensive Midfield,15,Barcelona,51.2,15.6,0.0,,,,,,,,,,,,,,,,,,,,,,,,,
267533,2016-04-02,Barcelona,Real Madrid,La Liga,2015/2016,c3d3939f-19aa-4782-a0ff-9a6755fb9cd5,324,1,00:10:24.210000,10,24,Ball Recovery,Real Madrid,Kléper Laveran Lima Ferreira,Right Center Back,15,Barcelona,39.0,29.8,0.0,,,,,,,,,,,,,,,,,,,,,,,,,
267533,2016-04-02,Barcelona,Real Madrid,La Liga,2015/2016,0f967a2e-e31a-48bf-85ad-03f68f6a10db,325,1,00:10:24.210000,10,24,Carry,Real Madrid,Kléper Laveran Lima Ferreira,Right Center Back,15,Barcelona,39.0,29.8,1.0235,,,,,,,,,,,40.3,30.7,,,,,,,,,,,,,
267533,2016-04-02,Barcelona,Real Madrid,La Liga,2015/2016,b9bdfa74-6e9c-4833-a261-c4ad4ccdf6e1,326,1,00:10:25.234000,10,25,Pass,Real Madrid,Kléper Laveran Lima Ferreira,Right Center Back,15,Barcelona,40.3,30.7,3.4223,,,,Gareth Frank Bale,92.6,34.6,52.44521,0.07443203,High Pass,Incomplete,,,,,,,,,,,,,,,
267533,2016-04-02,Barcelona,Real Madrid,La Liga,2015/2016,d0a0d91c-5318-4e1d-b235-cfa436f47fb8,327,1,00:10:28.656000,10,28,Ball Receipt*,Real Madrid,Gareth Frank Bale,Right Wing,15,Barcelona,63.4,43.1,,,,,,,,,,,,,,,,,,,,,,,,,,
267533,2016-04-02,Barcelona,Real Madrid,La Liga,2015/2016,e19806cd-e03b-42f5-b878-6d61d4efb82e,328,1,00:10:28.656000,10,28,Ball Recovery,Barcelona,Claudio Andrés Bravo Muñoz,Goalkeeper,15,Barcelona,27.5,45.5,0.0,,,,,,,,,,,,,,,,,,,,,,,,,
267533,2016-04-02,Barcelona,Real Madrid,La Liga,2015/2016,f44099ea-17f8-4e20-8fc7-6dfa6e0dc0b5,329,1,00:10:28.656000,10,28,Carry,Barcelona,Claudio Andrés Bravo Muñoz,Goalkeeper,15,Barcelona,27.5,45.5,1.1179,,,,,,,,,,,29.9,45.2,,,,,,,,,,,,,
267533,2016-04-02,Barcelona,Real Madrid,La Liga,2015/2016,77c9ba63-0245-4f48-81c0-270d7643199e,330,1,00:10:29.774000,10,29,Pass,Barcelona,Claudio Andrés Bravo Muñoz,Goalkeeper,15,Barcelona,29.9,45.2,1.8332,,,,Jordi Alba Ramos,34.6,24.5,21.22687,-1.3475286,Ground Pass,,,,,,,,,,,,,,,,
267533,2016-04-02,Barcelona,Real Madrid,La Liga,2015/2016,765babe3-0f31-47a6-a0e4-81af5ce1ff92,331,1,00:10:31.607000,10,31,Ball Receipt*,Barcelona,Jordi Alba Ramos,Left Back,15,Barcelona,34.6,24.5,,,,,,,,,,,,,,,,,,,,,,,,,,
267533,2016-04-02,Barcelona,Real Madrid,La Liga,2015/2016,0a915eea-28c2-449b-90df-efc42be7013c,332,1,00:10:31.607000,10,31,Carry,Barcelona,Jordi Alba Ramos,Left Back,15,Barcelona,34.6,24.5,0.839519,,,,,,,,,,,39.3,15.0,,,,,,,,,,,,,
267533,2016-04-02,Barcelona,Real Madrid,La Liga,2015/2016,80a340ab-6787-4079-b86f-2b13cb6f5dc7,333,1,00:10:32.447000,10,32,Pass,Barcelona,Jordi Alba Ramos,Left Back,15,Barcelona,39.3,15.0,1.536581,,,,Andrés Iniesta Luján,63.6,4.9,26.315395,-0.3939142,Ground Pass,,,,,,,,,,,,,,,,
267533,2016-04-02,Barcelona,Real Madrid,La Liga,2015/2016,f44a5a90-848d-4076-bba4-88129ff16e16,334,1,00:10:33.983000,10,33,Ball Receipt*,Barcelona,Andrés Iniesta Luján,Left Center Midfield,15,Barcelona,63.6,4.9,,,,,,,,,,,,,,,,,,,,,,,,,,
267533,2016-04-02,Barcelona,Real Madrid,La Liga,2015/2016,95a05955-5650-4141-bdd3-ae7cd68c8160,335,1,00:10:33.983000,10,33,Carry,Barcelona,Andrés Iniesta Luján,Left Center Midfield,15,Barcelona,63.6,4.9,1.39902,,,,,,,,,,,70.9,4.9,,,,,,,,,,,,,
267533,2016-04-02,Barcelona,Real Madrid,La Liga,2015/2016,2f2342ec-c79f-472f-be11-f8c9407beedf,336,1,00:10:35.382000,10,35,Pass,Barcelona,Andrés Iniesta Luján,Left Center Midfield,15,Barcelona,70.9,4.9,0.911687,,,,Neymar da Silva Santos Junior,74.9,13.6,9.57549,1.1398474,Ground Pass,,,,,,,,,,,,,,,,
267533,2016-04-02,Barcelona,Real Madrid,La Liga,2015/2016,c3cedb02-a3d1-40d2-8557-5fca67c7d9be,337,1,00:10:36.294000,10,36,Ball Receipt*,Barcelona,Neymar da Silva Santos Junior,Left Wing,15,Barcelona,74.9,13.6,,,,,,,,,,,,,,,,,,,,,,,,,,
267533,2016-04-02,Barcelona,Real Madrid,La Liga,2015/2016,d962888e-f1c7-4f2d-b237-0efa053394ae,338,1,00:10:36.294000,10,36,Carry,Barcelona,Neymar da Silva Santos Junior,Left Wing,15,Barcelona,74.9,13.6,2.228569,,,,,,,,,,,75.5,33.6,,,,,,,,,,,,,
267533,2016-04-02,Barcelona,Real Madrid,La Liga,2015/2016,0e13ff60-f1d4-46e9-866e-2a6225902739,339,1,00:10:38.523000,10,38,Pass,Barcelona,Neymar da Silva Santos Junior,Left Wing,15,Barcelona,75.5,33.6,1.262995,,,,Lionel Andrés Messi Cuccittini,71.5,27.3,7.462573,-2.1364977,Ground Pass,,,,,,,,,,,,,,,,
267533,2016-04-02,Barcelona,Real Madrid,La Liga,2015/2016,ba16ea29-a7de-4d59-a492-1b75acdc2d92,340,1,00:10:39.786000,10,39,Ball Receipt*,Barcelona,Lionel Andrés Messi Cuccittini,Center Forward,15,Barcelona,71.5,27.3,,,,,,,,,,,,,,,,,,,,,,,,,,
267533,2016-04-02,Barcelona,Real Madrid,La Liga,2015/2016,ca7b1bdd-ffca-40d0-8be1-301bce5634b3,341,1,00:10:39.786000,10,39,Carry,Barcelona,Lionel Andrés Messi Cuccittini,Center Forward,15,Barcelona,71.5,27.3,2.764059,,,,,,,,,,,80.1,31.0,,,,,,,,,,,,,
267533,2016-04-02,Barcelona,Real Madrid,La Liga,2015/2016,970500bf-7d96-44fd-abab-81382e420c06,342,1,00:10:42.550000,10,42,Pass,Barcelona,Lionel Andrés Messi Cuccittini,Center Forward,15,Barcelona,80.1,31.0,0.922686,,,,Ivan Rakitić,76.1,40.9,10.6775465,1.9547809,Ground Pass,,,,,,,,,,,,,,,,
267533,2016-04-02,Barcelona,Real Madrid,La Liga,2015/2016,3839146a-e2ed-4c0f-b445-6399f9b5114a,343,1,00:10:43.087000,10,43,Pressure,Real Madrid,Toni Kroos,Left Center Midfield,15,Barcelona,40.7,43.2,0.7862,,,,,,,,,,,,,,,,,,,,,,,,,
267533,2016-04-02,Barcelona,Real Madrid,La Liga,2015/2016,37ee8bf2-5f7c-4bb3-a087-0784e5bc1cfb,344,1,00:10:43.472000,10,43,Ball Receipt*,Barcelona,Ivan Rakitić,Right Center Midfield,15,Barcelona,76.1,40.9,,True,,,,,,,,,,,,,,,,,,,,,,,,
267533,2016-04-02,Barcelona,Real Madrid,La Liga,2015/2016,c7792e6b-1454-4dee-a699-05df6521e8da,345,1,00:10:43.472000,10,43,Carry,Barcelona,Ivan Rakitić,Right Center Midfield,15,Barcelona,76.1,40.9,0.486755,True,,,,,,,,,,76.9,42.6,,,,,,,,,,,,,
267533,2016-04-02,Barcelona,Real Madrid,La Liga,2015/2016,22a3b94c-4819-4ed2-8260-af8482d82607,346,1,00:10:43.959000,10,43,Pass,Barcelona,Ivan Rakitić,Right Center Midfield,15,Barcelona,76.9,42.6,1.382378,,,,Lionel Andrés Messi Cuccittini,85.2,44.1,8.434453,0.17879306,Ground Pass,Incomplete,,,,,,,,,,,,,,,
267533,2016-04-02,Barcelona,Real Madrid,La Liga,2015/2016,1e8a8624-984b-423a-b873-18435dae5f3f,347,1,00:10:45.342000,10,45,Ball Receipt*,Barcelona,Lionel Andrés Messi Cuccittini,Center Forward,15,Barcelona,85.5,38.7,,,,,,,,,,,,,,,,,,,,,,,,,,
267533,2016-04-02,Barcelona,Real Madrid,La Liga,2015/2016,39a8ffcf-8039-4db6-873d-3c429cf793ef,348,1,00:10:45.342000,10,45,Ball Recovery,Real Madrid,Luka Modrić,Right Center Midfield,16,Real Madrid,34.9,36.0,0.0,,,,,,,,,,,,,,,,,,,,,,,,,
267533,2016-04-02,Barcelona,Real Madrid,La Liga,2015/2016,b4c34d21-ce84-4083-8914-e0fbfc5662bd,349,1,00:10:45.342000,10,45,Carry,Real Madrid,Luka Modrić,Right Center Midfield,16,Real Madrid,34.9,36.0,2.495668,True,,,,,,,,,,43.2,26.6,,,,,,,,,,,,,
267533,2016-04-02,Barcelona,Real Madrid,La Liga,2015/2016,314310ed-2073-427a-8f9b-4b0f60044e19,350,1,00:10:46.258000,10,46,Pressure,Barcelona,Lionel Andrés Messi Cuccittini,Center Forward,16,Real Madrid,81.1,50.5,1.008372,,,,,,,,,,,,,,,,,,,,,,,,,
267533,2016-04-02,Barcelona,Real Madrid,La Liga,2015/2016,79882f8b-94ff-4ebd-bb74-f0c49060b11b,351,1,00:10:47.837000,10,47,Foul Committed,Barcelona,Daniel Alves da Silva,Right Back,16,Real Madrid,76.9,53.5,0.0,,,,,,,,,,,,,,,,,,,,,,,,,
267533,2016-04-02,Barcelona,Real Madrid,La Liga,2015/2016,94963308-2d90-4989-b645-efb1cf5cfef9,352,1,00:10:47.837000,10,47,Foul Won,Real Madrid,Luka Modrić,Right Center Midfield,16,Real Madrid,43.2,26.6,0.0,True,,,,,,,,,,,,,,,,,,,,,,,,
267533,2016-04-02,Barcelona,Real Madrid,La Liga,2015/2016,10c9cdc0-418c-4c60-b2fc-7cf4448750a0,353,1,00:11:06.223000,11,6,Pass,Real Madrid,Toni Kroos,Left Center Midfield,17,Real Madrid,48.0,23.3,0.8898,,,,Cristiano Ronaldo dos Santos Aveiro,63.4,23.0,15.402922,-0.019478057,Ground Pass,,,,,,,,,,,,,,,,
267533,2016-04-02,Barcelona,Real Madrid,La Liga,2015/2016,ad173dc5-d483-465a-a004-0d15ec648283,354,1,00:11:07.112000,11,7,Ball Receipt*,Real Madrid,Cristiano Ronaldo dos Santos Aveiro,Left Wing,17,Real Madrid,63.4,23.0,,,,,,,,,,,,,,,,,,,,,,,,,,
267533,2016-04-02,Barcelona,Real Madrid,La Liga,2015/2016,a6973e8b-975c-4912-bd40-7b42d949aaa6,355,1,00:11:07.112000,11,7,Pass,Real Madrid,Cristiano Ronaldo dos Santos Aveiro,Left Wing,17,Real Madrid,63.4,23.0,1.394494,,,,Toni Kroos,49.7,13.0,16.961428,-2.5110626,Ground Pass,,,,,,,,,,,,,,,,
267533,2016-04-02,Barcelona,Real Madrid,La Liga,2015/2016,4c600853-e1da-453f-a73a-3e2783c2728f,356,1,00:11:08.507000,11,8,Ball Receipt*,Real Madrid,Toni Kroos,Left Center Midfield,17,Real Madrid,49.7,13.0,,,,,,,,,,,,,,,,,,,,,,,,,,
267533,2016-04-02,Barcelona,Real Madrid,La Liga,2015/2016,09f4346d-5cce-4bb5-8244-9a583e31425e,357,1,00:11:08.507000,11,8,Carry,Real Madrid,Toni Kroos,Left Center Midfield,17,Real Madrid,49.7,13.0,2.218706,,,,,,,,,,,48.4,16.1,,,,,,,,,,,,,
267533,2016-04-02,Barcelona,Real Madrid,La Liga,2015/2016,f68fc89b-1b77-485c-944b-dfccb5f920a9,358,1,00:11:10.726000,11,10,Pass,Real Madrid,Toni Kroos,Left Center Midfield,17,Real Madrid,48.4,16.1,2.08906,,,,Gareth Frank Bale,69.7,51.6,41.399757,1.0303768,High Pass,Incomplete,,,,,,,,,,,,,,,
267533,2016-04-02,Barcelona,Real Madrid,La Liga,2015/2016,4dc7e817-68e5-4c66-a97c-ba4d57856bcc,359,1,00:11:12.815000,11,12,Ball Receipt*,Real Madrid,Gareth Frank Bale,Right Wing,17,Real Madrid,75.1,51.7,,,,,,,,,,,,,,,,,,,,,,,,,,
267533,2016-04-02,Barcelona,Real Madrid,La Liga,2015/2016,cf06ba57-69f8-47d0-b17e-ebf0cdc8e891,360,1,00:11:12.815000,11,12,Ball Recovery,Barcelona,Jordi Alba Ramos,Left Back,18,Barcelona,50.4,28.5,0.0,,,,,,,,,,,,,,,,,,,,,,,,,
267533,2016-04-02,Barcelona,Real Madrid,La Liga,2015/2016,447c913e-91c7-4941-ae07-a6d5265207fd,361,1,00:11:12.815000,11,12,Carry,Barcelona,Jordi Alba Ramos,Left Back,18,Barcelona,50.4,28.5,1.43744,,,,,,,,,,,58.2,28.4,,,,,,,,,,,,,
267533,2016-04-02,Barcelona,Real Madrid,La Liga,2015/2016,fd7102de-b1a3-4aa1-b9d7-a0f763a44f11,362,1,00:11:14.252000,11,14,Pass,Barcelona,Jordi Alba Ramos,Left Back,18,Barcelona,58.2,28.4,0.825609,,,,Andrés Iniesta Luján,59.8,37.8,9.535198,1.4021994,Ground Pass,,,,,,,,,,,,,,,,
267533,2016-04-02,Barcelona,Real Madrid,La Liga,2015/2016,41baaeb0-1924-4820-a94e-f1345dc04201,363,1,00:11:15.078000,11,15,Ball Receipt*,Barcelona,Andrés Iniesta Luján,Left Center Midfield,18,Barcelona,59.8,37.8,,,,,,,,,,,,,,,,,,,,,,,,,,
267533,2016-04-02,Barcelona,Real Madrid,La Liga,2015/2016,5798a791-72a8-4ffa-af08-3eb0deb09c18,364,1,00:11:15.078000,11,15,Carry,Barcelona,Andrés Iniesta Luján,Left Center Midfield,18,Barcelona,59.8,37.8,2.552444,,,,,,,,,,,62.6,27.8,,,,,,,,,,,,,
267533,2016-04-02,Barcelona,Real Madrid,La Liga,2015/2016,b69a6dd1-b37d-4bd0-a976-49f5c6954512,365,1,00:11:17.630000,11,17,Pass,Barcelona,Andrés Iniesta Luján,Left Center Midfield,18,Barcelona,62.6,27.8,1.153147,,,,Jordi Alba Ramos,69.2,11.7,17.400288,-1.1817523,Ground Pass,,,,,,,,,,,,,,,,
267533,2016-04-02,Barcelona,Real Madrid,La Liga,2015/2016,6a9a17d6-d5a3-455d-8bd9-aa2126b227ce,366,1,00:11:18.783000,11,18,Ball Receipt*,Barcelona,Jordi Alba Ramos,Left Back,18,Barcelona,69.2,11.7,,,,,,,,,,,,,,,,,,,,,,,,,,
267533,2016-04-02,Barcelona,Real Madrid,La Liga,2015/2016,5eae9957-fb4a-46d8-969e-c7687cf45b55,367,1,00:11:18.783000,11,18,Carry,Barcelona,Jordi Alba Ramos,Left Back,18,Barcelona,69.2,11.7,1.8704,,,,,,,,,,,69.0,11.6,,,,,,,,,,,,,
267533,2016-04-02,Barcelona,Real Madrid,La Liga,2015/2016,b002314c-0d62-4cef-8dd3-aa8a8335ea76,368,1,00:11:20.654000,11,20,Pass,Barcelona,Jordi Alba Ramos,Left Back,18,Barcelona,69.0,11.6,1.026,,,,Andrés Iniesta Luján,64.2,18.4,8.323461,2.1854594,Ground Pass,,,,,,,,,,,,,,,,
267533,2016-04-02,Barcelona,Real Madrid,La Liga,2015/2016,0642bc89-f90e-4ddd-aaa2-06803db3baa0,369,1,00:11:21.680000,11,21,Ball Receipt*,Barcelona,Andrés Iniesta Luján,Left Center Midfield,18,Barcelona,64.2,18.4,,,,,,,,,,,,,,,,,,,,,,,,,,
267533,2016-04-02,Barcelona,Real Madrid,La Liga,2015/2016,b2f698d9-0b85-4fe2-8713-141f4f1b2c4c,370,1,00:11:21.680000,11,21,Carry,Barcelona,Andrés Iniesta Luján,Left Center Midfield,18,Barcelona,64.2,18.4,2.5054,,,,,,,,,,,62.1,19.4,,,,,,,,,,,,,
267533,2016-04-02,Barcelona,Real Madrid,La Liga,2015/2016,e3c2fbde-4ed9-4fe7-8a69-0150bb3e13cd,371,1,00:11:24.185000,11,24,Pass,Barcelona,Andrés Iniesta Luján,Left Center Midfield,18,Barcelona,62.1,19.4,1.5895,,,,Gerard Piqué Bernabéu,51.0,45.5,28.362299,1.9729103,Ground Pass,,,,,,,,,,,,,,,,
267533,2016-04-02,Barcelona,Real Madrid,La Liga,2015/2016,55e4f1b5-311c-4e77-923e-210becabbf2f,372,1,00:11:25.775000,11,25,Ball Receipt*,Barcelona,Gerard Piqué Bernabéu,Right Center Back,18,Barcelona,51.0,45.5,,,,,,,,,,,,,,,,,,,,,,,,,,
267533,2016-04-02,Barcelona,Real Madrid,La Liga,2015/2016,9fa88bbd-5824-43c3-a7d7-895008b78e1c,373,1,00:11:25.775000,11,25,Carry,Barcelona,Gerard Piqué Bernabéu,Right Center Back,18,Barcelona,51.0,45.5,2.8,,,,,,,,,,,54.4,51.8,,,,,,,,,,,,,
267533,2016-04-02,Barcelona,Real Madrid,La Liga,2015/2016,1e6c0f6f-8f0f-4c07-beab-c0040a3d4d90,374,1,00:11:28.575000,11,28,Pass,Barcelona,Gerard Piqué Bernabéu,Right Center Back,18,Barcelona,54.4,51.8,0.462182,,,,Lionel Andrés Messi Cuccittini,63.2,53.1,8.895505,0.1466665,Ground Pass,,,,,,,,,,,,,,,,
267533,2016-04-02,Barcelona,Real Madrid,La Liga,2015/2016,69318a59-1e41-4d47-88bf-0165c60f1942,375,1,00:11:29.037000,11,29,Ball Receipt*,Barcelona,Lionel Andrés Messi Cuccittini,Center Forward,18,Barcelona,63.2,53.1,,,,,,,,,,,,,,,,,,,,,,,,,,
267533,2016-04-02,Barcelona,Real Madrid,La Liga,2015/2016,cacedb22-c278-47b6-bd26-1d3df72a7d13,376,1,00:11:29.037000,11,29,Carry,Barcelona,Lionel Andrés Messi Cuccittini,Center Forward,18,Barcelona,63.2,53.1,0.400018,,,,,,,,,,,63.2,53.1,,,,,,,,,,,,,
267533,2016-04-02,Barcelona,Real Madrid,La Liga,2015/2016,2c006966-df0e-461c-b08c-5c89842165ef,377,1,00:11:29.437000,11,29,Pass,Barcelona,Lionel Andrés Messi Cuccittini,Center Forward,18,Barcelona,63.2,53.1,0.421576,,,,Sergio Busquets i Burgos,65.6,49.4,4.4102154,-0.9953717,Ground Pass,,,,,,,,,,,,,,,,
267533,2016-04-02,Barcelona,Real Madrid,La Liga,2015/2016,9870057a-3ee0-4bf8-bdd3-56bcdfd020f0,378,1,00:11:29.440000,11,29,Pressure,Real Madrid,Carlos Henrique Casimiro,Center Defensive Midfield,18,Barcelona,51.7,32.7,0.53183,,,,,,,,,,,,,,,,,,,,,,,,,
267533,2016-04-02,Barcelona,Real Madrid,La Liga,2015/2016,4ec8d8f5-dcab-4137-ad1a-2d556226bdf6,379,1,00:11:29.858000,11,29,Ball Receipt*,Barcelona,Sergio Busquets i Burgos,Center Defensive Midfield,18,Barcelona,65.6,49.4,,True,,,,,,,,,,,,,,,,,,,,,,,,
267533,2016-04-02,Barcelona,Real Madrid,La Liga,2015/2016,8d7eba16-d89c-4ceb-a3ac-a6c5196a5e4a,380,1,00:11:29.858000,11,29,Carry,Barcelona,Sergio Busquets i Burgos,Center Defensive Midfield,18,Barcelona,65.6,49.4,0.30378,True,,,,,,,,,,65.2,50.5,,,,,,,,,,,,,
267533,2016-04-02,Barcelona,Real Madrid,La Liga,2015/2016,2bd02cac-349e-4341-acac-94f1f0bb934d,381,1,00:11:30.162000,11,30,Foul Committed,Real Madrid,Carlos Henrique Casimiro,Center Defensive Midfield,18,Barcelona,54.9,29.6,0.0,,,,,,,,,,,,,,,,,,,,,,,,,
267533,2016-04-02,Barcelona,Real Madrid,La Liga,2015/2016,fdeab0b2-deca-43cb-b113-8870c6da260b,382,1,00:11:30.162000,11,30,Foul Won,Barcelona,Sergio Busquets i Burgos,Center Defensive Midfield,18,Barcelona,65.2,50.5,0.0,True,,,,,,,,,,,,,,,,,,,,,,,,
267533,2016-04-02,Barcelona,Real Madrid,La Liga,2015/2016,d5a90a58-432b-4985-859e-2c1ba86f3867,383,1,00:11:42.421000,11,42,Pass,Barcelona,Lionel Andrés Messi Cuccittini,Center Forward,19,Barcelona,64.4,52.9,0.694575,,,,Sergio Busquets i Burgos,61.3,50.6,3.8600519,-2.5032728,Ground Pass,,,,,,,,,,,,,,,,
267533,2016-04-02,Barcelona,Real Madrid,La Liga,2015/2016,7ccfe525-696a-4e16-b39e-eb2b2ffb83c7,384,1,00:11:43.116000,11,43,Ball Receipt*,Barcelona,Sergio Busquets i Burgos,Center Defensive Midfield,19,Barcelona,61.3,50.6,,,,,,,,,,,,,,,,,,,,,,,,,,
267533,2016-04-02,Barcelona,Real Madrid,La Liga,2015/2016,699ea76c-c441-47d7-90ff-6d47d21276fa,385,1,00:11:43.116000,11,43,Carry,Barcelona,Sergio Busquets i Burgos,Center Defensive Midfield,19,Barcelona,61.3,50.6,2.037203,,,,,,,,,,,58.7,43.8,,,,,,,,,,,,,
267533,2016-04-02,Barcelona,Real Madrid,La Liga,2015/2016,816d13e0-2ba6-4655-9181-40d23ba5aac2,386,1,00:11:45.153000,11,45,Pass,Barcelona,Sergio Busquets i Burgos,Center Defensive Midfield,19,Barcelona,58.7,43.8,1.2,,,,Javier Alejandro Mascherano,53.9,33.8,11.0923395,-2.0183163,Ground Pass,,,,,,,,,,,,,,,,
267533,2016-04-02,Barcelona,Real Madrid,La Liga,2015/2016,2cd15436-99de-4b84-b891-2efebdf279a8,387,1,00:11:46.353000,11,46,Ball Receipt*,Barcelona,Javier Alejandro Mascherano,Left Center Back,19,Barcelona,53.9,33.8,,,,,,,,,,,,,,,,,,,,,,,,,,
267533,2016-04-02,Barcelona,Real Madrid,La Liga,2015/2016,db1ca851-2a53-4f21-be9c-a6f4809ed13b,388,1,00:11:46.353000,11,46,Carry,Barcelona,Javier Alejandro Mascherano,Left Center Back,19,Barcelona,53.9,33.8,0.462573,,,,,,,,,,,53.6,33.9,,,,,,,,,,,,,
267533,2016-04-02,Barcelona,Real Madrid,La Liga,2015/2016,23abcb0c-3ecc-48ad-9659-f3e37dfd1742,389,1,00:11:46.815000,11,46,Pass,Barcelona,Javier Alejandro Mascherano,Left Center Back,19,Barcelona,53.6,33.9,1.320927,,,,Jordi Alba Ramos,56.8,15.0,19.168985,-1.4030747,Ground Pass,,,,,,,,,,,,,,,,
267533,2016-04-02,Barcelona,Real Madrid,La Liga,2015/2016,e1b6c1de-bc98-4611-bfe3-f1e3e8b97126,390,1,00:11:48.136000,11,48,Ball Receipt*,Barcelona,Jordi Alba Ramos,Left Back,19,Barcelona,56.8,15.0,,,,,,,,,,,,,,,,,,,,,,,,,,
267533,2016-04-02,Barcelona,Real Madrid,La Liga,2015/2016,6cd7668c-e7d8-4c66-b1bf-47fbab768ea0,391,1,00:11:48.136000,11,48,Carry,Barcelona,Jordi Alba Ramos,Left Back,19,Barcelona,56.8,15.0,2.750523,,,,,,,,,,,56.1,11.9,,,,,,,,,,,,,
267533,2016-04-02,Barcelona,Real Madrid,La Liga,2015/2016,0f104fef-6f81-4cf2-9a39-b158a8f44739,392,1,00:11:50.887000,11,50,Pass,Barcelona,Jordi Alba Ramos,Left Back,19,Barcelona,56.1,11.9,1.464177,,,,Javier Alejandro Mascherano,49.4,25.5,15.160805,2.0285442,Ground Pass,,,,,,,,,,,,,,,,
267533,2016-04-02,Barcelona,Real Madrid,La Liga,2015/2016,cda02c3c-6ba0-4cd2-8013-e974fddf0528,393,1,00:11:52.351000,11,52,Ball Receipt*,Barcelona,Javier Alejandro Mascherano,Left Center Back,19,Barcelona,49.4,25.5,,,,,,,,,,,,,,,,,,,,,,,,,,
267533,2016-04-02,Barcelona,Real Madrid,La Liga,2015/2016,0d3c1385-72a7-4616-996a-4a6fd479fceb,394,1,00:11:52.351000,11,52,Carry,Barcelona,Javier Alejandro Mascherano,Left Center Back,19,Barcelona,49.4,25.5,3.0839,,,,,,,,,,,51.0,32.4,,,,,,,,,,,,,
267533,2016-04-02,Barcelona,Real Madrid,La Liga,2015/2016,08aa4f56-fd3a-4a9b-8d05-9286d4bbcc18,395,1,00:11:55.435000,11,55,Pass,Barcelona,Javier Alejandro Mascherano,Left Center Back,19,Barcelona,51.0,32.4,1.2,,,,Gerard Piqué Bernabéu,51.0,52.3,19.9,1.5707964,Ground Pass,,,,,,,,,,,,,,,,
267533,2016-04-02,Barcelona,Real Madrid,La Liga,2015/2016,b905207c-47da-46cb-b160-835f2f81bdce,396,1,00:11:56.635000,11,56,Ball Receipt*,Barcelona,Gerard Piqué Bernabéu,Right Center Back,19,Barcelona,51.0,52.3,,,,,,,,,,,,,,,,,,,,,,,,,,
267533,2016-04-02,Barcelona,Real Madrid,La Liga,2015/2016,b9a044e6-d2f3-447c-a96f-7bdd17de29c4,397,1,00:11:56.635000,11,56,Carry,Barcelona,Gerard Piqué Bernabéu,Right Center Back,19,Barcelona,51.0,52.3,1.6179,,,,,,,,,,,51.0,52.3,,,,,,,,,,,,,
267533,2016-04-02,Barcelona,Real Madrid,La Liga,2015/2016,e49de9ed-f01a-48d8-b690-6723d42b1a36,398,1,00:11:58.253000,11,58,Pass,Barcelona,Gerard Piqué Bernabéu,Right Center Back,19,Barcelona,51.0,52.3,1.2,,,,Ivan Rakitić,63.9,49.1,13.290975,-0.24315384,Ground Pass,,,,,,,,,,,,,,,,
267533,2016-04-02,Barcelona,Real Madrid,La Liga,2015/2016,a82e0f10-a7ed-48ba-8c3e-dfbe5369d85c,399,1,00:11:59.453000,11,59,Ball Receipt*,Barcelona,Ivan Rakitić,Right Center Midfield,19,Barcelona,63.9,49.1,,,,,,,,,,,,,,,,,,,,,,,,,,
267533,2016-04-02,Barcelona,Real Madrid,La Liga,2015/2016,b1fbb271-98ad-4148-a9e5-325d021662e4,400,1,00:11:59.453000,11,59,Carry,Barcelona,Ivan Rakitić,Right Center Midfield,19,Barcelona,63.9,49.1,2.0329,,,,,,,,,,,60.1,46.1,,,,,,,,,,,,,
267533,2016-04-02,Barcelona,Real Madrid,La Liga,2015/2016,48f742e3-71fe-462a-a44b-04f4a7e7a852,401,1,00:12:01.486000,12,1,Pass,Barcelona,Ivan Rakitić,Right Center Midfield,19,Barcelona,60.1,46.1,0.8,,,,Sergio Busquets i Burgos,65.2,41.5,6.868042,-0.7338973,Ground Pass,,,,,,,,,,,,,,,,
267533,2016-04-02,Barcelona,Real Madrid,La Liga,2015/2016,f236cd84-3d68-408a-81a6-c7be75c39144,402,1,00:12:02.286000,12,2,Ball Receipt*,Barcelona,Sergio Busquets i Burgos,Center Defensive Midfield,19,Barcelona,65.2,41.5,,,,,,,,,,,,,,,,,,,,,,,,,,
267533,2016-04-02,Barcelona,Real Madrid,La Liga,2015/2016,f5baa3fa-47a8-4154-8d23-1d2cb0c4533d,403,1,00:12:02.286000,12,2,Carry,Barcelona,Sergio Busquets i Burgos,Center Defensive Midfield,19,Barcelona,65.2,41.5,0.384353,,,,,,,,,,,65.6,42.9,,,,,,,,,,,,,
267533,2016-04-02,Barcelona,Real Madrid,La Liga,2015/2016,613ac818-10d6-4f51-bb6c-77d6e109c76b,404,1,00:12:02.670000,12,2,Pass,Barcelona,Sergio Busquets i Burgos,Center Defensive Midfield,19,Barcelona,65.6,42.9,1.004247,,,,Ivan Rakitić,56.5,45.2,9.38616,2.89403,Ground Pass,,,,,,,,,,,,,,,,
267533,2016-04-02,Barcelona,Real Madrid,La Liga,2015/2016,214e4012-45fc-4b5d-9ad7-dcfa8dddff47,405,1,00:12:02.947000,12,2,Pressure,Real Madrid,Karim Benzema,Center Forward,19,Barcelona,59.6,36.3,1.019222,,,,,,,,,,,,,,,,,,,,,,,,,
267533,2016-04-02,Barcelona,Real Madrid,La Liga,2015/2016,f57af792-f866-4210-b445-0c3778f414db,406,1,00:12:03.674000,12,3,Ball Receipt*,Barcelona,Ivan Rakitić,Right Center Midfield,19,Barcelona,56.5,45.2,,True,,,,,,,,,,,,,,,,,,,,,,,,
267533,2016-04-02,Barcelona,Real Madrid,La Liga,2015/2016,75ff6fc7-9809-42d2-8f58-3e9314369601,407,1,00:12:03.674000,12,3,Carry,Barcelona,Ivan Rakitić,Right Center Midfield,19,Barcelona,56.5,45.2,0.6498,True,,,,,,,,,,56.5,44.9,,,,,,,,,,,,,
267533,2016-04-02,Barcelona,Real Madrid,La Liga,2015/2016,10196d9d-5e44-4570-86b0-8ff2fc2c7871,408,1,00:12:04.324000,12,4,Pass,Barcelona,Ivan Rakitić,Right Center Midfield,19,Barcelona,56.5,44.9,0.673504,,,,Lionel Andrés Messi Cuccittini,63.0,53.8,11.020889,0.9399987,Ground Pass,,,,,,,,,,,,,,,,
267533,2016-04-02,Barcelona,Real Madrid,La Liga,2015/2016,6e7eb882-c9f0-4b8d-a9c3-e8d5b9ab18aa,409,1,00:12:04.998000,12,4,Ball Receipt*,Barcelona,Lionel Andrés Messi Cuccittini,Center Forward,19,Barcelona,63.0,53.8,,,,,,,,,,,,,,,,,,,,,,,,,,
267533,2016-04-02,Barcelona,Real Madrid,La Liga,2015/2016,a8ad0ca9-f619-4abe-91c0-b305116b9059,410,1,00:12:04.998000,12,4,Carry,Barcelona,Lionel Andrés Messi Cuccittini,Center Forward,19,Barcelona,63.0,53.8,1.54752,True,,,,,,,,,,58.7,47.1,,,,,,,,,,,,,
267533,2016-04-02,Barcelona,Real Madrid,La Liga,2015/2016,46abd3c1-9d4f-430c-98af-ae4de76854fc,411,1,00:12:06.405000,12,6,Pressure,Real Madrid,Luka Modrić,Right Center Midfield,19,Barcelona,54.9,42.6,0.797,,,,,,,,,,,,,,,,,,,,,,,,,
267533,2016-04-02,Barcelona,Real Madrid,La Liga,2015/2016,8cae7ebc-5a7a-443a-8be4-bae4945f8017,412,1,00:12:06.545000,12,6,Pass,Barcelona,Lionel Andrés Messi Cuccittini,Center Forward,19,Barcelona,58.7,47.1,0.792708,True,,,Sergio Busquets i Burgos,63.0,40.9,7.545197,-0.96441346,Ground Pass,,,,,,,,,,,,,,,,
267533,2016-04-02,Barcelona,Real Madrid,La Liga,2015/2016,6b703310-d9d4-4e68-b9c8-6ff31c3e75d4,413,1,00:12:07.338000,12,7,Ball Receipt*,Barcelona,Sergio Busquets i Burgos,Center Defensive Midfield,19,Barcelona,63.0,40.9,,,,,,,,,,,,,,,,,,,,,,,,,,
267533,2016-04-02,Barcelona,Real Madrid,La Liga,2015/2016,d4285ae9-a654-4877-bf88-5ece65273d2d,414,1,00:12:07.338000,12,7,Carry,Barcelona,Sergio Busquets i Burgos,Center Defensive Midfield,19,Barcelona,63.0,40.9,0.079968,True,,,,,,,,,,63.0,40.9,,,,,,,,,,,,,
267533,2016-04-02,Barcelona,Real Madrid,La Liga,2015/2016,adc82372-c441-44c9-8533-320c88babce3,415,1,00:12:07.418000,12,7,Foul Committed,Real Madrid,Luka Modrić,Right Center Midfield,19,Barcelona,57.1,39.2,0.0,,,,,,,,,,,,,,,,,,,,,,,,,
267533,2016-04-02,Barcelona,Real Madrid,La Liga,2015/2016,e08f8568-6739-4cd8-8dda-116e39bcaa91,416,1,00:12:07.418000,12,7,Foul Won,Barcelona,Sergio Busquets i Burgos,Center Defensive Midfield,19,Barcelona,63.0,40.9,0.0,True,,,,,,,,,,,,,,,,,,,,,,,,
267533,2016-04-02,Barcelona,Real Madrid,La Liga,2015/2016,6bf79926-c43f-41fd-b3d6-7870d60a9ddd,417,1,00:12:28.696000,12,28,Pass,Barcelona,Sergio Busquets i Burgos,Center Defensive Midfield,20,Barcelona,63.0,40.9,3.5866,,True,,,92.0,33.2,30.004833,-0.25952896,Low Pass,Incomplete,,,,,,,,,,,,,,,
267533,2016-04-02,Barcelona,Real Madrid,La Liga,2015/2016,ae726fe2-5f84-4b47-831b-db5de2523a2e,418,1,00:12:32.283000,12,32,Ball Recovery,Real Madrid,Kléper Laveran Lima Ferreira,Right Center Back,20,Barcelona,28.1,46.9,0.0,,,,,,,,,,,,,,,,,,,,,,,,,
267533,2016-04-02,Barcelona,Real Madrid,La Liga,2015/2016,820052f8-005f-424a-9db1-7bb1a7144334,419,1,00:12:33.325000,12,33,Pass,Real Madrid,Kléper Laveran Lima Ferreira,Right Center Back,20,Barcelona,31.9,49.4,4.5839,,,,Karim Benzema,71.7,9.6,56.285698,-0.7853982,Low Pass,Incomplete,,,,,,,,,,,,,,,
267533,2016-04-02,Barcelona,Real Madrid,La Liga,2015/2016,07368462-8b66-479c-b430-73faab9722da,420,1,00:12:37.908000,12,37,Ball Receipt*,Real Madrid,Karim Benzema,Center Forward,20,Barcelona,56.5,36.0,,,,,,,,,,,,,,,,,,,,,,,,,,
267533,2016-04-02,Barcelona,Real Madrid,La Liga,2015/2016,313df819-975c-431d-ae06-c4866e6e3987,421,1,00:12:37.908000,12,37,Ball Recovery,Barcelona,Gerard Piqué Bernabéu,Right Center Back,20,Barcelona,48.4,70.5,0.0,,,,,,,,,,,,,,,,,,,,,,,,,
267533,2016-04-02,Barcelona,Real Madrid,La Liga,2015/2016,5fef610e-7753-476a-85e7-1b6abf304f59,422,1,00:12:37.908000,12,37,Carry,Barcelona,Gerard Piqué Bernabéu,Right Center Back,20,Barcelona,48.4,70.5,2.4848,,,,,,,,,,,45.0,67.9,,,,,,,,,,,,,
267533,2016-04-02,Barcelona,Real Madrid,La Liga,2015/2016,d9104819-ecc8-410f-97b8-b1b8754f2c08,423,1,00:12:40.393000,12,40,Pass,Barcelona,Gerard Piqué Bernabéu,Right Center Back,20,Barcelona,45.0,67.9,1.8012,,,,Javier Alejandro Mascherano,36.0,24.7,44.12754,-1.7761917,Ground Pass,,,,,,,,,,,,,,,,
267533,2016-04-02,Barcelona,Real Madrid,La Liga,2015/2016,b4e762be-f9e2-4222-9581-006115c6db14,424,1,00:12:42.194000,12,42,Ball Receipt*,Barcelona,Javier Alejandro Mascherano,Left Center Back,20,Barcelona,36.0,24.7,,,,,,,,,,,,,,,,,,,,,,,,,,
267533,2016-04-02,Barcelona,Real Madrid,La Liga,2015/2016,55f6f03d-0dab-4b0c-be64-e97fef25df31,425,1,00:12:42.194000,12,42,Carry,Barcelona,Javier Alejandro Mascherano,Left Center Back,20,Barcelona,36.0,24.7,4.8842,,,,,,,,,,,43.4,23.6,,,,,,,,,,,,,
267533,2016-04-02,Barcelona,Real Madrid,La Liga,2015/2016,c2c7c148-0a3a-4a3b-9542-722bdb1025ee,426,1,00:12:47.079000,12,47,Pass,Barcelona,Javier Alejandro Mascherano,Left Center Back,20,Barcelona,43.4,23.6,1.2,,,,Gerard Piqué Bernabéu,44.5,50.9,27.322153,1.5305251,Ground Pass,,,,,,,,,,,,,,,,
267533,2016-04-02,Barcelona,Real Madrid,La Liga,2015/2016,a303adc8-d0a2-4463-9883-bce82e8dc754,427,1,00:12:48.279000,12,48,Ball Receipt*,Barcelona,Gerard Piqué Bernabéu,Right Center Back,20,Barcelona,44.5,50.9,,,,,,,,,,,,,,,,,,,,,,,,,,
267533,2016-04-02,Barcelona,Real Madrid,La Liga,2015/2016,a0cd384d-c409-4033-8ad6-e5005a0fe26a,428,1,00:12:48.279000,12,48,Carry,Barcelona,Gerard Piqué Bernabéu,Right Center Back,20,Barcelona,44.5,50.9,2.216239,True,,,,,,,,,,42.7,50.0,,,,,,,,,,,,,
267533,2016-04-02,Barcelona,Real Madrid,La Liga,2015/2016,acde2986-240b-4e00-9bc8-4b3a9ed3e2d0,429,1,00:12:49.225000,12,49,Pressure,Real Madrid,Toni Kroos,Left Center Midfield,20,Barcelona,65.9,30.1,1.260564,,,,,,,,,,,,,,,,,,,,,,,,,
267533,2016-04-02,Barcelona,Real Madrid,La Liga,2015/2016,294d9c7a-d51e-4b42-9087-17c36b56057c,430,1,00:12:50.495000,12,50,Pass,Barcelona,Gerard Piqué Bernabéu,Right Center Back,20,Barcelona,42.7,50.0,2.489298,,,,Claudio Andrés Bravo Muñoz,19.8,37.2,26.23452,-2.6319025,Ground Pass,,,,,,,,,,,,,,,,
267533,2016-04-02,Barcelona,Real Madrid,La Liga,2015/2016,e8664c07-d125-4366-b194-016dd80ad76d,431,1,00:12:52.984000,12,52,Ball Receipt*,Barcelona,Claudio Andrés Bravo Muñoz,Goalkeeper,20,Barcelona,19.8,37.2,,,,,,,,,,,,,,,,,,,,,,,,,,
267533,2016-04-02,Barcelona,Real Madrid,La Liga,2015/2016,427d1565-fa2a-4b9b-8c06-425cfa37f7fd,432,1,00:12:52.984000,12,52,Carry,Barcelona,Claudio Andrés Bravo Muñoz,Goalkeeper,20,Barcelona,19.8,37.2,0.083363004,,,,,,,,,,,19.8,37.2,,,,,,,,,,,,,
267533,2016-04-02,Barcelona,Real Madrid,La Liga,2015/2016,fabd3115-327d-49b1-aa7e-a65634b69931,433,1,00:12:53.068000,12,53,Pass,Barcelona,Claudio Andrés Bravo Muñoz,Goalkeeper,20,Barcelona,19.8,37.2,2.53626,,,,Javier Alejandro Mascherano,27.7,13.3,25.17181,-1.2515583,Ground Pass,,,,,,,,,,,,,,,,
267533,2016-04-02,Barcelona,Real Madrid,La Liga,2015/2016,5ba7370e-aa7a-49e1-bb15-66f92f01e436,434,1,00:12:54.662000,12,54,Pressure,Real Madrid,Karim Benzema,Center Forward,20,Barcelona,91.8,59.3,1.092086,,,,,,,,,,,,,,,,,,,,,,,,,
267533,2016-04-02,Barcelona,Real Madrid,La Liga,2015/2016,a7040f22-2852-4e7d-b82c-a9adc72b7f25,435,1,00:12:55.604000,12,55,Ball Receipt*,Barcelona,Javier Alejandro Mascherano,Left Center Back,20,Barcelona,27.7,13.3,,True,,,,,,,,,,,,,,,,,,,,,,,,
267533,2016-04-02,Barcelona,Real Madrid,La Liga,2015/2016,c976089f-d0b7-4f43-b93e-25faa706cd90,436,1,00:12:55.604000,12,55,Carry,Barcelona,Javier Alejandro Mascherano,Left Center Back,20,Barcelona,27.7,13.3,0.30294,True,,,,,,,,,,27.5,10.7,,,,,,,,,,,,,
267533,2016-04-02,Barcelona,Real Madrid,La Liga,2015/2016,600a61ab-72c5-40ca-a084-7f1bdc0704ad,437,1,00:12:55.907000,12,55,Pass,Barcelona,Javier Alejandro Mascherano,Left Center Back,20,Barcelona,27.5,10.7,1.0409,,,,Sergio Busquets i Burgos,33.7,24.5,15.12878,1.1485451,Ground Pass,,,,,,,,,,,,,,,,
267533,2016-04-02,Barcelona,Real Madrid,La Liga,2015/2016,794fccdc-58c5-4c97-8f64-1aaff2bccb47,438,1,00:12:56.948000,12,56,Ball Receipt*,Barcelona,Sergio Busquets i Burgos,Center Defensive Midfield,20,Barcelona,33.7,24.5,,,,,,,,,,,,,,,,,,,,,,,,,,
267533,2016-04-02,Barcelona,Real Madrid,La Liga,2015/2016,17e90f0a-53b4-4ee2-ba07-c96f72498c66,439,1,00:12:56.948000,12,56,Carry,Barcelona,Sergio Busquets i Burgos,Center Defensive Midfield,20,Barcelona,33.7,24.5,0.0725,,,,,,,,,,,33.7,24.5,,,,,,,,,,,,,
267533,2016-04-02,Barcelona,Real Madrid,La Liga,2015/2016,3d7f79e0-c73b-4d0f-a1d9-fb08ed2ebc32,440,1,00:12:57.020000,12,57,Pass,Barcelona,Sergio Busquets i Burgos,Center Defensive Midfield,20,Barcelona,33.7,24.5,1.526585,,,,Claudio Andrés Bravo Muñoz,8.9,29.6,25.318966,2.938775,Ground Pass,,,,,,,,,,,,,,,,
267533,2016-04-02,Barcelona,Real Madrid,La Liga,2015/2016,3dc4a73f-3976-4c82-acca-dbd1cfc9710f,441,1,00:12:58.377000,12,58,Pressure,Real Madrid,Toni Kroos,Left Center Midfield,20,Barcelona,104.7,41.4,1.419658,,,,,,,,,,,,,,,,,,,,,,,,,
267533,2016-04-02,Barcelona,Real Madrid,La Liga,2015/2016,82120278-3017-40cd-a478-a7b460e06099,442,1,00:12:58.547000,12,58,Ball Receipt*,Barcelona,Claudio Andrés Bravo Muñoz,Goalkeeper,20,Barcelona,8.9,29.6,,True,,,,,,,,,,,,,,,,,,,,,,,,
267533,2016-04-02,Barcelona,Real Madrid,La Liga,2015/2016,7f95305a-179c-40d3-8321-daa4fb254b5c,443,1,00:12:58.547000,12,58,Carry,Barcelona,Claudio Andrés Bravo Muñoz,Goalkeeper,20,Barcelona,8.9,29.6,1.332915,True,,,,,,,,,,9.6,29.8,,,,,,,,,,,,,
267533,2016-04-02,Barcelona,Real Madrid,La Liga,2015/2016,567706a9-beb6-4856-a3a8-284ef6dcf738,444,1,00:12:59.880000,12,59,Pass,Barcelona,Claudio Andrés Bravo Muñoz,Goalkeeper,20,Barcelona,9.6,29.8,2.7894,,,,Neymar da Silva Santos Junior,54.1,13.1,47.53041,-0.35901693,High Pass,Incomplete,,,,,,,,,,,,,,,
267533,2016-04-02,Barcelona,Real Madrid,La Liga,2015/2016,d8ffe941-4852-4571-a431-2308c359aca7,445,1,00:13:02.669000,13,2,Ball Receipt*,Barcelona,Neymar da Silva Santos Junior,Left Wing,20,Barcelona,56.7,14.2,,,,,,,,,,,,,,,,,,,,,,,,,,
267533,2016-04-02,Barcelona,Real Madrid,La Liga,2015/2016,2b91b97c-2d69-4360-85fc-0826a0967a4c,446,1,00:13:02.669000,13,2,Pass,Real Madrid,Daniel Carvajal Ramos,Right Back,21,Real Madrid,66.0,67.0,1.6187,,,,Kléper Laveran Lima Ferreira,49.7,65.6,16.360012,-3.0559134,High Pass,,,,,,,,,,,,,,,,
267533,2016-04-02,Barcelona,Real Madrid,La Liga,2015/2016,ae7c601b-2907-4f8b-8713-2b28022fea3d,447,1,00:13:04.288000,13,4,Ball Receipt*,Real Madrid,Kléper Laveran Lima Ferreira,Right Center Back,21,Real Madrid,49.7,65.6,,,,,,,,,,,,,,,,,,,,,,,,,,
267533,2016-04-02,Barcelona,Real Madrid,La Liga,2015/2016,2b2a8ae7-cd69-430b-b301-a832af14f64b,448,1,00:13:04.288000,13,4,Pass,Real Madrid,Kléper Laveran Lima Ferreira,Right Center Back,21,Real Madrid,49.7,65.6,2.2161,,,,Gareth Frank Bale,69.9,76.2,22.812277,0.48325294,High Pass,Unknown,,,,,,,,,,,,,,,
267533,2016-04-02,Barcelona,Real Madrid,La Liga,2015/2016,7dfc61ab-29ef-4353-bf46-a8a9ee2f49c0,449,1,00:13:06.504000,13,6,Ball Receipt*,Real Madrid,Gareth Frank Bale,Right Wing,21,Real Madrid,69.9,76.2,,,,,,,,,,,,,,,,,,,,,,,,,,
267533,2016-04-02,Barcelona,Real Madrid,La Liga,2015/2016,42d9b686-c8f3-4e0c-918b-1b2def569f07,450,1,00:13:06.504000,13,6,Foul Committed,Barcelona,Jordi Alba Ramos,Left Back,21,Real Madrid,50.2,3.9,0.0,,,,,,,,,,,,,,,,,,,,,,,,,
267533,2016-04-02,Barcelona,Real Madrid,La Liga,2015/2016,506652be-2082-44b4-94f3-03b1024a614d,451,1,00:13:06.504000,13,6,Foul Won,Real Madrid,Gareth Frank Bale,Right Wing,21,Real Madrid,69.9,76.2,0.0,True,,,,,,,,,,,,,,,,,,,,True,,,,
267533,2016-04-02,Barcelona,Real Madrid,La Liga,2015/2016,5f44f635-33a1-433c-a284-3dbb0970b88a,452,1,00:13:21.662000,13,21,Pass,Real Madrid,Daniel Carvajal Ramos,Right Back,22,Real Madrid,69.9,75.6,0.742183,,True,,Luka Modrić,63.6,74.5,6.395311,-2.968732,Ground Pass,,,,,,,,,,,,,,,,
267533,2016-04-02,Barcelona,Real Madrid,La Liga,2015/2016,badc311d-1ee9-4fae-ba56-5f2f804511c6,453,1,00:13:22.404000,13,22,Ball Receipt*,Real Madrid,Luka Modrić,Right Center Midfield,22,Real Madrid,63.6,74.5,,,,,,,,,,,,,,,,,,,,,,,,,,
267533,2016-04-02,Barcelona,Real Madrid,La Liga,2015/2016,a57cb953-661b-4292-8eff-6477267274c8,454,1,00:13:23.224000,13,23,Pass,Real Madrid,Luka Modrić,Right Center Midfield,22,Real Madrid,63.6,73.6,0.712572,,,,Daniel Carvajal Ramos,70.3,76.2,7.1867933,0.37017083,Ground Pass,,,,,,,,,,,,,,,,
267533,2016-04-02,Barcelona,Real Madrid,La Liga,2015/2016,4e95fa56-5699-47d0-8623-9546edafe1e5,455,1,00:13:23.936000,13,23,Ball Receipt*,Real Madrid,Daniel Carvajal Ramos,Right Back,22,Real Madrid,70.3,76.2,,,,,,,,,,,,,,,,,,,,,,,,,,
267533,2016-04-02,Barcelona,Real Madrid,La Liga,2015/2016,430fd2f7-bda9-44fc-8d9b-5f79f8a0fd5a,456,1,00:13:23.936000,13,23,Carry,Real Madrid,Daniel Carvajal Ramos,Right Back,22,Real Madrid,70.3,76.2,0.793984,,,,,,,,,,,70.3,76.2,,,,,,,,,,,,,
267533,2016-04-02,Barcelona,Real Madrid,La Liga,2015/2016,7e8a8185-6b22-4dd9-88d5-da63d7769397,457,1,00:13:24.730000,13,24,Pass,Real Madrid,Daniel Carvajal Ramos,Right Back,22,Real Madrid,70.3,76.2,0.991844,,,,Carlos Henrique Casimiro,68.3,65.9,10.492378,-1.7625844,Ground Pass,,,,,,,,,,,,,,,,
267533,2016-04-02,Barcelona,Real Madrid,La Liga,2015/2016,c52bc7e4-8c1f-4f38-952c-63b761907b0d,458,1,00:13:25.011000,13,25,Pressure,Barcelona,Sergio Busquets i Burgos,Center Defensive Midfield,22,Real Madrid,48.2,17.0,1.379136,,,,,,,,,,,,,,,,,,,,,,,,,
267533,2016-04-02,Barcelona,Real Madrid,La Liga,2015/2016,d51c930e-d554-4790-a499-bf29038545fb,459,1,00:13:25.722000,13,25,Ball Receipt*,Real Madrid,Carlos Henrique Casimiro,Center Defensive Midfield,22,Real Madrid,68.3,65.9,,True,,,,,,,,,,,,,,,,,,,,,,,,
267533,2016-04-02,Barcelona,Real Madrid,La Liga,2015/2016,cfcd0a9f-3142-44da-a139-440a721cf565,460,1,00:13:25.722000,13,25,Carry,Real Madrid,Carlos Henrique Casimiro,Center Defensive Midfield,22,Real Madrid,68.3,65.9,1.1081,True,,,,,,,,,,66.2,69.1,,,,,,,,,,,,,
267533,2016-04-02,Barcelona,Real Madrid,La Liga,2015/2016,897a9b0f-2cfe-428e-b91d-7162ad42cfa6,461,1,00:13:26.660000,13,26,Pressure,Barcelona,Andrés Iniesta Luján,Left Center Midfield,22,Real Madrid,52.8,7.3,0.651198,,,,,,,,,,,,,,,,,,,,,,,,,
267533,2016-04-02,Barcelona,Real Madrid,La Liga,2015/2016,59f0a565-cd06-41b6-9bc2-b43b602ac740,462,1,00:13:26.830000,13,26,Pass,Real Madrid,Carlos Henrique Casimiro,Center Defensive Midfield,22,Real Madrid,66.2,69.1,1.8827,True,,,Kléper Laveran Lima Ferreira,56.2,77.5,13.059862,2.4429328,Low Pass,,,,,,,,,,,,,,,,
267533,2016-04-02,Barcelona,Real Madrid,La Liga,2015/2016,f92b5bd1-9d25-4041-be33-581dcfab7b84,463,1,00:13:28.713000,13,28,Ball Receipt*,Real Madrid,Kléper Laveran Lima Ferreira,Right Center Back,22,Real Madrid,56.2,77.5,,,,,,,,,,,,,,,,,,,,,,,,,,
267533,2016-04-02,Barcelona,Real Madrid,La Liga,2015/2016,17b20d8f-42b0-42f0-95b8-ea5502487a37,464,1,00:13:28.713000,13,28,Pass,Real Madrid,Kléper Laveran Lima Ferreira,Right Center Back,22,Real Madrid,56.2,77.5,4.212318,,,,,106.8,46.3,59.445774,-0.5525366,High Pass,Incomplete,,,,,,,,,,,,,,,
267533,2016-04-02,Barcelona,Real Madrid,La Liga,2015/2016,476b1fd8-e143-444f-9f13-a994e8daebe2,465,1,00:13:32.925000,13,32,Ball Recovery,Barcelona,Claudio Andrés Bravo Muñoz,Goalkeeper,23,Barcelona,13.3,33.8,0.0,,,,,,,,,,,,,,,,,,,,,,,,,
267533,2016-04-02,Barcelona,Real Madrid,La Liga,2015/2016,02e3e6d0-4ebc-4f67-957f-129e8df58ecc,466,1,00:13:32.925000,13,32,Carry,Barcelona,Claudio Andrés Bravo Muñoz,Goalkeeper,23,Barcelona,13.3,33.8,1.100782,,,,,,,,,,,14.4,35.2,,,,,,,,,,,,,
267533,2016-04-02,Barcelona,Real Madrid,La Liga,2015/2016,f4d1dff4-b3d4-4b0e-9b37-4164e4b5e8be,467,1,00:13:34.026000,13,34,Pass,Barcelona,Claudio Andrés Bravo Muñoz,Goalkeeper,23,Barcelona,14.4,35.2,0.716364,,,,Gerard Piqué Bernabéu,20.0,38.3,6.400781,0.5055811,Ground Pass,,,,,,,,,,,,,,,,
267533,2016-04-02,Barcelona,Real Madrid,La Liga,2015/2016,7b6f377d-8558-41da-a6cb-829c5b383738,468,1,00:13:34.742000,13,34,Ball Receipt*,Barcelona,Gerard Piqué Bernabéu,Right Center Back,23,Barcelona,20.0,38.3,,,,,,,,,,,,,,,,,,,,,,,,,,
267533,2016-04-02,Barcelona,Real Madrid,La Liga,2015/2016,4c9f968c-f231-4a5c-ac42-8e115d92da82,469,1,00:13:34.742000,13,34,Carry,Barcelona,Gerard Piqué Bernabéu,Right Center Back,23,Barcelona,20.0,38.3,4.586636,,,,,,,,,,,34.3,38.1,,,,,,,,,,,,,
267533,2016-04-02,Barcelona,Real Madrid,La Liga,2015/2016,08d38942-22aa-467f-9d83-febb1f55f2d5,470,1,00:13:39.329000,13,39,Pass,Barcelona,Gerard Piqué Bernabéu,Right Center Back,23,Barcelona,34.3,38.1,1.955708,,,,Javier Alejandro Mascherano,35.4,22.5,15.638734,-1.5004001,Ground Pass,,,,,,,,,,,,,,,,
267533,2016-04-02,Barcelona,Real Madrid,La Liga,2015/2016,ae372439-307a-4f21-bed4-bac03fa56287,471,1,00:13:41.285000,13,41,Ball Receipt*,Barcelona,Javier Alejandro Mascherano,Left Center Back,23,Barcelona,35.4,22.5,,,,,,,,,,,,,,,,,,,,,,,,,,
267533,2016-04-02,Barcelona,Real Madrid,La Liga,2015/2016,a89ab906-3e3e-4783-8bb0-ad0a9e630ee8,472,1,00:13:41.285000,13,41,Carry,Barcelona,Javier Alejandro Mascherano,Left Center Back,23,Barcelona,35.4,22.5,6.988492,,,,,,,,,,,51.0,20.4,,,,,,,,,,,,,
267533,2016-04-02,Barcelona,Real Madrid,La Liga,2015/2016,2acbdb8d-d17d-45f5-9799-a7f1d89e156e,473,1,00:13:48.273000,13,48,Pass,Barcelona,Javier Alejandro Mascherano,Left Center Back,23,Barcelona,51.0,20.4,2.1776,,,,Gerard Piqué Bernabéu,46.2,47.7,27.718765,1.7448416,Ground Pass,,,,,,,,,,,,,,,,
267533,2016-04-02,Barcelona,Real Madrid,La Liga,2015/2016,f73cfa43-0b31-4f66-87df-8100e2e16095,474,1,00:13:50.451000,13,50,Ball Receipt*,Barcelona,Gerard Piqué Bernabéu,Right Center Back,23,Barcelona,46.2,47.7,,,,,,,,,,,,,,,,,,,,,,,,,,
267533,2016-04-02,Barcelona,Real Madrid,La Liga,2015/2016,2c221123-2f21-44d0-9638-ff45f831fe78,475,1,00:13:50.451000,13,50,Carry,Barcelona,Gerard Piqué Bernabéu,Right Center Back,23,Barcelona,46.2,47.7,4.6946,,,,,,,,,,,55.0,44.9,,,,,,,,,,,,,
267533,2016-04-02,Barcelona,Real Madrid,La Liga,2015/2016,1e6d794e-5705-4015-8a35-1befb5152daa,476,1,00:13:55.146000,13,55,Pass,Barcelona,Gerard Piqué Bernabéu,Right Center Back,23,Barcelona,55.0,44.9,1.192398,,,,Andrés Iniesta Luján,62.7,33.3,13.923002,-0.98478574,Ground Pass,,,,,,,,,,,,,,,,
267533,2016-04-02,Barcelona,Real Madrid,La Liga,2015/2016,74816d59-9745-4a82-8e6e-3e3bcb60b3e3,477,1,00:13:56.338000,13,56,Ball Receipt*,Barcelona,Andrés Iniesta Luján,Left Center Midfield,23,Barcelona,62.7,33.3,,,,,,,,,,,,,,,,,,,,,,,,,,
267533,2016-04-02,Barcelona,Real Madrid,La Liga,2015/2016,d36cc987-6cc9-4501-bec5-dee4474eb476,478,1,00:13:56.338000,13,56,Carry,Barcelona,Andrés Iniesta Luján,Left Center Midfield,23,Barcelona,62.7,33.3,4.783402,,,,,,,,,,,62.1,46.1,,,,,,,,,,,,,
267533,2016-04-02,Barcelona,Real Madrid,La Liga,2015/2016,94b5c80c-87ad-4432-bb8e-f07cc4955b21,479,1,00:14:01.121000,14,1,Pass,Barcelona,Andrés Iniesta Luján,Left Center Midfield,23,Barcelona,62.1,46.1,0.903853,,,,Sergio Busquets i Burgos,65.6,35.2,11.448144,-1.260095,Ground Pass,,,,,,,,,,,,,,,,
267533,2016-04-02,Barcelona,Real Madrid,La Liga,2015/2016,d21b1933-8e73-4f80-93fa-d8ec3bafab3f,480,1,00:14:02.025000,14,2,Ball Receipt*,Barcelona,Sergio Busquets i Burgos,Center Defensive Midfield,23,Barcelona,65.6,35.2,,,,,,,,,,,,,,,,,,,,,,,,,,
267533,2016-04-02,Barcelona,Real Madrid,La Liga,2015/2016,0cdc0b36-c775-4c10-8883-0f37c5f89701,481,1,00:14:02.025000,14,2,Carry,Barcelona,Sergio Busquets i Burgos,Center Defensive Midfield,23,Barcelona,65.6,35.2,0.181447,,,,,,,,,,,65.2,34.9,,,,,,,,,,,,,
267533,2016-04-02,Barcelona,Real Madrid,La Liga,2015/2016,af372ac3-0861-44fb-8ad8-437eb78dd2a6,482,1,00:14:02.207000,14,2,Pass,Barcelona,Sergio Busquets i Burgos,Center Defensive Midfield,23,Barcelona,65.2,34.9,0.852177,,,,Javier Alejandro Mascherano,56.5,27.8,11.229425,-2.4571164,Ground Pass,,,,,,,,,,,,,,,,
267533,2016-04-02,Barcelona,Real Madrid,La Liga,2015/2016,99c8c2d0-dc0e-4deb-94d0-d0f0b4789d53,483,1,00:14:03.059000,14,3,Ball Receipt*,Barcelona,Javier Alejandro Mascherano,Left Center Back,23,Barcelona,56.5,27.8,,,,,,,,,,,,,,,,,,,,,,,,,,
267533,2016-04-02,Barcelona,Real Madrid,La Liga,2015/2016,84043791-c489-4487-9220-c32678b10aec,484,1,00:14:03.059000,14,3,Carry,Barcelona,Javier Alejandro Mascherano,Left Center Back,23,Barcelona,56.5,27.8,1.468423,,,,,,,,,,,56.7,22.1,,,,,,,,,,,,,
267533,2016-04-02,Barcelona,Real Madrid,La Liga,2015/2016,d679dd7b-c2f1-400e-a8a4-81d9cd1e2d60,485,1,00:14:04.527000,14,4,Pass,Barcelona,Javier Alejandro Mascherano,Left Center Back,23,Barcelona,56.7,22.1,1.051891,,,,Jordi Alba Ramos,63.9,6.6,17.090641,-1.1359366,Ground Pass,,,,,,,,,,,,,,,,
267533,2016-04-02,Barcelona,Real Madrid,La Liga,2015/2016,4442a7a4-a5f5-4659-8e92-daa36ff54150,486,1,00:14:05.579000,14,5,Ball Receipt*,Barcelona,Jordi Alba Ramos,Left Back,23,Barcelona,63.9,6.6,,,,,,,,,,,,,,,,,,,,,,,,,,
267533,2016-04-02,Barcelona,Real Madrid,La Liga,2015/2016,d6820616-8d7f-4b68-b479-9fa3cddaf42f,487,1,00:14:05.579000,14,5,Carry,Barcelona,Jordi Alba Ramos,Left Back,23,Barcelona,63.9,6.6,0.887609,,,,,,,,,,,63.8,8.7,,,,,,,,,,,,,
267533,2016-04-02,Barcelona,Real Madrid,La Liga,2015/2016,7b5febce-9a98-4766-8b74-c256aefcc8cc,488,1,00:14:06.467000,14,6,Pass,Barcelona,Jordi Alba Ramos,Left Back,23,Barcelona,63.8,8.7,0.6896,,,,Neymar da Silva Santos Junior,70.3,4.6,7.6850505,-0.5627372,Ground Pass,,,,,,,,,,,,,,,,
267533,2016-04-02,Barcelona,Real Madrid,La Liga,2015/2016,fc96c916-026e-413b-9770-5eba1faba8e8,489,1,00:14:06.796000,14,6,Pressure,Real Madrid,Daniel Carvajal Ramos,Right Back,23,Barcelona,45.4,75.2,5.427241,,,,,,,,,,,,,,,,,,,,,,,,,
267533,2016-04-02,Barcelona,Real Madrid,La Liga,2015/2016,8e0f16a0-61d8-4aac-b7ef-3ce9937f54e7,490,1,00:14:07.156000,14,7,Ball Receipt*,Barcelona,Neymar da Silva Santos Junior,Left Wing,23,Barcelona,70.3,4.6,,True,,,,,,,,,,,,,,,,,,,,,,,,
267533,2016-04-02,Barcelona,Real Madrid,La Liga,2015/2016,81dd5dd7-04ba-4add-a95a-b4292b2bf903,491,1,00:14:07.156000,14,7,Carry,Barcelona,Neymar da Silva Santos Junior,Left Wing,23,Barcelona,70.3,4.6,5.1438,True,,,,,,,,,,64.7,39.0,,,,,,,,,,,,,
267533,2016-04-02,Barcelona,Real Madrid,La Liga,2015/2016,75ca8207-87de-45c8-87e2-733d0d39687a,492,1,00:14:12.300000,14,12,Pass,Barcelona,Neymar da Silva Santos Junior,Left Wing,23,Barcelona,64.7,39.0,0.0906,,,,Lionel Andrés Messi Cuccittini,65.9,42.1,3.3241541,1.2014626,Ground Pass,Incomplete,,,,,,,,,,,,,,,
267533,2016-04-02,Barcelona,Real Madrid,La Liga,2015/2016,f95f09f5-d9d3-4014-aa46-2955b6948b6c,493,1,00:14:12.391000,14,12,Ball Receipt*,Barcelona,Lionel Andrés Messi Cuccittini,Center Forward,23,Barcelona,66.9,45.2,,,,,,,,,,,,,,,,,,,,,,,,,,
267533,2016-04-02,Barcelona,Real Madrid,La Liga,2015/2016,dd09dd20-463d-4f47-ac61-f8695a87ac13,494,1,00:14:12.391000,14,12,Block,Real Madrid,Daniel Carvajal Ramos,Right Back,23,Barcelona,54.2,38.0,0.0,,,,,,,,,,,,,,,,,,,,,,,,,
267533,2016-04-02,Barcelona,Real Madrid,La Liga,2015/2016,688d49c4-7e15-4313-8f8f-aedd29720aa3,495,1,00:14:13.044000,14,13,Pressure,Real Madrid,Cristiano Ronaldo dos Santos Aveiro,Left Wing,23,Barcelona,54.9,22.1,1.627635,,,,,,,,,,,,,,,,,,,,,,,,,
267533,2016-04-02,Barcelona,Real Madrid,La Liga,2015/2016,009209cf-798b-4b48-8111-6a339da21201,496,1,00:14:14.609000,14,14,Ball Recovery,Barcelona,Neymar da Silva Santos Junior,Left Wing,23,Barcelona,51.4,59.7,0.0,True,,,,,,,,,,,,,,,,,,,,,,,,
267533,2016-04-02,Barcelona,Real Madrid,La Liga,2015/2016,49317ffb-fd5d-4e7b-a811-5c6fdfd2a05c,497,1,00:14:14.609000,14,14,Carry,Barcelona,Neymar da Silva Santos Junior,Left Wing,23,Barcelona,51.4,59.7,0.3324,True,,,,,,,,,,51.4,59.7,,,,,,,,,,,,,
267533,2016-04-02,Barcelona,Real Madrid,La Liga,2015/2016,6c4a0f7e-e0cd-4bac-a733-1e860190a140,498,1,00:14:14.941000,14,14,Foul Committed,Real Madrid,Cristiano Ronaldo dos Santos Aveiro,Left Wing,23,Barcelona,68.7,20.4,0.0,,,,,,,,,,,,,,,,,,,,,,,,,
267533,2016-04-02,Barcelona,Real Madrid,La Liga,2015/2016,93c5f7a8-3caf-4872-9490-f3027aa80e8c,499,1,00:14:14.941000,14,14,Foul Won,Barcelona,Neymar da Silva Santos Junior,Left Wing,23,Barcelona,51.4,59.7,0.0,True,,,,,,,,,,,,,,,,,,,,,,,,
267533,2016-04-02,Barcelona,Real Madrid,La Liga,2015/2016,370a5e98-fba1-43a3-91b2-9afaad420471,500,1,00:14:28.876000,14,28,Pass,Barcelona,Gerard Piqué Bernabéu,Right Center Back,24,Barcelona,52.2,60.0,3.021312,,True,,Javier Alejandro Mascherano,50.5,37.8,22.264996,-1.6472237,Ground Pass,,,,,,,,,,,,,,,,
267533,2016-04-02,Barcelona,Real Madrid,La Liga,2015/2016,a05e3e7c-3dcb-4b43-a335-ed3539209c97,501,1,00:14:31.897000,14,31,Ball Receipt*,Barcelona,Javier Alejandro Mascherano,Left Center Back,24,Barcelona,50.5,37.8,,,,,,,,,,,,,,,,,,,,,,,,,,
267533,2016-04-02,Barcelona,Real Madrid,La Liga,2015/2016,1d70dfc5-daa5-48f0-8460-9d8e826af086,502,1,00:14:37.166000,14,37,Pass,Barcelona,Javier Alejandro Mascherano,Left Center Back,24,Barcelona,52.2,37.5,2.650964,,,,Neymar da Silva Santos Junior,89.9,2.8,51.23846,-0.7439854,High Pass,,,,,,,,,,,,,,,,
267533,2016-04-02,Barcelona,Real Madrid,La Liga,2015/2016,9cd4a89e-2d7a-4e93-b619-305eb30f02bd,503,1,00:14:39.817000,14,39,Ball Receipt*,Barcelona,Neymar da Silva Santos Junior,Left Wing,24,Barcelona,89.9,2.8,,,,,,,,,,,,,,,,,,,,,,,,,,
267533,2016-04-02,Barcelona,Real Madrid,La Liga,2015/2016,24695773-9b14-4c0f-a2d2-f946e69600a2,504,1,00:14:39.958000,14,39,Pass,Barcelona,Neymar da Silva Santos Junior,Left Wing,24,Barcelona,90.2,2.8,0.6411,,,,Jordi Alba Ramos,86.5,6.2,5.0249376,2.398423,Low Pass,,,,,,,,,,,,,,,,
267533,2016-04-02,Barcelona,Real Madrid,La Liga,2015/2016,d0043f63-77c2-4d41-ab0a-86564b48649a,505,1,00:14:40.599000,14,40,Ball Receipt*,Barcelona,Jordi Alba Ramos,Left Back,24,Barcelona,86.5,6.2,,,,,,,,,,,,,,,,,,,,,,,,,,
267533,2016-04-02,Barcelona,Real Madrid,La Liga,2015/2016,96f86157-3beb-483d-8fff-b2f56f823cac,506,1,00:14:40.679000,14,40,Pass,Barcelona,Jordi Alba Ramos,Left Back,24,Barcelona,86.5,6.2,0.7892,,,,Neymar da Silva Santos Junior,91.6,4.0,5.5542774,-0.40725586,Low Pass,Incomplete,,,,,,,,,,,,,,,
267533,2016-04-02,Barcelona,Real Madrid,La Liga,2015/2016,faf7f40c-9977-4398-bf9e-ca3f8dedacb6,507,1,00:14:41.468000,14,41,Ball Receipt*,Barcelona,Neymar da Silva Santos Junior,Left Wing,24,Barcelona,92.8,2.2,,,,,,,,,,,,,,,,,,,,,,,,,,
267533,2016-04-02,Barcelona,Real Madrid,La Liga,2015/2016,e26ed18d-e178-4535-9e12-09227a154ab7,508,1,00:14:41.468000,14,41,Interception,Real Madrid,Daniel Carvajal Ramos,Right Back,24,Barcelona,28.5,76.1,0.0,,,,,,,,,,,,,,,,,,,,,,,,,
267533,2016-04-02,Barcelona,Real Madrid,La Liga,2015/2016,b1aad0a4-3410-4008-8acd-b94d986b7195,509,1,00:14:47.015000,14,47,Ball Recovery,Barcelona,Javier Alejandro Mascherano,Left Center Back,25,Barcelona,34.9,25.3,0.0,,True,,,,,,,,,,,,,,,,,,,,,,,
267533,2016-04-02,Barcelona,Real Madrid,La Liga,2015/2016,70df1502-7187-4150-bbfc-24985d7febbb,510,1,00:14:47.812000,14,47,Pass,Barcelona,Javier Alejandro Mascherano,Left Center Back,25,Barcelona,37.4,21.3,0.1516,,True,,Andrés Iniesta Luján,52.1,5.9,21.289669,-0.8086498,Ground Pass,,,,,,,,,,,,,,,,
267533,2016-04-02,Barcelona,Real Madrid,La Liga,2015/2016,aab31b19-d6e3-4d2e-b01b-1752cb4c2b2c,511,1,00:14:47.963000,14,47,Ball Receipt*,Barcelona,Andrés Iniesta Luján,Left Center Midfield,25,Barcelona,52.1,5.9,,,,,,,,,,,,,,,,,,,,,,,,,,
267533,2016-04-02,Barcelona,Real Madrid,La Liga,2015/2016,d65e391d-73bb-435e-9f60-3b4b04263576,512,1,00:14:48.313000,14,48,Pass,Barcelona,Andrés Iniesta Luján,Left Center Midfield,25,Barcelona,57.6,7.4,1.0141,,,,Sergio Busquets i Burgos,63.6,18.4,12.529964,1.0714496,Ground Pass,,,,,,,,,,,,,,,,
267533,2016-04-02,Barcelona,Real Madrid,La Liga,2015/2016,f427cf29-8125-4f7f-8a87-8c8479ffcf86,513,1,00:14:49.327000,14,49,Ball Receipt*,Barcelona,Sergio Busquets i Burgos,Center Defensive Midfield,25,Barcelona,63.6,18.4,,,,,,,,,,,,,,,,,,,,,,,,,,
267533,2016-04-02,Barcelona,Real Madrid,La Liga,2015/2016,23692c94-e842-47e0-b790-77279202cce2,514,1,00:14:49.327000,14,49,Carry,Barcelona,Sergio Busquets i Burgos,Center Defensive Midfield,25,Barcelona,63.6,18.4,0.08,,,,,,,,,,,63.6,18.7,,,,,,,,,,,,,
267533,2016-04-02,Barcelona,Real Madrid,La Liga,2015/2016,cd8d1f77-0ef7-4783-a2c7-bd2cc6751063,515,1,00:14:49.407000,14,49,Pass,Barcelona,Sergio Busquets i Burgos,Center Defensive Midfield,25,Barcelona,63.6,18.7,0.571657,,,,Andrés Iniesta Luján,61.2,8.5,10.47855,-1.801887,Ground Pass,,,,,,,,,,,,,,,,
267533,2016-04-02,Barcelona,Real Madrid,La Liga,2015/2016,6af65cc7-034a-4e0b-a172-b74ca86608c5,516,1,00:14:49.978000,14,49,Ball Receipt*,Barcelona,Andrés Iniesta Luján,Left Center Midfield,25,Barcelona,61.2,8.5,,,,,,,,,,,,,,,,,,,,,,,,,,
267533,2016-04-02,Barcelona,Real Madrid,La Liga,2015/2016,73380d8e-4d34-4d06-92a0-4bb64bf1cbd3,517,1,00:14:49.978000,14,49,Carry,Barcelona,Andrés Iniesta Luján,Left Center Midfield,25,Barcelona,61.2,8.5,0.846443,,,,,,,,,,,61.9,9.7,,,,,,,,,,,,,
267533,2016-04-02,Barcelona,Real Madrid,La Liga,2015/2016,68321a47-857b-434b-91f0-b8f0dc5abbff,518,1,00:14:50.825000,14,50,Pass,Barcelona,Andrés Iniesta Luján,Left Center Midfield,25,Barcelona,61.9,9.7,0.8766,,,,Luis Alberto Suárez Díaz,73.3,15.7,12.882546,0.48447794,Low Pass,Incomplete,,,,,,,,,,,,,,,
267533,2016-04-02,Barcelona,Real Madrid,La Liga,2015/2016,14982c06-fe2a-4ad3-a086-80844e7e02e7,519,1,00:14:51.701000,14,51,Ball Receipt*,Barcelona,Luis Alberto Suárez Díaz,Right Wing,25,Barcelona,74.9,17.0,,,,,,,,,,,,,,,,,,,,,,,,,,
267533,2016-04-02,Barcelona,Real Madrid,La Liga,2015/2016,87362687-09d0-4c6c-8d87-37c7a7ffeee8,520,1,00:14:51.701000,14,51,Pass,Real Madrid,Daniel Carvajal Ramos,Right Back,26,Real Madrid,46.8,64.4,1.0728,,,,Gareth Frank Bale,53.5,73.3,11.1400175,0.9254999,Low Pass,,,,,,,,,,,,,,,,
267533,2016-04-02,Barcelona,Real Madrid,La Liga,2015/2016,7503606a-0dcf-4033-b4e8-1c9e2dd48b2c,521,1,00:14:52.774000,14,52,Ball Receipt*,Real Madrid,Gareth Frank Bale,Right Wing,26,Real Madrid,53.5,73.3,,,,,,,,,,,,,,,,,,,,,,,,,,
267533,2016-04-02,Barcelona,Real Madrid,La Liga,2015/2016,bb4398df-2c10-41fc-92ed-ac7ad3d3a289,522,1,00:14:52.774000,14,52,Pass,Real Madrid,Gareth Frank Bale,Right Wing,26,Real Madrid,53.5,73.3,1.0559,,,,Luka Modrić,60.8,65.6,10.610373,-0.8120585,High Pass,,,,,,,,,,,,,,,,
267533,2016-04-02,Barcelona,Real Madrid,La Liga,2015/2016,36740c0c-8e6e-41f4-8415-6dc5b509a03c,523,1,00:14:53.666000,14,53,Pressure,Barcelona,Sergio Busquets i Burgos,Center Defensive Midfield,26,Real Madrid,60.4,17.4,1.159415,,,,,,,,,,,,,,,,,,,,,,,,,
267533,2016-04-02,Barcelona,Real Madrid,La Liga,2015/2016,2cbdb62f-a668-4f9e-aa79-305e8b6f6995,524,1,00:14:53.830000,14,53,Ball Receipt*,Real Madrid,Luka Modrić,Right Center Midfield,26,Real Madrid,60.8,65.6,,True,,,,,,,,,,,,,,,,,,,,,,,,
267533,2016-04-02,Barcelona,Real Madrid,La Liga,2015/2016,e742d481-1843-4cf3-8583-dbf5a8bea652,525,1,00:14:53.830000,14,53,Carry,Real Madrid,Luka Modrić,Right Center Midfield,26,Real Madrid,60.8,65.6,1.2162,True,,,,,,,,,,65.9,61.9,,,,,,,,,,,,,
267533,2016-04-02,Barcelona,Real Madrid,La Liga,2015/2016,494e0a3a-1d57-4c62-ac78-5f17722be8ef,526,1,00:14:55.046000,14,55,Foul Committed,Barcelona,Sergio Busquets i Burgos,Center Defensive Midfield,26,Real Madrid,54.2,18.2,0.0,,,,,,,,,,,,,,,,,,,,,,,,,
267533,2016-04-02,Barcelona,Real Madrid,La Liga,2015/2016,f168c748-5a73-4f57-920e-d6dfb8bb40fd,527,1,00:14:55.046000,14,55,Foul Won,Real Madrid,Luka Modrić,Right Center Midfield,26,Real Madrid,65.9,61.9,0.0,True,,,,,,,,,,,,,,,,,,,,,,,,
267533,2016-04-02,Barcelona,Real Madrid,La Liga,2015/2016,7635eefc-d9ee-49ec-b974-892bd9e7fac1,528,1,00:15:13.430000,15,13,Pass,Real Madrid,Luka Modrić,Right Center Midfield,27,Real Madrid,73.0,59.4,2.5536,,,,Gareth Frank Bale,106.1,58.8,33.10544,-0.018124903,High Pass,,,,,,,,,,,,,,,,
267533,2016-04-02,Barcelona,Real Madrid,La Liga,2015/2016,8b4b2520-1760-4bdd-8f67-4e8ab4654686,529,1,00:15:15.984000,15,15,Ball Receipt*,Real Madrid,Gareth Frank Bale,Right Wing,27,Real Madrid,106.1,58.8,,,,,,,,,,,,,,,,,,,,,,,,,,
267533,2016-04-02,Barcelona,Real Madrid,La Liga,2015/2016,65609d2d-f5b7-4a1d-a7b6-ca7d3598a679,530,1,00:15:15.984000,15,15,Carry,Real Madrid,Gareth Frank Bale,Right Wing,27,Real Madrid,106.1,58.8,0.7292,,,,,,,,,,,113.1,54.0,,,,,,,,,,,,,
267533,2016-04-02,Barcelona,Real Madrid,La Liga,2015/2016,75c51c3d-06e6-4b06-a76a-76b820c2b710,531,1,00:15:16.713000,15,16,Pass,Real Madrid,Gareth Frank Bale,Right Wing,27,Real Madrid,113.1,54.0,0.3756,,,,Cristiano Ronaldo dos Santos Aveiro,113.8,46.8,7.2339478,-1.4738787,Ground Pass,Incomplete,,,,,,,,,,,,,,,
267533,2016-04-02,Barcelona,Real Madrid,La Liga,2015/2016,1d299306-028a-4613-9fa6-bc5739ec5839,532,1,00:15:17.089000,15,17,Ball Receipt*,Real Madrid,Cristiano Ronaldo dos Santos Aveiro,Left Wing,27,Real Madrid,106.0,39.2,,,,,,,,,,,,,,,,,,,,,,,,,,
267533,2016-04-02,Barcelona,Real Madrid,La Liga,2015/2016,5df53e84-5a55-4ab6-b76d-59ed2a07dc16,533,1,00:15:17.089000,15,17,Block,Barcelona,Gerard Piqué Bernabéu,Right Center Back,27,Real Madrid,6.3,33.3,0.0,,,,,,,,,,,,,,,,,,,,,,,,,
267533,2016-04-02,Barcelona,Real Madrid,La Liga,2015/2016,4c39f636-e994-4dbe-a737-9aa51f151f45,534,1,00:15:17.852000,15,17,Ball Recovery,Barcelona,Claudio Andrés Bravo Muñoz,Goalkeeper,27,Real Madrid,4.4,35.0,0.0,,,,,,,,,,,,,,,,,,,,,,,,,
267533,2016-04-02,Barcelona,Real Madrid,La Liga,2015/2016,0c01ad2b-1941-4659-b9d8-baf1728dbd1a,535,1,00:15:17.852000,15,17,Carry,Barcelona,Claudio Andrés Bravo Muñoz,Goalkeeper,27,Real Madrid,4.4,35.0,2.937726,,,,,,,,,,,15.7,40.0,,,,,,,,,,,,,
267533,2016-04-02,Barcelona,Real Madrid,La Liga,2015/2016,ec3377bc-36a1-49f5-9205-7e5c327d28ba,536,1,00:15:20.790000,15,20,Pass,Barcelona,Claudio Andrés Bravo Muñoz,Goalkeeper,27,Real Madrid,15.7,40.0,2.878755,,,,Luis Alberto Suárez Díaz,54.8,59.1,43.515743,0.45439813,High Pass,Incomplete,,,,,,,,,,,,,,,
267533,2016-04-02,Barcelona,Real Madrid,La Liga,2015/2016,7a865479-fb79-4e44-9770-8cfcac439e25,537,1,00:15:23.668000,15,23,Ball Receipt*,Barcelona,Luis Alberto Suárez Díaz,Right Wing,27,Real Madrid,65.2,56.9,,,,,,,,,,,,,,,,,,,,,,,,,,
267533,2016-04-02,Barcelona,Real Madrid,La Liga,2015/2016,5dd7f167-9e47-4b2d-b176-0442282e7b02,538,1,00:15:23.668000,15,23,Ball Recovery,Real Madrid,Marcelo Vieira da Silva Júnior,Left Back,27,Real Madrid,65.3,21.0,0.0,,,,,,,,,,,,,,,,,,,,,,,,,
267533,2016-04-02,Barcelona,Real Madrid,La Liga,2015/2016,277f796a-6693-4ed8-ab9b-01e31fbfa599,539,1,00:15:23.668000,15,23,Carry,Real Madrid,Marcelo Vieira da Silva Júnior,Left Back,27,Real Madrid,65.3,21.0,2.1018,,,,,,,,,,,75.7,19.9,,,,,,,,,,,,,
267533,2016-04-02,Barcelona,Real Madrid,La Liga,2015/2016,aee92510-e585-48ab-b38d-a2171992f5fe,540,1,00:15:25.770000,15,25,Pass,Real Madrid,Marcelo Vieira da Silva Júnior,Left Back,27,Real Madrid,75.7,19.9,0.554805,,,,Toni Kroos,78.4,25.8,6.4884515,1.1416178,Ground Pass,,,,,,,,,,,,,,,,
267533,2016-04-02,Barcelona,Real Madrid,La Liga,2015/2016,20de2eca-4ddc-4d1e-9c30-593fe36cbf98,541,1,00:15:26.325000,15,26,Ball Receipt*,Real Madrid,Toni Kroos,Left Center Midfield,27,Real Madrid,78.4,25.8,,,,,,,,,,,,,,,,,,,,,,,,,,
267533,2016-04-02,Barcelona,Real Madrid,La Liga,2015/2016,b9c89975-682e-404a-aa6e-ad317e226c76,542,1,00:15:26.325000,15,26,Carry,Real Madrid,Toni Kroos,Left Center Midfield,27,Real Madrid,78.4,25.8,1.625895,,,,,,,,,,,70.5,25.2,,,,,,,,,,,,,
267533,2016-04-02,Barcelona,Real Madrid,La Liga,2015/2016,d1d34ca8-5cc7-4c66-ac52-88a7fe81ff8c,543,1,00:15:27.951000,15,27,Pass,Real Madrid,Toni Kroos,Left Center Midfield,27,Real Madrid,70.5,25.2,1.561241,,,,Luka Modrić,65.4,46.2,21.610415,1.8090411,Ground Pass,,,,,,,,,,,,,,,,
267533,2016-04-02,Barcelona,Real Madrid,La Liga,2015/2016,e6cef763-23a8-4c88-b49c-7afff168c0cb,544,1,00:15:29.512000,15,29,Ball Receipt*,Real Madrid,Luka Modrić,Right Center Midfield,27,Real Madrid,65.4,46.2,,,,,,,,,,,,,,,,,,,,,,,,,,
267533,2016-04-02,Barcelona,Real Madrid,La Liga,2015/2016,efbd9dc6-1eba-4711-bf9a-31951c7c4b35,545,1,00:15:29.512000,15,29,Carry,Real Madrid,Luka Modrić,Right Center Midfield,27,Real Madrid,65.4,46.2,4.590159,,,,,,,,,,,69.1,72.7,,,,,,,,,,,,,
267533,2016-04-02,Barcelona,Real Madrid,La Liga,2015/2016,aeeab9aa-39eb-4759-a384-94ea3e693c87,546,1,00:15:34.102000,15,34,Pass,Real Madrid,Luka Modrić,Right Center Midfield,27,Real Madrid,69.1,72.7,1.237258,,,,Daniel Carvajal Ramos,57.7,71.6,11.452948,-3.0453992,Ground Pass,,,,,,,,,,,,,,,,
267533,2016-04-02,Barcelona,Real Madrid,La Liga,2015/2016,44ec17c8-740d-4e50-905c-2e198c83be94,547,1,00:15:35.340000,15,35,Ball Receipt*,Real Madrid,Daniel Carvajal Ramos,Right Back,27,Real Madrid,57.7,71.6,,,,,,,,,,,,,,,,,,,,,,,,,,
267533,2016-04-02,Barcelona,Real Madrid,La Liga,2015/2016,2e5a1942-0d16-4003-baa4-86071128eed5,548,1,00:15:35.340000,15,35,Carry,Real Madrid,Daniel Carvajal Ramos,Right Back,27,Real Madrid,57.7,71.6,1.045448,,,,,,,,,,,57.7,67.4,,,,,,,,,,,,,
267533,2016-04-02,Barcelona,Real Madrid,La Liga,2015/2016,548dda01-01dd-4884-9015-b45967284ba5,549,1,00:15:36.385000,15,36,Pass,Real Madrid,Daniel Carvajal Ramos,Right Back,27,Real Madrid,57.7,67.4,1.343394,,,,Kléper Laveran Lima Ferreira,48.6,52.2,17.715813,-2.1102479,Ground Pass,,,,,,,,,,,,,,,,
267533,2016-04-02,Barcelona,Real Madrid,La Liga,2015/2016,4e0cb4d7-fb56-47ca-bfee-e9c612a44547,550,1,00:15:37.728000,15,37,Ball Receipt*,Real Madrid,Kléper Laveran Lima Ferreira,Right Center Back,27,Real Madrid,48.6,52.2,,,,,,,,,,,,,,,,,,,,,,,,,,
267533,2016-04-02,Barcelona,Real Madrid,La Liga,2015/2016,ccc058a8-fde6-4131-ad25-be3e2456a933,551,1,00:15:37.728000,15,37,Carry,Real Madrid,Kléper Laveran Lima Ferreira,Right Center Back,27,Real Madrid,48.6,52.2,0.802955,,,,,,,,,,,48.6,52.2,,,,,,,,,,,,,
267533,2016-04-02,Barcelona,Real Madrid,La Liga,2015/2016,2d93e4fe-12f2-452d-a497-ea2977ff9f93,552,1,00:15:38.531000,15,38,Pass,Real Madrid,Kléper Laveran Lima Ferreira,Right Center Back,27,Real Madrid,48.6,52.2,1.209976,,,,Toni Kroos,56.2,40.1,14.288807,-1.0099715,Ground Pass,,,,,,,,,,,,,,,,
267533,2016-04-02,Barcelona,Real Madrid,La Liga,2015/2016,311efffb-4b6b-447f-83a8-19e9292c05a2,553,1,00:15:39.741000,15,39,Ball Receipt*,Real Madrid,Toni Kroos,Left Center Midfield,27,Real Madrid,56.2,40.1,,,,,,,,,,,,,,,,,,,,,,,,,,
267533,2016-04-02,Barcelona,Real Madrid,La Liga,2015/2016,49c570b8-00cb-4595-aeda-97c32ff7a34d,554,1,00:15:39.741000,15,39,Carry,Real Madrid,Toni Kroos,Left Center Midfield,27,Real Madrid,56.2,40.1,1.550678,True,,,,,,,,,,56.5,42.0,,,,,,,,,,,,,
267533,2016-04-02,Barcelona,Real Madrid,La Liga,2015/2016,53445362-acfe-494b-b8b5-3ca451c85892,555,1,00:15:39.919000,15,39,Pressure,Barcelona,Ivan Rakitić,Right Center Midfield,27,Real Madrid,59.5,44.9,1.741539,,,,,,,,,,,,,,,,,,,,,,,,,
267533,2016-04-02,Barcelona,Real Madrid,La Liga,2015/2016,ce7a84d8-2560-423e-9350-92e463732c85,556,1,00:15:41.292000,15,41,Pass,Real Madrid,Toni Kroos,Left Center Midfield,27,Real Madrid,56.5,42.0,0.875776,True,,,Carlos Henrique Casimiro,52.6,50.8,9.625487,1.9879658,Ground Pass,,,,,,,,,,,,,,,,
267533,2016-04-02,Barcelona,Real Madrid,La Liga,2015/2016,4baf1d92-ca76-4f52-b0ab-50ecd28aa897,557,1,00:15:42.168000,15,42,Ball Receipt*,Real Madrid,Carlos Henrique Casimiro,Center Defensive Midfield,27,Real Madrid,52.6,50.8,,,,,,,,,,,,,,,,,,,,,,,,,,
267533,2016-04-02,Barcelona,Real Madrid,La Liga,2015/2016,763f518a-9b60-47d5-84bf-ccc89f513cc9,558,1,00:15:42.168000,15,42,Carry,Real Madrid,Carlos Henrique Casimiro,Center Defensive Midfield,27,Real Madrid,52.6,50.8,0.787615,,,,,,,,,,,50.5,49.1,,,,,,,,,,,,,
267533,2016-04-02,Barcelona,Real Madrid,La Liga,2015/2016,7155a705-533e-42ed-b6ee-47903f6c8333,559,1,00:15:42.955000,15,42,Pass,Real Madrid,Carlos Henrique Casimiro,Center Defensive Midfield,27,Real Madrid,50.5,49.1,2.2267,,,,Marcelo Vieira da Silva Júnior,50.0,3.6,45.502747,-1.5817848,High Pass,,,,,,,,,,,,,,,,
267533,2016-04-02,Barcelona,Real Madrid,La Liga,2015/2016,df37e75f-1eb7-4e2e-8895-85989718e76b,560,1,00:15:45.182000,15,45,Ball Receipt*,Real Madrid,Marcelo Vieira da Silva Júnior,Left Back,27,Real Madrid,50.0,3.6,,,,,,,,,,,,,,,,,,,,,,,,,,
267533,2016-04-02,Barcelona,Real Madrid,La Liga,2015/2016,e1991e6e-46f5-48cd-970a-c75e8064ce67,561,1,00:15:45.182000,15,45,Miscontrol,Real Madrid,Marcelo Vieira da Silva Júnior,Left Back,27,Real Madrid,50.0,3.6,0.0,,,True,,,,,,,,,,,,,,,,,,,,,,
267533,2016-04-02,Barcelona,Real Madrid,La Liga,2015/2016,90589e2c-700e-4e74-a515-c38e8dca05b4,562,1,00:15:50.516000,15,50,Pass,Barcelona,Luis Alberto Suárez Díaz,Right Wing,28,Barcelona,70.3,80.0,0.837137,,True,,Ivan Rakitić,74.9,76.8,5.6035705,-0.607802,Low Pass,,,,,,,,,,,,,,,,
267533,2016-04-02,Barcelona,Real Madrid,La Liga,2015/2016,7742e11f-9df4-498f-a564-d352ff5e2e0c,563,1,00:15:51.353000,15,51,Ball Receipt*,Barcelona,Ivan Rakitić,Right Center Midfield,28,Barcelona,74.9,76.8,,,,,,,,,,,,,,,,,,,,,,,,,,
267533,2016-04-02,Barcelona,Real Madrid,La Liga,2015/2016,2d2e9d26-0072-4cb3-8426-5847df5bf6d3,564,1,00:15:51.486000,15,51,Pass,Barcelona,Ivan Rakitić,Right Center Midfield,28,Barcelona,76.0,72.8,0.511962,,True,,Luis Alberto Suárez Díaz,71.5,78.2,7.029225,2.2655346,Ground Pass,,,,,,,,,,,,,,,,
267533,2016-04-02,Barcelona,Real Madrid,La Liga,2015/2016,01245c9b-abcd-46c1-8db1-9deccc373c79,565,1,00:15:51.998000,15,51,Ball Receipt*,Barcelona,Luis Alberto Suárez Díaz,Right Wing,28,Barcelona,71.5,78.2,,,,,,,,,,,,,,,,,,,,,,,,,,
267533,2016-04-02,Barcelona,Real Madrid,La Liga,2015/2016,f76b3de9-758f-4273-8aee-cb59b5e0a49d,566,1,00:15:52.334000,15,52,Pass,Barcelona,Luis Alberto Suárez Díaz,Right Wing,28,Barcelona,71.7,76.2,1.344654,,,,Sergio Busquets i Burgos,67.5,55.8,20.827866,-1.7738415,Ground Pass,,,,,,,,,,,,,,,,
267533,2016-04-02,Barcelona,Real Madrid,La Liga,2015/2016,81c8aac0-a06f-423a-a1b9-6e016ba82098,567,1,00:15:53.679000,15,53,Ball Receipt*,Barcelona,Sergio Busquets i Burgos,Center Defensive Midfield,28,Barcelona,67.5,55.8,,,,,,,,,,,,,,,,,,,,,,,,,,
267533,2016-04-02,Barcelona,Real Madrid,La Liga,2015/2016,19ba1931-5ca3-4b6a-9a7a-bb997b6bb7fa,568,1,00:15:53.679000,15,53,Carry,Barcelona,Sergio Busquets i Burgos,Center Defensive Midfield,28,Barcelona,67.5,55.8,0.08,,,,,,,,,,,67.5,55.8,,,,,,,,,,,,,
267533,2016-04-02,Barcelona,Real Madrid,La Liga,2015/2016,658d5fdc-b802-49d9-8f8a-54c8ec2c3d81,569,1,00:15:53.759000,15,53,Pass,Barcelona,Sergio Busquets i Burgos,Center Defensive Midfield,28,Barcelona,67.5,55.8,1.729008,,,,Gerard Piqué Bernabéu,42.7,68.0,27.63838,2.6844175,Low Pass,,,,,,,,,,,,,,,,
267533,2016-04-02,Barcelona,Real Madrid,La Liga,2015/2016,b1ff19bd-bf8d-44fd-9e88-bd1081b3ac4c,570,1,00:15:55.488000,15,55,Ball Receipt*,Barcelona,Gerard Piqué Bernabéu,Right Center Back,28,Barcelona,42.7,68.0,,,,,,,,,,,,,,,,,,,,,,,,,,
267533,2016-04-02,Barcelona,Real Madrid,La Liga,2015/2016,5fbac540-fc4c-4509-a135-1044de6e1097,571,1,00:15:55.488000,15,55,Carry,Barcelona,Gerard Piqué Bernabéu,Right Center Back,28,Barcelona,42.7,68.0,4.646392,,,,,,,,,,,50.4,52.0,,,,,,,,,,,,,
267533,2016-04-02,Barcelona,Real Madrid,La Liga,2015/2016,7f397177-ca98-40e8-bedc-aa80c70f04f6,572,1,00:16:00.134000,16,0,Pass,Barcelona,Gerard Piqué Bernabéu,Right Center Back,28,Barcelona,50.4,52.0,1.4566,,,,Javier Alejandro Mascherano,48.8,29.9,22.157843,-1.6430684,Ground Pass,,,,,,,,,,,,,,,,
267533,2016-04-02,Barcelona,Real Madrid,La Liga,2015/2016,960671e7-a5dd-47e0-a9df-c853997db921,573,1,00:16:01.591000,16,1,Ball Receipt*,Barcelona,Javier Alejandro Mascherano,Left Center Back,28,Barcelona,48.8,29.9,,,,,,,,,,,,,,,,,,,,,,,,,,
267533,2016-04-02,Barcelona,Real Madrid,La Liga,2015/2016,8a8ab111-aa9d-4f9d-843e-692d17bd09c8,574,1,00:16:01.591000,16,1,Carry,Barcelona,Javier Alejandro Mascherano,Left Center Back,28,Barcelona,48.8,29.9,5.6254,,,,,,,,,,,64.7,34.6,,,,,,,,,,,,,
267533,2016-04-02,Barcelona,Real Madrid,La Liga,2015/2016,533f3779-aeb3-4712-9440-76f6afbb451c,575,1,00:16:07.216000,16,7,Pass,Barcelona,Javier Alejandro Mascherano,Left Center Back,28,Barcelona,64.7,34.6,2.535304,,,,Daniel Alves da Silva,99.7,71.1,50.56926,0.80637413,High Pass,,,,,,,,,,,,,,,,
267533,2016-04-02,Barcelona,Real Madrid,La Liga,2015/2016,0956bd44-090a-4116-9848-89158dc39c76,576,1,00:16:09.751000,16,9,Ball Receipt*,Barcelona,Daniel Alves da Silva,Right Back,28,Barcelona,99.7,71.1,,,,,,,,,,,,,,,,,,,,,,,,,,
267533,2016-04-02,Barcelona,Real Madrid,La Liga,2015/2016,4bfb6119-3ce0-4761-ba6b-fae6219dbe0e,577,1,00:16:09.751000,16,9,Carry,Barcelona,Daniel Alves da Silva,Right Back,28,Barcelona,99.7,71.1,1.025596,,,,,,,,,,,99.3,69.4,,,,,,,,,,,,,
267533,2016-04-02,Barcelona,Real Madrid,La Liga,2015/2016,c73c84b6-2dab-4069-8513-6e7e93632bef,578,1,00:16:10.777000,16,10,Pass,Barcelona,Daniel Alves da Silva,Right Back,28,Barcelona,99.3,69.4,0.8693,,,,Lionel Andrés Messi Cuccittini,99.7,55.5,13.905754,-1.5420272,Ground Pass,,,,,,,,,,,,,,,,
267533,2016-04-02,Barcelona,Real Madrid,La Liga,2015/2016,0476f588-65fd-4558-843f-f123d7714bce,579,1,00:16:11.646000,16,11,Ball Receipt*,Barcelona,Lionel Andrés Messi Cuccittini,Center Forward,28,Barcelona,99.7,55.5,,,,,,,,,,,,,,,,,,,,,,,,,,
267533,2016-04-02,Barcelona,Real Madrid,La Liga,2015/2016,158a44b8-0394-4342-af83-ff7624edc68b,580,1,00:16:11.646000,16,11,Carry,Barcelona,Lionel Andrés Messi Cuccittini,Center Forward,28,Barcelona,99.7,55.5,0.040000003,,,,,,,,,,,99.7,55.5,,,,,,,,,,,,,
267533,2016-04-02,Barcelona,Real Madrid,La Liga,2015/2016,781a9ff8-f616-4cd7-9d9d-20d31a291802,581,1,00:16:11.686000,16,11,Pass,Barcelona,Lionel Andrés Messi Cuccittini,Center Forward,28,Barcelona,99.7,55.5,0.489599,,,,Luis Alberto Suárez Díaz,99.7,48.6,6.9,-1.5707964,Ground Pass,,,,,,,,,,,,,,,,
267533,2016-04-02,Barcelona,Real Madrid,La Liga,2015/2016,4a14d35e-5155-4da2-8857-cc1e9ae678cc,582,1,00:16:12.176000,16,12,Ball Receipt*,Barcelona,Luis Alberto Suárez Díaz,Right Wing,28,Barcelona,99.7,48.6,,,,,,,,,,,,,,,,,,,,,,,,,,
267533,2016-04-02,Barcelona,Real Madrid,La Liga,2015/2016,cf245380-5c1d-4382-b9d2-8c213b79e74b,583,1,00:16:12.176000,16,12,Carry,Barcelona,Luis Alberto Suárez Díaz,Right Wing,28,Barcelona,99.7,48.6,1.177191,True,,,,,,,,,,98.6,49.4,,,,,,,,,,,,,
267533,2016-04-02,Barcelona,Real Madrid,La Liga,2015/2016,de6f4096-628b-458e-97b7-2f2648b19b8f,584,1,00:16:12.974000,16,12,Pressure,Real Madrid,Kléper Laveran Lima Ferreira,Right Center Back,28,Barcelona,15.6,31.0,0.5679,,,,,,,,,,,,,,,,,,,,,,,,,
267533,2016-04-02,Barcelona,Real Madrid,La Liga,2015/2016,22294513-cf17-4092-a49b-93118f2daa83,585,1,00:16:13.353000,16,13,Pass,Barcelona,Luis Alberto Suárez Díaz,Right Wing,28,Barcelona,98.6,49.4,1.640324,True,,,Neymar da Silva Santos Junior,106.5,25.3,25.361782,-1.2540332,High Pass,,,,,,,,,,,,,,,,
267533,2016-04-02,Barcelona,Real Madrid,La Liga,2015/2016,91fabc75-2788-4942-9344-e132d5deb9e8,586,1,00:16:14.993000,16,14,Ball Receipt*,Barcelona,Neymar da Silva Santos Junior,Left Wing,28,Barcelona,106.5,25.3,,,,,,,,,,,,,,,,,,,,,,,,,,
267533,2016-04-02,Barcelona,Real Madrid,La Liga,2015/2016,2d0fa23f-b4ba-419b-9b16-3351f77a9337,587,1,00:16:14.993000,16,14,Carry,Barcelona,Neymar da Silva Santos Junior,Left Wing,28,Barcelona,106.5,25.3,2.035986,,,,,,,,,,,111.0,25.8,,,,,,,,,,,,,
267533,2016-04-02,Barcelona,Real Madrid,La Liga,2015/2016,e15b0a27-f67a-43db-8c75-d1d63a1cf3e0,588,1,00:16:17.029000,16,17,Pass,Barcelona,Neymar da Silva Santos Junior,Left Wing,28,Barcelona,111.0,25.8,0.749223,,,,Andrés Iniesta Luján,100.0,32.3,12.776933,2.6078844,Ground Pass,,,,,,,,,,,,,,,,
267533,2016-04-02,Barcelona,Real Madrid,La Liga,2015/2016,5e073ac9-c14f-483b-8681-bc909d1af291,589,1,00:16:17.779000,16,17,Ball Receipt*,Barcelona,Andrés Iniesta Luján,Left Center Midfield,28,Barcelona,100.0,32.3,,,,,,,,,,,,,,,,,,,,,,,,,,
267533,2016-04-02,Barcelona,Real Madrid,La Liga,2015/2016,bd061622-94bc-4367-b68b-ee4c2c7a10a4,590,1,00:16:18.129000,16,18,Shot,Barcelona,Andrés Iniesta Luján,Left Center Midfield,28,Barcelona,101.2,33.2,0.271617,,,,,,,,,,,,,0.07817352,Blocked,Right Foot,Normal,,,,,,,,,
267533,2016-04-02,Barcelona,Real Madrid,La Liga,2015/2016,659fb5ef-99af-4335-b476-18a1eacf8b29,591,1,00:16:18.400000,16,18,Block,Real Madrid,Sergio Ramos García,Left Center Back,28,Barcelona,11.0,43.0,0.0,,,,,,,,,,,,,,,,,,,,,,,,,
267533,2016-04-02,Barcelona,Real Madrid,La Liga,2015/2016,6eb5eaf7-79be-432b-8fa0-fb1bcaa67d83,592,1,00:16:18.480000,16,18,Goal Keeper,Real Madrid,Keylor Navas Gamboa,Goalkeeper,28,Barcelona,1.1,42.7,0.0,,,,,,,,,,,,,,,,,,,,,,,,,
267533,2016-04-02,Barcelona,Real Madrid,La Liga,2015/2016,1d7d4dda-fff3-49fa-ab0f-fd1bb6964d7d,593,1,00:16:20.530000,16,20,Pass,Barcelona,Jordi Alba Ramos,Left Back,28,Barcelona,82.5,21.9,3.2659,,,,Claudio Andrés Bravo Muñoz,50.1,33.8,34.516228,2.789604,Ground Pass,,,,,,,,,,,,,,,,
267533,2016-04-02,Barcelona,Real Madrid,La Liga,2015/2016,bbbb48b8-7346-40d1-b957-982a559c016e,594,1,00:16:23.796000,16,23,Ball Receipt*,Barcelona,Claudio Andrés Bravo Muñoz,Goalkeeper,28,Barcelona,50.1,33.8,,,,,,,,,,,,,,,,,,,,,,,,,,
267533,2016-04-02,Barcelona,Real Madrid,La Liga,2015/2016,759b9451-95c5-492e-b7cc-bbf63bec43be,595,1,00:16:23.796000,16,23,Carry,Barcelona,Claudio Andrés Bravo Muñoz,Goalkeeper,28,Barcelona,50.1,33.8,0.08,,,,,,,,,,,50.2,33.9,,,,,,,,,,,,,
267533,2016-04-02,Barcelona,Real Madrid,La Liga,2015/2016,4f6416c9-0d50-46b9-821a-1d0854e153bb,596,1,00:16:23.876000,16,23,Pass,Barcelona,Claudio Andrés Bravo Muñoz,Goalkeeper,28,Barcelona,50.2,33.9,1.6,,,,Jordi Alba Ramos,63.3,20.1,19.02761,-0.8114146,Ground Pass,,,,,,,,,,,,,,,,
267533,2016-04-02,Barcelona,Real Madrid,La Liga,2015/2016,315431fd-571b-4fd6-85be-2b39f289a672,597,1,00:16:25.476000,16,25,Ball Receipt*,Barcelona,Jordi Alba Ramos,Left Back,28,Barcelona,63.3,20.1,,,,,,,,,,,,,,,,,,,,,,,,,,
267533,2016-04-02,Barcelona,Real Madrid,La Liga,2015/2016,7753c406-09de-4762-8b4a-8543a2baf742,598,1,00:16:25.476000,16,25,Carry,Barcelona,Jordi Alba Ramos,Left Back,28,Barcelona,63.3,20.1,1.639947,,,,,,,,,,,64.6,9.3,,,,,,,,,,,,,
267533,2016-04-02,Barcelona,Real Madrid,La Liga,2015/2016,155b13e0-fc45-44cf-91f8-aedb87de71f2,599,1,00:16:27.116000,16,27,Pass,Barcelona,Jordi Alba Ramos,Left Back,28,Barcelona,64.6,9.3,1.07687,,,,Neymar da Silva Santos Junior,78.7,4.2,14.993999,-0.3470616,Ground Pass,,,,,,,,,,,,,,,,
267533,2016-04-02,Barcelona,Real Madrid,La Liga,2015/2016,1d4d563e-0831-4248-9a06-dc21e78baa37,600,1,00:16:28.193000,16,28,Ball Receipt*,Barcelona,Neymar da Silva Santos Junior,Left Wing,28,Barcelona,78.7,4.2,,,,,,,,,,,,,,,,,,,,,,,,,,
267533,2016-04-02,Barcelona,Real Madrid,La Liga,2015/2016,9dd71036-b1a3-4c7d-b1d5-36990929a2b5,601,1,00:16:28.193000,16,28,Carry,Barcelona,Neymar da Silva Santos Junior,Left Wing,28,Barcelona,78.7,4.2,0.217282,,,,,,,,,,,78.7,4.2,,,,,,,,,,,,,
267533,2016-04-02,Barcelona,Real Madrid,La Liga,2015/2016,3db240af-961b-490a-b963-d451c19bdb0a,602,1,00:16:28.410000,16,28,Pass,Barcelona,Neymar da Silva Santos Junior,Left Wing,28,Barcelona,78.7,4.2,1.251626,,,,Andrés Iniesta Luján,92.2,3.6,13.513327,-0.044415217,Ground Pass,,,,,,,,,,,,,,,,
267533,2016-04-02,Barcelona,Real Madrid,La Liga,2015/2016,1fa2ea0f-8a5b-4d59-b6f4-a07ba992f3bd,603,1,00:16:29.662000,16,29,Ball Receipt*,Barcelona,Andrés Iniesta Luján,Left Center Midfield,28,Barcelona,92.2,3.6,,,,,,,,,,,,,,,,,,,,,,,,,,
267533,2016-04-02,Barcelona,Real Madrid,La Liga,2015/2016,d83cbba5-d224-4ef4-8cfb-9d0d80801e72,604,1,00:16:29.662000,16,29,Carry,Barcelona,Andrés Iniesta Luján,Left Center Midfield,28,Barcelona,92.2,3.6,3.271066,True,,,,,,,,,,97.1,9.3,,,,,,,,,,,,,
267533,2016-04-02,Barcelona,Real Madrid,La Liga,2015/2016,7f031096-cfde-4ded-abb1-714c8b43be82,605,1,00:16:31.806000,16,31,Pressure,Real Madrid,Luka Modrić,Right Center Midfield,28,Barcelona,19.0,74.1,1.364269,,,,,,,,,,,,,,,,,,,,,,,,,
267533,2016-04-02,Barcelona,Real Madrid,La Liga,2015/2016,d6b0c6a2-2487-4dd9-8a99-10ebf4e0cd60,606,1,00:16:32.933000,16,32,Dribbled Past,Real Madrid,Luka Modrić,Right Center Midfield,28,Barcelona,23.0,70.8,0.0,,,,,,,,,,,,,,,,,,,,,,,,,
267533,2016-04-02,Barcelona,Real Madrid,La Liga,2015/2016,331a3a97-e012-4012-b394-16ac8aee63b8,607,1,00:16:32.933000,16,32,Dribble,Barcelona,Andrés Iniesta Luján,Left Center Midfield,28,Barcelona,97.1,9.3,0.0,True,,,,,,,,,,,,,,,,,,,,,,,,
267533,2016-04-02,Barcelona,Real Madrid,La Liga,2015/2016,19e2561b-7d79-4023-815d-cc86b4533955,608,1,00:16:32.933000,16,32,Carry,Barcelona,Andrés Iniesta Luján,Left Center Midfield,28,Barcelona,97.1,9.3,1.179117,True,,,,,,,,,,95.4,16.5,,,,,,,,,,,,,
267533,2016-04-02,Barcelona,Real Madrid,La Liga,2015/2016,9dbc7236-92ab-43db-b1f7-a8eeda457344,609,1,00:16:33.601000,16,33,Pressure,Real Madrid,Carlos Henrique Casimiro,Center Defensive Midfield,28,Barcelona,24.2,60.0,3.4348,,,,,,,,,,,,,,,,,,,,,,,,,
267533,2016-04-02,Barcelona,Real Madrid,La Liga,2015/2016,eb7a2f2d-c1fe-42cc-ac48-1a89671ebd7b,610,1,00:16:34.112000,16,34,Pass,Barcelona,Andrés Iniesta Luján,Left Center Midfield,28,Barcelona,95.4,16.5,0.651131,True,,,Neymar da Silva Santos Junior,90.5,18.8,5.4129477,2.7027333,Ground Pass,,,,,,,,,,,,,,,,
267533,2016-04-02,Barcelona,Real Madrid,La Liga,2015/2016,85ada39b-24d0-434c-bf2b-a92e0d475b06,611,1,00:16:34.763000,16,34,Ball Receipt*,Barcelona,Neymar da Silva Santos Junior,Left Wing,28,Barcelona,90.5,18.8,,True,,,,,,,,,,,,,,,,,,,,,,,,
267533,2016-04-02,Barcelona,Real Madrid,La Liga,2015/2016,d872874d-1241-40e2-ab3f-c6f24cacf7da,612,1,00:16:34.763000,16,34,Carry,Barcelona,Neymar da Silva Santos Junior,Left Wing,28,Barcelona,90.5,18.8,4.022325,True,,,,,,,,,,82.5,29.6,,,,,,,,,,,,,
267533,2016-04-02,Barcelona,Real Madrid,La Liga,2015/2016,96a5a37b-787f-4a31-82b3-b070306b1487,613,1,00:16:38.786000,16,38,Pass,Barcelona,Neymar da Silva Santos Junior,Left Wing,28,Barcelona,82.5,29.6,0.945936,,,,Lionel Andrés Messi Cuccittini,96.2,35.5,14.916434,0.40665236,Ground Pass,,,,,,,,,,,,,,,,
267533,2016-04-02,Barcelona,Real Madrid,La Liga,2015/2016,de6fd513-ae2a-470d-b553-be2fa7ab4f92,614,1,00:16:39.118000,16,39,Pressure,Real Madrid,Kléper Laveran Lima Ferreira,Right Center Back,28,Barcelona,22.1,47.8,0.557549,,,,,,,,,,,,,,,,,,,,,,,,,
267533,2016-04-02,Barcelona,Real Madrid,La Liga,2015/2016,9167b146-405e-48f3-9a0f-72bf49d620ec,615,1,00:16:39.732000,16,39,Ball Receipt*,Barcelona,Lionel Andrés Messi Cuccittini,Center Forward,28,Barcelona,96.2,35.5,,,,,,,,,,,,,,,,,,,,,,,,,,
267533,2016-04-02,Barcelona,Real Madrid,La Liga,2015/2016,a362dc7e-f162-4a7c-86c8-740131ec29e7,616,1,00:16:39.732000,16,39,Carry,Barcelona,Lionel Andrés Messi Cuccittini,Center Forward,28,Barcelona,96.2,35.5,0.04,,,,,,,,,,,96.2,35.6,,,,,,,,,,,,,
267533,2016-04-02,Barcelona,Real Madrid,La Liga,2015/2016,65cbd7cd-4038-491d-92e2-154ff7d0c05b,617,1,00:16:39.772000,16,39,Pass,Barcelona,Lionel Andrés Messi Cuccittini,Center Forward,28,Barcelona,96.2,35.6,0.6122,,,,Luis Alberto Suárez Díaz,97.1,29.6,6.0671244,-1.4219064,Ground Pass,Incomplete,,,,,,,,,,,,,,,
267533,2016-04-02,Barcelona,Real Madrid,La Liga,2015/2016,683ab7a7-30e0-4d6d-b88d-05098f110d38,618,1,00:16:40.384000,16,40,Ball Receipt*,Barcelona,Luis Alberto Suárez Díaz,Right Wing,28,Barcelona,94.2,29.6,,,,,,,,,,,,,,,,,,,,,,,,,,
267533,2016-04-02,Barcelona,Real Madrid,La Liga,2015/2016,2853537f-1458-491c-94ed-02ecba5f9a44,619,1,00:16:40.384000,16,40,Pass,Real Madrid,Daniel Carvajal Ramos,Right Back,28,Barcelona,23.0,50.5,1.8677,,,,Karim Benzema,46.4,35.4,27.849058,-0.5730635,High Pass,,,,,,,,,,,,,,,,
267533,2016-04-02,Barcelona,Real Madrid,La Liga,2015/2016,af83b05a-e1a1-4296-879c-484db5e1a611,620,1,00:16:42.251000,16,42,Ball Receipt*,Real Madrid,Karim Benzema,Center Forward,28,Barcelona,46.4,35.4,,,,,,,,,,,,,,,,,,,,,,,,,,
267533,2016-04-02,Barcelona,Real Madrid,La Liga,2015/2016,cc1e7bf6-91c6-4634-8376-8d8f3fce3ae8,621,1,00:16:42.251000,16,42,Carry,Real Madrid,Karim Benzema,Center Forward,28,Barcelona,46.4,35.4,1.2966,True,,,,,,,,,,47.7,34.1,,,,,,,,,,,,,
267533,2016-04-02,Barcelona,Real Madrid,La Liga,2015/2016,cb739945-39aa-4be4-b417-9d73bb7730b3,622,1,00:16:43.548000,16,43,Dribbled Past,Barcelona,Gerard Piqué Bernabéu,Right Center Back,28,Barcelona,72.4,46.0,0.0,,,,,,,,,,,,,,,,,,,,,,,,,
267533,2016-04-02,Barcelona,Real Madrid,La Liga,2015/2016,2a31a967-99aa-4595-9b06-d02722cdae1f,623,1,00:16:43.548000,16,43,Dribble,Real Madrid,Karim Benzema,Center Forward,28,Barcelona,47.7,34.1,0.0,True,,,,,,,,,,,,,,,,,,,,,,,,
267533,2016-04-02,Barcelona,Real Madrid,La Liga,2015/2016,bf973cfd-be7a-44d1-9a3b-01d902de88ef,624,1,00:16:43.887000,16,43,Pressure,Real Madrid,Karim Benzema,Center Forward,28,Barcelona,52.5,27.6,3.626558,,,,,,,,,,,,,,,,,,,,,,,,,
267533,2016-04-02,Barcelona,Real Madrid,La Liga,2015/2016,2eaffc72-9152-420c-a3ac-0517dad60be4,625,1,00:16:45.862000,16,45,Ball Recovery,Barcelona,Daniel Alves da Silva,Right Back,28,Barcelona,58.2,55.7,0.0,True,,,,,,,,,,,,,,,,,,,,,,,,
267533,2016-04-02,Barcelona,Real Madrid,La Liga,2015/2016,6e7a65ea-97c3-4bbf-9f99-7728cb18ac08,626,1,00:16:45.862000,16,45,Carry,Barcelona,Daniel Alves da Silva,Right Back,28,Barcelona,58.2,55.7,6.289763,True,,,,,,,,,,72.4,56.3,,,,,,,,,,,,,
267533,2016-04-02,Barcelona,Real Madrid,La Liga,2015/2016,a9db64d6-2138-42c2-b391-395266cb86e3,627,1,00:16:47.644000,16,47,Pressure,Real Madrid,Toni Kroos,Left Center Midfield,28,Barcelona,53.5,27.0,1.93559,,,,,,,,,,,,,,,,,,,,,,,,,
267533,2016-04-02,Barcelona,Real Madrid,La Liga,2015/2016,486cb58e-9e0e-4a6f-8021-7152503fce02,628,1,00:16:52.152000,16,52,Pass,Barcelona,Daniel Alves da Silva,Right Back,28,Barcelona,72.4,56.3,1.095897,,,,Andrés Iniesta Luján,66.6,37.2,19.961212,-1.865612,Low Pass,,,,,,,,,,,,,,,,
267533,2016-04-02,Barcelona,Real Madrid,La Liga,2015/2016,b0ad1219-7b93-4ffc-b26e-dfbd3396d502,629,1,00:16:53.247000,16,53,Ball Receipt*,Barcelona,Andrés Iniesta Luján,Left Center Midfield,28,Barcelona,66.6,37.2,,,,,,,,,,,,,,,,,,,,,,,,,,
267533,2016-04-02,Barcelona,Real Madrid,La Liga,2015/2016,432c2560-a30d-4268-882a-ac1e359d04b7,630,1,00:16:53.247000,16,53,Carry,Barcelona,Andrés Iniesta Luján,Left Center Midfield,28,Barcelona,66.6,37.2,0.080003,,,,,,,,,,,67.6,37.2,,,,,,,,,,,,,
267533,2016-04-02,Barcelona,Real Madrid,La Liga,2015/2016,6419a089-121a-47a7-a62c-6a56a56fde9f,631,1,00:16:53.328000,16,53,Pass,Barcelona,Andrés Iniesta Luján,Left Center Midfield,28,Barcelona,67.6,37.2,1.017679,,,,Sergio Busquets i Burgos,65.3,47.4,10.456099,1.7925773,Ground Pass,,,,,,,,,,,,,,,,
267533,2016-04-02,Barcelona,Real Madrid,La Liga,2015/2016,3a1a9495-ce41-4769-9876-7c4119b822c7,632,1,00:16:54.345000,16,54,Ball Receipt*,Barcelona,Sergio Busquets i Burgos,Center Defensive Midfield,28,Barcelona,65.3,47.4,,,,,,,,,,,,,,,,,,,,,,,,,,
267533,2016-04-02,Barcelona,Real Madrid,La Liga,2015/2016,bfa21bab-3b19-4d34-8611-6bc71258d6c2,633,1,00:16:54.345000,16,54,Carry,Barcelona,Sergio Busquets i Burgos,Center Defensive Midfield,28,Barcelona,65.3,47.4,1.027253,,,,,,,,,,,65.8,44.3,,,,,,,,,,,,,
267533,2016-04-02,Barcelona,Real Madrid,La Liga,2015/2016,212ed8ef-d4d6-4104-99de-0af0ebb21c9d,634,1,00:16:55.372000,16,55,Pass,Barcelona,Sergio Busquets i Burgos,Center Defensive Midfield,28,Barcelona,65.8,44.3,0.934068,,,,Lionel Andrés Messi Cuccittini,72.7,41.7,7.3736014,-0.36035797,Ground Pass,,,,,,,,,,,,,,,,
267533,2016-04-02,Barcelona,Real Madrid,La Liga,2015/2016,d1c468ab-c670-4f9f-86c5-69678c635fed,635,1,00:16:56.307000,16,56,Ball Receipt*,Barcelona,Lionel Andrés Messi Cuccittini,Center Forward,28,Barcelona,72.7,41.7,,,,,,,,,,,,,,,,,,,,,,,,,,
267533,2016-04-02,Barcelona,Real Madrid,La Liga,2015/2016,f9b9045f-ae51-425c-a720-b9ad3f1ff13b,636,1,00:16:56.307000,16,56,Carry,Barcelona,Lionel Andrés Messi Cuccittini,Center Forward,28,Barcelona,72.7,41.7,2.2555,True,,,,,,,,,,74.3,36.3,,,,,,,,,,,,,
267533,2016-04-02,Barcelona,Real Madrid,La Liga,2015/2016,815feee7-9a80-4fcb-a0c1-db0cfe34fa1e,637,1,00:16:56.981000,16,56,Pressure,Real Madrid,Carlos Henrique Casimiro,Center Defensive Midfield,28,Barcelona,41.7,39.4,1.408651,,,,,,,,,,,,,,,,,,,,,,,,,
267533,2016-04-02,Barcelona,Real Madrid,La Liga,2015/2016,d27af3cb-5407-4bd6-ba61-20fa33619c2b,638,1,00:16:58.562000,16,58,Pass,Barcelona,Lionel Andrés Messi Cuccittini,Center Forward,28,Barcelona,74.3,36.3,1.138258,,,,Luis Alberto Suárez Díaz,92.8,26.1,21.125576,-0.50388014,Ground Pass,,,,,,,,,,,,,,,,
267533,2016-04-02,Barcelona,Real Madrid,La Liga,2015/2016,14bd2918-533f-4590-98ca-3b8e2bcbe453,639,1,00:16:59.198000,16,59,Pressure,Real Madrid,Daniel Carvajal Ramos,Right Back,28,Barcelona,25.3,54.6,0.6042,,,,,,,,,,,,,,,,,,,,,,,,,
267533,2016-04-02,Barcelona,Real Madrid,La Liga,2015/2016,ecd7745b-9b6d-4162-97cb-16239e689653,640,1,00:16:59.700000,16,59,Ball Receipt*,Barcelona,Luis Alberto Suárez Díaz,Right Wing,28,Barcelona,92.8,26.1,,True,,,,,,,,,,,,,,,,,,,,,,,,
267533,2016-04-02,Barcelona,Real Madrid,La Liga,2015/2016,ec76bcbc-5052-4bbe-ba85-2c5de7778bd0,641,1,00:16:59.700000,16,59,Carry,Barcelona,Luis Alberto Suárez Díaz,Right Wing,28,Barcelona,92.8,26.1,0.101542,True,,,,,,,,,,92.3,24.7,,,,,,,,,,,,,
267533,2016-04-02,Barcelona,Real Madrid,La Liga,2015/2016,ac6f14e2-b534-4cc1-b2bd-ce326ac4ef30,642,1,00:16:59.802000,16,59,Foul Committed,Real Madrid,Daniel Carvajal Ramos,Right Back,28,Barcelona,27.8,55.4,0.0,,,,,,,,,,,,,,,,,,,,,,,,,
267533,2016-04-02,Barcelona,Real Madrid,La Liga,2015/2016,6ecc8608-3157-4a18-9032-26a0b3bfd42d,643,1,00:16:59.802000,16,59,Foul Won,Barcelona,Luis Alberto Suárez Díaz,Right Wing,28,Barcelona,92.3,24.7,0.0,True,,,,,,,,,,,,,,,,,,,,,True,,,
267533,2016-04-02,Barcelona,Real Madrid,La Liga,2015/2016,2e73d9d8-f18c-437f-bbb0-08e32fe01648,644,1,00:16:59.802000,16,59,Carry,Barcelona,Luis Alberto Suárez Díaz,Right Wing,28,Barcelona,92.3,24.7,0.2377,True,,,,,,,,,,92.9,25.8,,,,,,,,,,,,,
267533,2016-04-02,Barcelona,Real Madrid,La Liga,2015/2016,4194405b-3979-4031-a344-0443899e8b9e,645,1,00:17:00.040000,17,0,Pass,Barcelona,Luis Alberto Suárez Díaz,Right Wing,28,Barcelona,92.9,25.8,1.117267,,,,Andrés Iniesta Luján,93.7,21.0,4.86621,-1.4056476,Ground Pass,,,,,,,,,,,,,,,,
267533,2016-04-02,Barcelona,Real Madrid,La Liga,2015/2016,4a90ee49-cc31-47d5-8ea1-b79c8710458e,646,1,00:17:00.664000,17,0,Pressure,Real Madrid,Daniel Carvajal Ramos,Right Back,28,Barcelona,24.8,56.6,0.7941,,,,,,,,,,,,,,,,,,,,,,,,,
267533,2016-04-02,Barcelona,Real Madrid,La Liga,2015/2016,e5dfb41d-9f60-450d-8a57-c988f340d029,647,1,00:17:01.157000,17,1,Ball Receipt*,Barcelona,Andrés Iniesta Luján,Left Center Midfield,28,Barcelona,93.7,21.0,,True,,,,,,,,,,,,,,,,,,,,,,,,
267533,2016-04-02,Barcelona,Real Madrid,La Liga,2015/2016,5bbe0b3e-fdff-4f89-8761-16aa12b0c140,648,1,00:17:01.157000,17,1,Carry,Barcelona,Andrés Iniesta Luján,Left Center Midfield,28,Barcelona,93.7,21.0,0.312633,True,,,,,,,,,,94.8,20.2,,,,,,,,,,,,,
267533,2016-04-02,Barcelona,Real Madrid,La Liga,2015/2016,99414a01-7681-4a3c-8eaa-4aff7f9666c3,649,1,00:17:01.469000,17,1,Foul Committed,Real Madrid,Daniel Carvajal Ramos,Right Back,28,Barcelona,25.3,59.9,0.0,,,,,,,,,,,,,,,,,,,,Yellow Card,,,,,
267533,2016-04-02,Barcelona,Real Madrid,La Liga,2015/2016,efe2dd80-94f2-4f23-aa20-d90c2803f14b,650,1,00:17:01.469000,17,1,Foul Won,Barcelona,Andrés Iniesta Luján,Left Center Midfield,28,Barcelona,94.8,20.2,0.0,True,,,,,,,,,,,,,,,,,,,,,,,,
267533,2016-04-02,Barcelona,Real Madrid,La Liga,2015/2016,af8c6c42-f167-4b84-8999-a3c8b2bc96e0,651,1,00:18:04.591000,18,4,Shot,Barcelona,Lionel Andrés Messi Cuccittini,Center Forward,29,Barcelona,94.3,24.6,1.1252,,,,,,,,,,,,,0.034334444,Off T,Left Foot,Normal,,,,,,,,,
267533,2016-04-02,Barcelona,Real Madrid,La Liga,2015/2016,90bad943-df7c-41bd-bad5-1611e2a72e88,652,1,00:18:05.716000,18,5,Goal Keeper,Real Madrid,Keylor Navas Gamboa,Goalkeeper,29,Barcelona,1.0,40.1,0.0,,,,,,,,,,,,,,,,,,,,,,,,,
267533,2016-04-02,Barcelona,Real Madrid,La Liga,2015/2016,95488640-3b02-4a96-94fe-d14948417da4,653,1,00:18:21.069000,18,21,Pass,Real Madrid,Keylor Navas Gamboa,Goalkeeper,30,Real Madrid,7.0,44.1,2.113616,,True,,Kléper Laveran Lima Ferreira,19.6,72.7,31.25252,1.1558208,Ground Pass,,,,,,,,,,,,,,,,
267533,2016-04-02,Barcelona,Real Madrid,La Liga,2015/2016,536e62d4-93b1-4e00-becf-621b84f606f6,654,1,00:18:23.183000,18,23,Ball Receipt*,Real Madrid,Kléper Laveran Lima Ferreira,Right Center Back,30,Real Madrid,19.6,72.7,,,,,,,,,,,,,,,,,,,,,,,,,,
267533,2016-04-02,Barcelona,Real Madrid,La Liga,2015/2016,de8a4f0f-8ad6-445f-b4e5-d77254ca9cc2,655,1,00:18:26.888000,18,26,Pass,Real Madrid,Kléper Laveran Lima Ferreira,Right Center Back,30,Real Madrid,16.2,75.2,3.2826,,,,Karim Benzema,72.4,52.6,60.57392,-0.38234574,High Pass,Incomplete,,,,,,,,,,,,,,,
267533,2016-04-02,Barcelona,Real Madrid,La Liga,2015/2016,ffe91c98-d638-4053-a767-4fcb2f1900bd,656,1,00:18:30.171000,18,30,Ball Receipt*,Real Madrid,Karim Benzema,Center Forward,30,Real Madrid,72.2,52.6,,,,,,,,,,,,,,,,,,,,,,,,,,
267533,2016-04-02,Barcelona,Real Madrid,La Liga,2015/2016,f72c3fef-7f59-42bb-8107-a0115a1913b9,657,1,00:18:30.171000,18,30,Clearance,Barcelona,Javier Alejandro Mascherano,Left Center Back,30,Real Madrid,47.7,27.5,0.0,True,,,,,,,,,,,,,,,,,,,,,,,,
267533,2016-04-02,Barcelona,Real Madrid,La Liga,2015/2016,a400499f-8a02-440a-be0d-3c9efe07276e,658,1,00:18:32.008000,18,32,Ball Recovery,Real Madrid,Cristiano Ronaldo dos Santos Aveiro,Left Wing,30,Real Madrid,76.8,41.7,0.0,,,,,,,,,,,,,,,,,,,,,,,,,
267533,2016-04-02,Barcelona,Real Madrid,La Liga,2015/2016,bab1f567-25ed-4096-acb3-23d8e9910bb2,659,1,00:18:32.008000,18,32,Carry,Real Madrid,Cristiano Ronaldo dos Santos Aveiro,Left Wing,30,Real Madrid,76.8,41.7,2.947686,True,,,,,,,,,,87.7,56.6,,,,,,,,,,,,,
267533,2016-04-02,Barcelona,Real Madrid,La Liga,2015/2016,691738f1-9d1d-4c6e-857b-f4b834520d88,660,1,00:18:33.804000,18,33,Pressure,Barcelona,Andrés Iniesta Luján,Left Center Midfield,30,Real Madrid,37.6,25.2,0.768559,,,,,,,,,,,,,,,,,,,,,,,,,
267533,2016-04-02,Barcelona,Real Madrid,La Liga,2015/2016,870ce95c-bec4-4547-9151-ac754c874ed0,661,1,00:18:34.956000,18,34,Dispossessed,Real Madrid,Cristiano Ronaldo dos Santos Aveiro,Left Wing,30,Real Madrid,87.7,56.6,0.0,True,,,,,,,,,,,,,,,,,,,,,,,,
267533,2016-04-02,Barcelona,Real Madrid,La Liga,2015/2016,7f60b5ed-a253-4536-88e9-f8a61f484e69,662,1,00:18:34.956000,18,34,Duel,Barcelona,Andrés Iniesta Luján,Left Center Midfield,31,Barcelona,32.4,23.5,0.0,True,,,,,,,,,,,,,,,,Tackle,Success In Play,,,,,,,
267533,2016-04-02,Barcelona,Real Madrid,La Liga,2015/2016,30f2285b-bb94-4c43-b2e3-98ef710e4554,663,1,00:18:36.347000,18,36,Ball Recovery,Barcelona,Jordi Alba Ramos,Left Back,31,Barcelona,28.8,11.3,0.0,,,,,,,,,,,,,,,,,,,,,,,,,
267533,2016-04-02,Barcelona,Real Madrid,La Liga,2015/2016,810283fc-d98d-4201-8bc7-5f27aab94b60,664,1,00:18:36.347000,18,36,Carry,Barcelona,Jordi Alba Ramos,Left Back,31,Barcelona,28.8,11.3,1.760638,,,,,,,,,,,36.6,13.6,,,,,,,,,,,,,
267533,2016-04-02,Barcelona,Real Madrid,La Liga,2015/2016,0d7345dd-c8f6-4d2d-bdfa-5f3f6adec7a3,665,1,00:18:38.108000,18,38,Pass,Barcelona,Jordi Alba Ramos,Left Back,31,Barcelona,36.6,13.6,0.822662,,,,Sergio Busquets i Burgos,37.4,24.8,11.228535,1.4994888,Ground Pass,,,,,,,,,,,,,,,,
267533,2016-04-02,Barcelona,Real Madrid,La Liga,2015/2016,16712b7c-e8db-485c-8dd0-aabecde812ed,666,1,00:18:38.930000,18,38,Ball Receipt*,Barcelona,Sergio Busquets i Burgos,Center Defensive Midfield,31,Barcelona,37.4,24.8,,,,,,,,,,,,,,,,,,,,,,,,,,
267533,2016-04-02,Barcelona,Real Madrid,La Liga,2015/2016,e837fed7-955a-4a09-925d-67fe5d902bc7,667,1,00:18:38.930000,18,38,Carry,Barcelona,Sergio Busquets i Burgos,Center Defensive Midfield,31,Barcelona,37.4,24.8,1.266113,,,,,,,,,,,40.5,23.9,,,,,,,,,,,,,
267533,2016-04-02,Barcelona,Real Madrid,La Liga,2015/2016,03be2ff2-01a1-4376-811e-d3d58d2b0669,668,1,00:18:40.196000,18,40,Pass,Barcelona,Sergio Busquets i Burgos,Center Defensive Midfield,31,Barcelona,40.5,23.9,1.524987,,,,Lionel Andrés Messi Cuccittini,64.7,23.9,24.2,0.0,Low Pass,,,,,,,,,,,,,,,,
267533,2016-04-02,Barcelona,Real Madrid,La Liga,2015/2016,4eafde6e-322b-4573-9755-d9505b1dda6d,669,1,00:18:41.721000,18,41,Ball Receipt*,Barcelona,Lionel Andrés Messi Cuccittini,Center Forward,31,Barcelona,64.7,23.9,,,,,,,,,,,,,,,,,,,,,,,,,,
267533,2016-04-02,Barcelona,Real Madrid,La Liga,2015/2016,5f5de3f9-48f9-4741-bdcd-3499daddc65c,670,1,00:18:41.721000,18,41,Carry,Barcelona,Lionel Andrés Messi Cuccittini,Center Forward,31,Barcelona,64.7,23.9,2.0263,True,,,,,,,,,,65.2,29.2,,,,,,,,,,,,,
267533,2016-04-02,Barcelona,Real Madrid,La Liga,2015/2016,882d9e7d-868e-428c-a611-2bfe6f58df2d,671,1,00:18:42.432000,18,42,Pressure,Real Madrid,Carlos Henrique Casimiro,Center Defensive Midfield,31,Barcelona,53.5,59.7,1.31552,,,,,,,,,,,,,,,,,,,,,,,,,
267533,2016-04-02,Barcelona,Real Madrid,La Liga,2015/2016,8688bd21-f9f2-4c7e-9fde-c080614ad1a4,672,1,00:18:43.748000,18,43,Dispossessed,Barcelona,Lionel Andrés Messi Cuccittini,Center Forward,31,Barcelona,65.2,29.2,0.0,True,,,,,,,,,,,,,,,,,,,,,,,,
267533,2016-04-02,Barcelona,Real Madrid,La Liga,2015/2016,feca9079-1dee-4e4e-a597-6ea393702da8,673,1,00:18:43.748000,18,43,Duel,Real Madrid,Carlos Henrique Casimiro,Center Defensive Midfield,32,Real Madrid,54.9,50.9,0.0,True,,,,,,,,,,,,,,,,Tackle,Won,,,,,,,
267533,2016-04-02,Barcelona,Real Madrid,La Liga,2015/2016,dd087db1-0d83-4e6a-b1fb-a0e7989d3f5f,674,1,00:18:43.748000,18,43,Carry,Real Madrid,Carlos Henrique Casimiro,Center Defensive Midfield,32,Real Madrid,54.9,50.9,0.9263,,,,,,,,,,,50.9,52.0,,,,,,,,,,,,,
267533,2016-04-02,Barcelona,Real Madrid,La Liga,2015/2016,a9fbd46d-046c-4781-be58-8a9b7cb97f7a,675,1,00:18:44.674000,18,44,Pass,Real Madrid,Carlos Henrique Casimiro,Center Defensive Midfield,32,Real Madrid,50.9,52.0,1.5854,,,,Luka Modrić,42.3,52.9,8.646965,3.037321,Ground Pass,,,,,,,,,,,,,,,,
267533,2016-04-02,Barcelona,Real Madrid,La Liga,2015/2016,12b2694f-90ef-4dfc-a8b2-a4b62fdb94e1,676,1,00:18:45.726000,18,45,Pressure,Barcelona,Lionel Andrés Messi Cuccittini,Center Forward,32,Real Madrid,74.1,29.8,1.043136,,,,,,,,,,,,,,,,,,,,,,,,,
267533,2016-04-02,Barcelona,Real Madrid,La Liga,2015/2016,a76adc1e-c507-4ab4-9506-49006e956e7f,677,1,00:18:46.259000,18,46,Ball Receipt*,Real Madrid,Luka Modrić,Right Center Midfield,32,Real Madrid,42.3,52.9,,True,,,,,,,,,,,,,,,,,,,,,,,,
267533,2016-04-02,Barcelona,Real Madrid,La Liga,2015/2016,a9cf267f-2fba-48d4-84fc-64b904e0c9a9,678,1,00:18:46.259000,18,46,Pass,Real Madrid,Luka Modrić,Right Center Midfield,32,Real Madrid,42.3,53.2,0.768,True,,,Kléper Laveran Lima Ferreira,33.6,50.2,9.202717,-2.809533,Ground Pass,,,,,,,,,,,,,,,,
267533,2016-04-02,Barcelona,Real Madrid,La Liga,2015/2016,0c815485-d3e8-425d-b346-3e84d636c656,679,1,00:18:47.027000,18,47,Ball Receipt*,Real Madrid,Kléper Laveran Lima Ferreira,Right Center Back,32,Real Madrid,33.6,50.2,,,,,,,,,,,,,,,,,,,,,,,,,,
267533,2016-04-02,Barcelona,Real Madrid,La Liga,2015/2016,448e85a2-7852-4aa4-a229-0b622df8202f,680,1,00:18:47.027000,18,47,Pass,Real Madrid,Kléper Laveran Lima Ferreira,Right Center Back,32,Real Madrid,33.6,50.2,0.8587,,,,Toni Kroos,42.9,45.5,10.420173,-0.46793944,Ground Pass,Incomplete,,,,,,,,,,,,,,,
267533,2016-04-02,Barcelona,Real Madrid,La Liga,2015/2016,325acb40-5deb-4c9c-b35f-0d0196429e4c,681,1,00:18:47.886000,18,47,Ball Receipt*,Real Madrid,Toni Kroos,Left Center Midfield,32,Real Madrid,44.6,44.3,,,,,,,,,,,,,,,,,,,,,,,,,,
267533,2016-04-02,Barcelona,Real Madrid,La Liga,2015/2016,5cafe22c-d58b-426a-bd22-a1913c8fe489,682,1,00:18:47.886000,18,47,Interception,Barcelona,Ivan Rakitić,Right Center Midfield,33,Barcelona,77.2,34.6,0.0,,,,,,,,,,,,,,,,,,,,,,,,,
267533,2016-04-02,Barcelona,Real Madrid,La Liga,2015/2016,98e43bbc-031f-4215-9b4c-e54fa77d4992,683,1,00:18:47.886000,18,47,Carry,Barcelona,Ivan Rakitić,Right Center Midfield,33,Barcelona,77.2,34.6,2.834146,,,,,,,,,,,95.7,44.3,,,,,,,,,,,,,
267533,2016-04-02,Barcelona,Real Madrid,La Liga,2015/2016,6f9a7a0c-05e2-427b-8204-0e3a0d0731dc,684,1,00:18:50.720000,18,50,Pass,Barcelona,Ivan Rakitić,Right Center Midfield,33,Barcelona,95.7,44.3,1.428454,,,,Luis Alberto Suárez Díaz,109.5,55.8,17.963573,0.69473827,Ground Pass,,,,,,,,,,,,,,,,
267533,2016-04-02,Barcelona,Real Madrid,La Liga,2015/2016,5452a731-3e6f-4060-973a-0870b9ded082,685,1,00:18:52.149000,18,52,Ball Receipt*,Barcelona,Luis Alberto Suárez Díaz,Right Wing,33,Barcelona,109.5,55.8,,,,,,,,,,,,,,,,,,,,,,,,,,
267533,2016-04-02,Barcelona,Real Madrid,La Liga,2015/2016,e3460a24-9f4a-420c-861a-47a257a0f96b,686,1,00:18:52.149000,18,52,Carry,Barcelona,Luis Alberto Suárez Díaz,Right Wing,33,Barcelona,109.5,55.8,0.08,,,,,,,,,,,109.5,55.8,,,,,,,,,,,,,
267533,2016-04-02,Barcelona,Real Madrid,La Liga,2015/2016,c187e038-4e02-4f41-9074-d44b936b5d57,687,1,00:18:52.229000,18,52,Pass,Barcelona,Luis Alberto Suárez Díaz,Right Wing,33,Barcelona,109.5,55.8,0.8302,,,,Lionel Andrés Messi Cuccittini,109.1,39.9,15.90503,-1.5959482,Low Pass,Incomplete,,,,,,,,,,,,,,,
267533,2016-04-02,Barcelona,Real Madrid,La Liga,2015/2016,f2a328bb-41ed-49c1-a282-9e9570fe1770,688,1,00:18:53.059000,18,53,Ball Receipt*,Barcelona,Lionel Andrés Messi Cuccittini,Center Forward,33,Barcelona,109.9,30.2,,,,,,,,,,,,,,,,,,,,,,,,,,
267533,2016-04-02,Barcelona,Real Madrid,La Liga,2015/2016,c58ea462-4420-47ee-b59b-7ee4bc13a759,689,1,00:18:53.059000,18,53,Clearance,Real Madrid,Kléper Laveran Lima Ferreira,Right Center Back,33,Barcelona,11.0,40.2,0.0,True,,,,,,,,,,,,,,,,,,,,,,,,
267533,2016-04-02,Barcelona,Real Madrid,La Liga,2015/2016,4b51bf52-542e-44f8-a2c6-ace6d80d7257,690,1,00:18:53.099000,18,53,Error,Real Madrid,Kléper Laveran Lima Ferreira,Right Center Back,33,Barcelona,10.8,36.8,0.0,,,,,,,,,,,,,,,,,,,,,,,,,
267533,2016-04-02,Barcelona,Real Madrid,La Liga,2015/2016,e877772e-5f90-4478-9ec7-df6f94fbd248,691,1,00:18:54.352000,18,54,Ball Recovery,Barcelona,Ivan Rakitić,Right Center Midfield,33,Barcelona,103.7,42.8,0.0,,,,,,,,,,,,,,,,,,,,,,,,,
267533,2016-04-02,Barcelona,Real Madrid,La Liga,2015/2016,afe00df7-fd1c-489f-beb6-11d698fd739b,692,1,00:18:54.512000,18,54,Shot,Barcelona,Ivan Rakitić,Right Center Midfield,33,Barcelona,103.1,42.0,0.7273,,,,,,,,,,,,,0.06307267,Saved,Left Foot,Normal,,,,,,,,,
267533,2016-04-02,Barcelona,Real Madrid,La Liga,2015/2016,403b5f16-04e8-4995-bb13-837d88c54f78,693,1,00:18:55.239000,18,55,Goal Keeper,Real Madrid,Keylor Navas Gamboa,Goalkeeper,33,Barcelona,1.3,41.2,0.0,,,,,,,,,,,,,,,,,,,,,,,,,
267533,2016-04-02,Barcelona,Real Madrid,La Liga,2015/2016,604b5e70-00e3-4cf6-bd78-23b4e77caa53,694,1,00:18:57.740000,18,57,Ball Recovery,Barcelona,Neymar da Silva Santos Junior,Left Wing,33,Barcelona,118.1,22.1,0.0,,,,,,,,,,,,,,,,,,,,,,,,,
267533,2016-04-02,Barcelona,Real Madrid,La Liga,2015/2016,abc64f0d-6639-43ef-804b-7f20715c773d,695,1,00:18:57.740000,18,57,Carry,Barcelona,Neymar da Silva Santos Junior,Left Wing,33,Barcelona,118.1,22.1,3.795502,True,,,,,,,,,,117.7,24.0,,,,,,,,,,,,,
267533,2016-04-02,Barcelona,Real Madrid,La Liga,2015/2016,965ee8d3-009a-4d20-9073-a3e77140460e,696,1,00:19:01.535000,19,1,Dribbled Past,Real Madrid,Luka Modrić,Right Center Midfield,33,Barcelona,2.4,56.1,0.0,,,,,,,,,,,,,,,,,,,,,,,,,
267533,2016-04-02,Barcelona,Real Madrid,La Liga,2015/2016,003b8a00-948f-442a-b948-091728edd33b,697,1,00:19:01.535000,19,1,Dribble,Barcelona,Neymar da Silva Santos Junior,Left Wing,33,Barcelona,117.7,24.0,0.0,True,,True,,,,,,,,,,,,,,,,,,,,,,
267533,2016-04-02,Barcelona,Real Madrid,La Liga,2015/2016,6918e08a-d2a6-45c1-b803-bb9640fd59e2,698,1,00:19:29.190000,19,29,Pass,Real Madrid,Keylor Navas Gamboa,Goalkeeper,34,Real Madrid,7.0,36.1,3.8986,,,,Cristiano Ronaldo dos Santos Aveiro,76.6,18.4,71.81539,-0.24903132,High Pass,,,,,,,,,,,,,,,,
267533,2016-04-02,Barcelona,Real Madrid,La Liga,2015/2016,e4e40bfd-dba4-451e-8513-b9b78503a9bf,699,1,00:19:33.089000,19,33,Ball Receipt*,Real Madrid,Cristiano Ronaldo dos Santos Aveiro,Left Wing,34,Real Madrid,76.6,18.4,,,,,,,,,,,,,,,,,,,,,,,,,,
267533,2016-04-02,Barcelona,Real Madrid,La Liga,2015/2016,68605162-a90d-4538-aac9-0278b905e9df,700,1,00:19:33.089000,19,33,Duel,Barcelona,Sergio Busquets i Burgos,Center Defensive Midfield,34,Real Madrid,42.2,55.8,0.0,True,,,,,,,,,,,,,,,,Aerial Lost,,,,,,,,
267533,2016-04-02,Barcelona,Real Madrid,La Liga,2015/2016,acbd5193-6eba-40f0-aad9-19b9627c0992,701,1,00:19:33.089000,19,33,Pass,Real Madrid,Cristiano Ronaldo dos Santos Aveiro,Left Wing,34,Real Madrid,77.9,24.3,1.1585,True,,,Karim Benzema,92.3,23.2,14.441953,-0.07624082,High Pass,Incomplete,,,,,,,,,,,,,,,
267533,2016-04-02,Barcelona,Real Madrid,La Liga,2015/2016,70b351d3-7f7e-4d5c-95b3-c794578527a1,702,1,00:19:34.247000,19,34,Ball Receipt*,Real Madrid,Karim Benzema,Center Forward,34,Real Madrid,86.6,22.6,,,,,,,,,,,,,,,,,,,,,,,,,,
267533,2016-04-02,Barcelona,Real Madrid,La Liga,2015/2016,475868e1-6f27-407c-9214-edad762b2f9a,703,1,00:19:34.247000,19,34,Pass,Barcelona,Gerard Piqué Bernabéu,Right Center Back,35,Barcelona,27.8,56.9,2.123064,,,,Daniel Alves da Silva,34.0,67.9,12.626955,1.0575441,High Pass,,,,,,,,,,,,,,,,
267533,2016-04-02,Barcelona,Real Madrid,La Liga,2015/2016,9241da6f-7f44-4b7b-9825-72b39391f180,704,1,00:19:36.370000,19,36,Ball Receipt*,Barcelona,Daniel Alves da Silva,Right Back,35,Barcelona,34.0,67.9,,,,,,,,,,,,,,,,,,,,,,,,,,
267533,2016-04-02,Barcelona,Real Madrid,La Liga,2015/2016,90e4362b-93fd-4d39-bc25-0afa79fe0670,705,1,00:19:36.370000,19,36,Carry,Barcelona,Daniel Alves da Silva,Right Back,35,Barcelona,34.0,67.9,1.709482,,,,,,,,,,,37.8,71.0,,,,,,,,,,,,,
267533,2016-04-02,Barcelona,Real Madrid,La Liga,2015/2016,ffceb807-9817-45a1-9355-9f22b8beb432,706,1,00:19:38.080000,19,38,Pass,Barcelona,Daniel Alves da Silva,Right Back,35,Barcelona,37.8,71.0,3.037154,,,,Jordi Alba Ramos,33.3,16.4,54.785126,-1.653028,High Pass,,,,,,,,,,,,,,,,
267533,2016-04-02,Barcelona,Real Madrid,La Liga,2015/2016,73ff0cd0-eca0-4333-bc45-ce9f1c3c88ad,707,1,00:19:41.117000,19,41,Ball Receipt*,Barcelona,Jordi Alba Ramos,Left Back,35,Barcelona,33.3,16.4,,,,,,,,,,,,,,,,,,,,,,,,,,
267533,2016-04-02,Barcelona,Real Madrid,La Liga,2015/2016,8174877b-3e00-4c14-9c4d-01b7ebfc7004,708,1,00:19:41.117000,19,41,Carry,Barcelona,Jordi Alba Ramos,Left Back,35,Barcelona,33.3,16.4,2.398287,,,,,,,,,,,36.0,15.2,,,,,,,,,,,,,
267533,2016-04-02,Barcelona,Real Madrid,La Liga,2015/2016,0407bfd8-9679-46ca-9488-b47101bcccb3,709,1,00:19:43.515000,19,43,Pass,Barcelona,Jordi Alba Ramos,Left Back,35,Barcelona,36.0,15.2,1.681213,,,,Sergio Busquets i Burgos,48.4,28.2,17.965523,0.8090158,Ground Pass,,,,,,,,,,,,,,,,
267533,2016-04-02,Barcelona,Real Madrid,La Liga,2015/2016,260d7af5-12d7-457f-9fa4-57d5d504b87c,710,1,00:19:45.197000,19,45,Ball Receipt*,Barcelona,Sergio Busquets i Burgos,Center Defensive Midfield,35,Barcelona,48.4,28.2,,,,,,,,,,,,,,,,,,,,,,,,,,
267533,2016-04-02,Barcelona,Real Madrid,La Liga,2015/2016,67fa91f6-c21e-44f7-b2e3-238ebcee14a0,711,1,00:19:45.197000,19,45,Carry,Barcelona,Sergio Busquets i Burgos,Center Defensive Midfield,35,Barcelona,48.4,28.2,3.0254,,,,,,,,,,,63.2,33.4,,,,,,,,,,,,,
267533,2016-04-02,Barcelona,Real Madrid,La Liga,2015/2016,96edc545-ed69-4a5b-a996-fc18fe747e37,712,1,00:19:48.222000,19,48,Pass,Barcelona,Sergio Busquets i Burgos,Center Defensive Midfield,35,Barcelona,63.2,33.4,1.4331,,,,Ivan Rakitić,71.5,58.6,26.53168,1.2526214,Ground Pass,,,,,,,,,,,,,,,,
267533,2016-04-02,Barcelona,Real Madrid,La Liga,2015/2016,b688a721-3201-43f2-8d29-c43fd276acae,713,1,00:19:49.655000,19,49,Ball Receipt*,Barcelona,Ivan Rakitić,Right Center Midfield,35,Barcelona,71.5,58.6,,,,,,,,,,,,,,,,,,,,,,,,,,
267533,2016-04-02,Barcelona,Real Madrid,La Liga,2015/2016,a886ed29-a522-4205-a967-5e77aeaf5cd1,714,1,00:19:49.655000,19,49,Carry,Barcelona,Ivan Rakitić,Right Center Midfield,35,Barcelona,71.5,58.6,2.6621,,,,,,,,,,,69.9,68.3,,,,,,,,,,,,,
267533,2016-04-02,Barcelona,Real Madrid,La Liga,2015/2016,de99f7a1-da0c-4c5d-afac-19c9293d7ff9,715,1,00:19:52.317000,19,52,Pass,Barcelona,Ivan Rakitić,Right Center Midfield,35,Barcelona,69.9,68.3,1.3635,,,,Daniel Alves da Silva,78.4,74.5,10.520931,0.6301939,Ground Pass,,,,,,,,,,,,,,,,
267533,2016-04-02,Barcelona,Real Madrid,La Liga,2015/2016,bb6d1db7-bacf-4103-89e0-1836579a1ab5,716,1,00:19:53.681000,19,53,Ball Receipt*,Barcelona,Daniel Alves da Silva,Right Back,35,Barcelona,78.4,74.5,,,,,,,,,,,,,,,,,,,,,,,,,,
267533,2016-04-02,Barcelona,Real Madrid,La Liga,2015/2016,309b3905-02c0-476d-b003-84c70abd9fd3,717,1,00:19:53.681000,19,53,Carry,Barcelona,Daniel Alves da Silva,Right Back,35,Barcelona,78.4,74.5,3.688582,,,,,,,,,,,82.5,73.0,,,,,,,,,,,,,
267533,2016-04-02,Barcelona,Real Madrid,La Liga,2015/2016,637fb055-358c-4161-9375-443d9f6c2474,718,1,00:19:57.369000,19,57,Pass,Barcelona,Daniel Alves da Silva,Right Back,35,Barcelona,82.5,73.0,0.954718,,,,Luis Alberto Suárez Díaz,85.8,60.4,13.024976,-1.3146449,Ground Pass,,,,,,,,,,,,,,,,
267533,2016-04-02,Barcelona,Real Madrid,La Liga,2015/2016,84bb277a-2543-44d5-b3d0-1ada0e373687,719,1,00:19:58.324000,19,58,Ball Receipt*,Barcelona,Luis Alberto Suárez Díaz,Right Wing,35,Barcelona,85.8,60.4,,,,,,,,,,,,,,,,,,,,,,,,,,
267533,2016-04-02,Barcelona,Real Madrid,La Liga,2015/2016,93bdf909-b180-4a6f-9c77-ddbf2b264697,720,1,00:19:58.324000,19,58,Carry,Barcelona,Luis Alberto Suárez Díaz,Right Wing,35,Barcelona,85.8,60.4,1.5332,True,,,,,,,,,,82.5,74.1,,,,,,,,,,,,,
267533,2016-04-02,Barcelona,Real Madrid,La Liga,2015/2016,9fb5711e-57eb-42c0-805e-b142698a696e,721,1,00:19:59.470000,19,59,Pressure,Real Madrid,Toni Kroos,Left Center Midfield,35,Barcelona,38.9,8.4,1.902921,,,,,,,,,,,,,,,,,,,,,,,,,
267533,2016-04-02,Barcelona,Real Madrid,La Liga,2015/2016,8a0c1e71-80d3-44e7-b874-cd155be81060,722,1,00:19:59.857000,19,59,Pass,Barcelona,Luis Alberto Suárez Díaz,Right Wing,35,Barcelona,82.5,74.1,0.788533,True,,,Daniel Alves da Silva,78.7,76.5,4.494441,2.5782764,Ground Pass,,,,,,,,,,,,,,,,
267533,2016-04-02,Barcelona,Real Madrid,La Liga,2015/2016,2e0b5612-7065-476e-8191-e8d63a0d36d9,723,1,00:20:00.646000,20,0,Ball Receipt*,Barcelona,Daniel Alves da Silva,Right Back,35,Barcelona,78.7,76.5,,True,,,,,,,,,,,,,,,,,,,,,,,,
267533,2016-04-02,Barcelona,Real Madrid,La Liga,2015/2016,eca530fc-3264-4ee7-b775-d6f693085f63,724,1,00:20:00.646000,20,0,Carry,Barcelona,Daniel Alves da Silva,Right Back,35,Barcelona,78.7,76.5,0.794167,True,,,,,,,,,,76.0,75.9,,,,,,,,,,,,,
267533,2016-04-02,Barcelona,Real Madrid,La Liga,2015/2016,7f647ea2-8ad6-4ed0-8596-454e1513dc4c,725,1,00:20:01.440000,20,1,Pass,Barcelona,Daniel Alves da Silva,Right Back,35,Barcelona,76.0,75.9,0.856546,,,,Ivan Rakitić,60.5,73.5,15.684706,-2.987974,Ground Pass,,,,,,,,,,,,,,,,
267533,2016-04-02,Barcelona,Real Madrid,La Liga,2015/2016,2d6c3425-7566-4a48-8568-b71e8ae0b827,726,1,00:20:02.296000,20,2,Ball Receipt*,Barcelona,Ivan Rakitić,Right Center Midfield,35,Barcelona,60.5,73.5,,,,,,,,,,,,,,,,,,,,,,,,,,
267533,2016-04-02,Barcelona,Real Madrid,La Liga,2015/2016,2284b7a6-9371-4dc1-9859-e4fd387e65a3,727,1,00:20:02.296000,20,2,Carry,Barcelona,Ivan Rakitić,Right Center Midfield,35,Barcelona,60.5,73.5,1.831554,,,,,,,,,,,57.7,70.7,,,,,,,,,,,,,
267533,2016-04-02,Barcelona,Real Madrid,La Liga,2015/2016,e20f7c18-1409-4fba-9382-b93fb3d6c988,728,1,00:20:04.128000,20,4,Pass,Barcelona,Ivan Rakitić,Right Center Midfield,35,Barcelona,57.7,70.7,1.6936,,,,Gerard Piqué Bernabéu,50.4,51.8,20.2608,-1.9393876,Ground Pass,,,,,,,,,,,,,,,,
267533,2016-04-02,Barcelona,Real Madrid,La Liga,2015/2016,7a6e8893-ade1-42fd-813d-066e35506fb7,729,1,00:20:05.822000,20,5,Ball Receipt*,Barcelona,Gerard Piqué Bernabéu,Right Center Back,35,Barcelona,50.4,51.8,,,,,,,,,,,,,,,,,,,,,,,,,,
267533,2016-04-02,Barcelona,Real Madrid,La Liga,2015/2016,e02cb17f-5213-43d5-afdc-7ee89d9608a8,730,1,00:20:05.822000,20,5,Carry,Barcelona,Gerard Piqué Bernabéu,Right Center Back,35,Barcelona,50.4,51.8,0.7949,,,,,,,,,,,55.3,44.5,,,,,,,,,,,,,
267533,2016-04-02,Barcelona,Real Madrid,La Liga,2015/2016,30bf9a59-21f8-4bbf-b9ed-707cbffbe697,731,1,00:20:06.617000,20,6,Pass,Barcelona,Gerard Piqué Bernabéu,Right Center Back,35,Barcelona,55.3,44.5,1.0472,,,,Lionel Andrés Messi Cuccittini,61.8,39.5,8.20061,-0.6556956,Ground Pass,,,,,,,,,,,,,,,,
267533,2016-04-02,Barcelona,Real Madrid,La Liga,2015/2016,eabb1606-80a7-4bc5-a523-7700eef77990,732,1,00:20:07.664000,20,7,Ball Receipt*,Barcelona,Lionel Andrés Messi Cuccittini,Center Forward,35,Barcelona,61.8,39.5,,,,,,,,,,,,,,,,,,,,,,,,,,
267533,2016-04-02,Barcelona,Real Madrid,La Liga,2015/2016,fe7d4061-be5d-4de7-b75c-7480809c1d31,733,1,00:20:07.664000,20,7,Carry,Barcelona,Lionel Andrés Messi Cuccittini,Center Forward,35,Barcelona,61.8,39.5,0.16,,,,,,,,,,,61.8,39.5,,,,,,,,,,,,,
267533,2016-04-02,Barcelona,Real Madrid,La Liga,2015/2016,56a9948d-7377-468f-92c2-7c7c44764fb6,734,1,00:20:07.824000,20,7,Pass,Barcelona,Lionel Andrés Messi Cuccittini,Center Forward,35,Barcelona,61.8,39.5,1.2131,,,,Gerard Piqué Bernabéu,56.0,44.3,7.528612,2.4502556,Ground Pass,,,,,,,,,,,,,,,,
267533,2016-04-02,Barcelona,Real Madrid,La Liga,2015/2016,e4bb6f86-3330-4901-8564-440cb5a31c51,735,1,00:20:09.037000,20,9,Ball Receipt*,Barcelona,Gerard Piqué Bernabéu,Right Center Back,35,Barcelona,56.0,44.3,,,,,,,,,,,,,,,,,,,,,,,,,,
267533,2016-04-02,Barcelona,Real Madrid,La Liga,2015/2016,b52d0594-4e54-48d4-9bc9-704adcca7ee0,736,1,00:20:09.037000,20,9,Carry,Barcelona,Gerard Piqué Bernabéu,Right Center Back,35,Barcelona,56.0,44.3,1.2181,,,,,,,,,,,56.6,43.1,,,,,,,,,,,,,
267533,2016-04-02,Barcelona,Real Madrid,La Liga,2015/2016,bd098cfa-6928-4738-b80f-1fa99e7bcd36,737,1,00:20:10.255000,20,10,Pass,Barcelona,Gerard Piqué Bernabéu,Right Center Back,35,Barcelona,56.6,43.1,1.5256,,,,Javier Alejandro Mascherano,50.4,27.9,16.415846,-1.95809,Ground Pass,,,,,,,,,,,,,,,,
267533,2016-04-02,Barcelona,Real Madrid,La Liga,2015/2016,5fc10b0c-18c6-4b9e-895a-8b25d2175a67,738,1,00:20:11.781000,20,11,Ball Receipt*,Barcelona,Javier Alejandro Mascherano,Left Center Back,35,Barcelona,50.4,27.9,,,,,,,,,,,,,,,,,,,,,,,,,,
267533,2016-04-02,Barcelona,Real Madrid,La Liga,2015/2016,20697f5e-5e1a-4cd4-b264-ce217cf895e0,739,1,00:20:11.781000,20,11,Carry,Barcelona,Javier Alejandro Mascherano,Left Center Back,35,Barcelona,50.4,27.9,0.6386,,,,,,,,,,,50.8,26.5,,,,,,,,,,,,,
267533,2016-04-02,Barcelona,Real Madrid,La Liga,2015/2016,c8686626-ffb9-437a-b9af-73b34b9385cb,740,1,00:20:12.419000,20,12,Pass,Barcelona,Javier Alejandro Mascherano,Left Center Back,35,Barcelona,50.8,26.5,1.2374,,,,Andrés Iniesta Luján,65.7,9.4,22.680828,-0.85404015,Ground Pass,,,,,,,,,,,,,,,,
267533,2016-04-02,Barcelona,Real Madrid,La Liga,2015/2016,6d647227-1158-4188-9806-6e5d5a1826c2,741,1,00:20:13.657000,20,13,Ball Receipt*,Barcelona,Andrés Iniesta Luján,Left Center Midfield,35,Barcelona,65.7,9.4,,,,,,,,,,,,,,,,,,,,,,,,,,
267533,2016-04-02,Barcelona,Real Madrid,La Liga,2015/2016,6bd36d57-6b61-4d2c-a7ed-141b5d71ab21,742,1,00:20:13.657000,20,13,Carry,Barcelona,Andrés Iniesta Luján,Left Center Midfield,35,Barcelona,65.7,9.4,1.443603,,,,,,,,,,,71.9,8.2,,,,,,,,,,,,,
267533,2016-04-02,Barcelona,Real Madrid,La Liga,2015/2016,1adaaac4-8a5f-4beb-b4a0-8bf82e0ed78f,743,1,00:20:15.100000,20,15,Pass,Barcelona,Andrés Iniesta Luján,Left Center Midfield,35,Barcelona,71.9,8.2,1.070277,,,,Jordi Alba Ramos,79.1,2.4,9.24554,-0.6781193,Ground Pass,,,,,,,,,,,,,,,,
267533,2016-04-02,Barcelona,Real Madrid,La Liga,2015/2016,d402ab7b-13d3-419d-b979-6ade9241e89e,744,1,00:20:16.170000,20,16,Ball Receipt*,Barcelona,Jordi Alba Ramos,Left Back,35,Barcelona,79.1,2.4,,,,,,,,,,,,,,,,,,,,,,,,,,
267533,2016-04-02,Barcelona,Real Madrid,La Liga,2015/2016,71f88170-30c9-46b5-ac7b-3e317ddde079,745,1,00:20:16.170000,20,16,Carry,Barcelona,Jordi Alba Ramos,Left Back,35,Barcelona,79.1,2.4,0.04002,,,,,,,,,,,78.8,2.3,,,,,,,,,,,,,
267533,2016-04-02,Barcelona,Real Madrid,La Liga,2015/2016,3037b0f3-ab30-4c6b-a137-96bce9bce712,746,1,00:20:16.210000,20,16,Pass,Barcelona,Jordi Alba Ramos,Left Back,35,Barcelona,78.8,2.3,0.800869,,,,Andrés Iniesta Luján,69.9,4.8,9.244458,2.8677506,Ground Pass,,,,,,,,,,,,,,,,
267533,2016-04-02,Barcelona,Real Madrid,La Liga,2015/2016,75d6bf7b-4e69-4c3b-8aee-be1f31a6f2b7,747,1,00:20:17.011000,20,17,Ball Receipt*,Barcelona,Andrés Iniesta Luján,Left Center Midfield,35,Barcelona,69.9,4.8,,,,,,,,,,,,,,,,,,,,,,,,,,
267533,2016-04-02,Barcelona,Real Madrid,La Liga,2015/2016,1812769e-2dc6-4d52-bbd9-36feae5629c9,748,1,00:20:17.011000,20,17,Carry,Barcelona,Andrés Iniesta Luján,Left Center Midfield,35,Barcelona,69.9,4.8,0.617311,,,,,,,,,,,69.7,4.8,,,,,,,,,,,,,
267533,2016-04-02,Barcelona,Real Madrid,La Liga,2015/2016,7ebf6890-3aa4-4de0-8b17-669b5b232125,749,1,00:20:17.629000,20,17,Pass,Barcelona,Andrés Iniesta Luján,Left Center Midfield,35,Barcelona,69.7,4.8,0.830271,,,,Lionel Andrés Messi Cuccittini,63.7,8.9,7.267049,2.5421402,Ground Pass,,,,,,,,,,,,,,,,
267533,2016-04-02,Barcelona,Real Madrid,La Liga,2015/2016,3c769f11-9f0e-42cc-aac4-68268037dbc7,750,1,00:20:18.459000,20,18,Ball Receipt*,Barcelona,Lionel Andrés Messi Cuccittini,Center Forward,35,Barcelona,63.7,8.9,,,,,,,,,,,,,,,,,,,,,,,,,,
267533,2016-04-02,Barcelona,Real Madrid,La Liga,2015/2016,50e24cd4-1259-459b-8a61-ab2099c1d60d,751,1,00:20:18.459000,20,18,Carry,Barcelona,Lionel Andrés Messi Cuccittini,Center Forward,35,Barcelona,63.7,8.9,0.520049,,,,,,,,,,,62.9,11.2,,,,,,,,,,,,,
267533,2016-04-02,Barcelona,Real Madrid,La Liga,2015/2016,88511a8d-2e1c-4498-9cb0-1b34657b1a91,752,1,00:20:18.979000,20,18,Pass,Barcelona,Lionel Andrés Messi Cuccittini,Center Forward,35,Barcelona,62.9,11.2,0.706392,,,,Neymar da Silva Santos Junior,77.0,16.2,14.96028,0.34077573,Ground Pass,,,,,,,,,,,,,,,,
267533,2016-04-02,Barcelona,Real Madrid,La Liga,2015/2016,1ffa9fdb-63f7-46f5-b1ff-ff75c557ad77,753,1,00:20:19.685000,20,19,Ball Receipt*,Barcelona,Neymar da Silva Santos Junior,Left Wing,35,Barcelona,77.0,16.2,,,,,,,,,,,,,,,,,,,,,,,,,,
267533,2016-04-02,Barcelona,Real Madrid,La Liga,2015/2016,12d8797d-01c7-4a9e-a290-bc0373ad2144,754,1,00:20:19.685000,20,19,Carry,Barcelona,Neymar da Silva Santos Junior,Left Wing,35,Barcelona,77.0,16.2,1.725708,True,,,,,,,,,,71.1,10.6,,,,,,,,,,,,,
267533,2016-04-02,Barcelona,Real Madrid,La Liga,2015/2016,5005b1e4-704e-414b-8780-1be8f7233842,755,1,00:20:20.750000,20,20,Pressure,Real Madrid,Carlos Henrique Casimiro,Center Defensive Midfield,35,Barcelona,51.3,66.4,0.660756,,,,,,,,,,,,,,,,,,,,,,,,,
267533,2016-04-02,Barcelona,Real Madrid,La Liga,2015/2016,f2b764d0-4e86-45af-8eb5-7a57984d4345,756,1,00:20:21.411000,20,21,Dispossessed,Barcelona,Neymar da Silva Santos Junior,Left Wing,35,Barcelona,71.1,10.6,0.0,True,,,,,,,,,,,,,,,,,,,,,,,,
267533,2016-04-02,Barcelona,Real Madrid,La Liga,2015/2016,29fda3ea-5a14-42db-bd70-929525a0fd43,757,1,00:20:21.411000,20,21,Duel,Real Madrid,Carlos Henrique Casimiro,Center Defensive Midfield,35,Barcelona,49.0,69.5,0.0,True,,,,,,,,,,,,,,,,Tackle,Lost In Play,,,,,,,
267533,2016-04-02,Barcelona,Real Madrid,La Liga,2015/2016,8f48430b-d57a-486d-a845-9314e1c5373a,758,1,00:20:23.096000,20,23,Ball Recovery,Barcelona,Andrés Iniesta Luján,Left Center Midfield,35,Barcelona,69.7,8.5,0.0,,,,,,,,,,,,,,,,,,,,,,,,,
267533,2016-04-02,Barcelona,Real Madrid,La Liga,2015/2016,1ae2adea-6acc-441e-8c07-28f4d0aeea24,759,1,00:20:23.096000,20,23,Carry,Barcelona,Andrés Iniesta Luján,Left Center Midfield,35,Barcelona,69.7,8.5,1.029262,,,,,,,,,,,69.7,7.9,,,,,,,,,,,,,
267533,2016-04-02,Barcelona,Real Madrid,La Liga,2015/2016,33b6a85c-6d16-4fd4-a86d-2f4b8517ad5a,760,1,00:20:24.126000,20,24,Pass,Barcelona,Andrés Iniesta Luján,Left Center Midfield,35,Barcelona,69.7,7.9,1.0475,,,,Jordi Alba Ramos,82.1,2.7,13.446189,-0.39707944,Ground Pass,,,,,,,,,,,,,,,,
267533,2016-04-02,Barcelona,Real Madrid,La Liga,2015/2016,a87f266f-e8bb-4fd7-80d3-e0feeee9641d,761,1,00:20:25.173000,20,25,Ball Receipt*,Barcelona,Jordi Alba Ramos,Left Back,35,Barcelona,82.1,2.7,,,,,,,,,,,,,,,,,,,,,,,,,,
267533,2016-04-02,Barcelona,Real Madrid,La Liga,2015/2016,f98a6259-dbeb-4fde-a222-ba918bab4086,762,1,00:20:25.173000,20,25,Carry,Barcelona,Jordi Alba Ramos,Left Back,35,Barcelona,82.1,2.7,1.667516,,,,,,,,,,,85.0,4.1,,,,,,,,,,,,,
267533,2016-04-02,Barcelona,Real Madrid,La Liga,2015/2016,cf4f646d-f4dc-4ff3-83dd-db1b9e393c2b,763,1,00:20:26.841000,20,26,Pass,Barcelona,Jordi Alba Ramos,Left Back,35,Barcelona,85.0,4.1,1.077803,,,,Andrés Iniesta Luján,71.9,11.4,14.996666,2.6331987,Ground Pass,,,,,,,,,,,,,,,,
267533,2016-04-02,Barcelona,Real Madrid,La Liga,2015/2016,954f1261-891f-43e7-8931-ac020e31ba82,764,1,00:20:27.919000,20,27,Ball Receipt*,Barcelona,Andrés Iniesta Luján,Left Center Midfield,35,Barcelona,71.9,11.4,,,,,,,,,,,,,,,,,,,,,,,,,,
267533,2016-04-02,Barcelona,Real Madrid,La Liga,2015/2016,3ecd08b4-409c-4283-a729-38a352aa3958,765,1,00:20:27.919000,20,27,Carry,Barcelona,Andrés Iniesta Luján,Left Center Midfield,35,Barcelona,71.9,11.4,3.578781,,,,,,,,,,,71.1,26.4,,,,,,,,,,,,,
267533,2016-04-02,Barcelona,Real Madrid,La Liga,2015/2016,46db3a98-8edf-48e4-9357-934389766fc8,766,1,00:20:31.497000,20,31,Pass,Barcelona,Andrés Iniesta Luján,Left Center Midfield,35,Barcelona,71.1,26.4,2.180109,,,,Gerard Piqué Bernabéu,63.9,50.9,25.536053,1.8566267,Ground Pass,,,,,,,,,,,,,,,,
267533,2016-04-02,Barcelona,Real Madrid,La Liga,2015/2016,f1d4ab9a-3a9c-4018-9196-d5b409863bab,767,1,00:20:33.677000,20,33,Ball Receipt*,Barcelona,Gerard Piqué Bernabéu,Right Center Back,35,Barcelona,63.9,50.9,,,,,,,,,,,,,,,,,,,,,,,,,,
267533,2016-04-02,Barcelona,Real Madrid,La Liga,2015/2016,0abc93b1-dcb2-4352-ba11-5cae81fea0d9,768,1,00:20:33.677000,20,33,Carry,Barcelona,Gerard Piqué Bernabéu,Right Center Back,35,Barcelona,63.9,50.9,3.200008,,,,,,,,,,,71.1,50.0,,,,,,,,,,,,,
267533,2016-04-02,Barcelona,Real Madrid,La Liga,2015/2016,6687d9f8-fde9-424a-96f8-fc74b7fac9e2,769,1,00:20:36.877000,20,36,Pass,Barcelona,Gerard Piqué Bernabéu,Right Center Back,35,Barcelona,71.1,50.0,0.997483,,,,Lionel Andrés Messi Cuccittini,85.4,34.7,20.9423,-0.8191691,Ground Pass,,,,,,,,,,,,,,,,
267533,2016-04-02,Barcelona,Real Madrid,La Liga,2015/2016,e3056fa8-37ff-4d68-bd40-76c435c3f7c7,770,1,00:20:37.875000,20,37,Ball Receipt*,Barcelona,Lionel Andrés Messi Cuccittini,Center Forward,35,Barcelona,85.4,34.7,,,,,,,,,,,,,,,,,,,,,,,,,,
267533,2016-04-02,Barcelona,Real Madrid,La Liga,2015/2016,6d1aeb1f-7d24-48dd-af7c-b9b96463b0fc,771,1,00:20:37.875000,20,37,Carry,Barcelona,Lionel Andrés Messi Cuccittini,Center Forward,35,Barcelona,85.4,34.7,1.0852,True,,,,,,,,,,84.6,35.5,,,,,,,,,,,,,
267533,2016-04-02,Barcelona,Real Madrid,La Liga,2015/2016,68d083e7-1e3b-425a-b60b-72910c8b7e10,772,1,00:20:38.254000,20,38,Pressure,Real Madrid,Carlos Henrique Casimiro,Center Defensive Midfield,35,Barcelona,33.3,42.0,0.858171,,,,,,,,,,,,,,,,,,,,,,,,,
267533,2016-04-02,Barcelona,Real Madrid,La Liga,2015/2016,c8646083-0d42-4292-9ba0-6edcafb23cea,773,1,00:20:38.960000,20,38,Dribbled Past,Real Madrid,Carlos Henrique Casimiro,Center Defensive Midfield,35,Barcelona,35.5,44.6,0.0,,,,,,,,,,,,,,,,,,,,,,,,,
267533,2016-04-02,Barcelona,Real Madrid,La Liga,2015/2016,93b48bbe-f908-4824-9bd6-16b11e82fdf3,774,1,00:20:38.960000,20,38,Dribble,Barcelona,Lionel Andrés Messi Cuccittini,Center Forward,35,Barcelona,84.6,35.5,0.0,True,,,,,,,,,,,,,,,,,,,,,,,,
267533,2016-04-02,Barcelona,Real Madrid,La Liga,2015/2016,10b07ea2-6c80-48ca-929b-72df19bedcef,775,1,00:20:38.960000,20,38,Carry,Barcelona,Lionel Andrés Messi Cuccittini,Center Forward,35,Barcelona,84.6,35.5,2.6023,True,,,,,,,,,,94.0,44.7,,,,,,,,,,,,,
267533,2016-04-02,Barcelona,Real Madrid,La Liga,2015/2016,c91dbe4d-eeb7-4669-aa17-2dda9960e384,776,1,00:20:41.138000,20,41,Pressure,Real Madrid,Sergio Ramos García,Left Center Back,35,Barcelona,22.7,35.4,0.4241,,,,,,,,,,,,,,,,,,,,,,,,,
267533,2016-04-02,Barcelona,Real Madrid,La Liga,2015/2016,21d8ba59-70fc-47eb-9309-f7301cd09cdd,777,1,00:20:41.562000,20,41,Dispossessed,Barcelona,Lionel Andrés Messi Cuccittini,Center Forward,35,Barcelona,94.0,44.7,0.0,True,,,,,,,,,,,,,,,,,,,,,,,,
267533,2016-04-02,Barcelona,Real Madrid,La Liga,2015/2016,80d5f362-462e-4708-8891-b8be3eb92600,778,1,00:20:41.562000,20,41,Duel,Real Madrid,Sergio Ramos García,Left Center Back,36,Real Madrid,26.1,35.4,0.0,True,,,,,,,,,,,,,,,,Tackle,Success In Play,,,,,,,
267533,2016-04-02,Barcelona,Real Madrid,La Liga,2015/2016,f8c0799c-8261-4433-ac75-efb82c6a0261,779,1,00:20:43.338000,20,43,Pass,Real Madrid,Cristiano Ronaldo dos Santos Aveiro,Left Wing,36,Real Madrid,31.4,19.6,0.6848,,,,Toni Kroos,34.1,26.1,7.038466,1.1770982,Low Pass,,,,,,,,,,,,,,,,
267533,2016-04-02,Barcelona,Real Madrid,La Liga,2015/2016,f65f034f-fcc0-46b1-a329-53496a8bee8b,780,1,00:20:44.023000,20,44,Ball Receipt*,Real Madrid,Toni Kroos,Left Center Midfield,36,Real Madrid,34.1,26.1,,,,,,,,,,,,,,,,,,,,,,,,,,
267533,2016-04-02,Barcelona,Real Madrid,La Liga,2015/2016,c228ce1b-a2cd-4bd1-82ca-670c44f832fc,781,1,00:20:44.023000,20,44,Carry,Real Madrid,Toni Kroos,Left Center Midfield,36,Real Madrid,34.1,26.1,0.9428,,,,,,,,,,,37.6,27.8,,,,,,,,,,,,,
267533,2016-04-02,Barcelona,Real Madrid,La Liga,2015/2016,8392cfdf-e7e7-42e9-ba49-01c638e1cdd2,782,1,00:20:44.965000,20,44,Pass,Real Madrid,Toni Kroos,Left Center Midfield,36,Real Madrid,37.6,27.8,0.9086,,,,Karim Benzema,46.8,32.9,10.519031,0.50617516,High Pass,,,,,,,,,,,,,,,,
267533,2016-04-02,Barcelona,Real Madrid,La Liga,2015/2016,8b75ee28-e658-489c-b748-5a44d29eb24c,783,1,00:20:45.851000,20,45,Pressure,Barcelona,Andrés Iniesta Luján,Left Center Midfield,36,Real Madrid,73.6,43.8,1.907812,,,,,,,,,,,,,,,,,,,,,,,,,
267533,2016-04-02,Barcelona,Real Madrid,La Liga,2015/2016,4ba83aca-c0e2-4c1e-a2ce-ff79db98bb96,784,1,00:20:45.874000,20,45,Ball Receipt*,Real Madrid,Karim Benzema,Center Forward,36,Real Madrid,46.8,32.9,,True,,,,,,,,,,,,,,,,,,,,,,,,
267533,2016-04-02,Barcelona,Real Madrid,La Liga,2015/2016,266dc2cf-359b-406a-a17c-1a7653ba3410,785,1,00:20:45.874000,20,45,Carry,Real Madrid,Karim Benzema,Center Forward,36,Real Madrid,46.8,32.9,1.172088,True,,,,,,,,,,44.3,34.0,,,,,,,,,,,,,
267533,2016-04-02,Barcelona,Real Madrid,La Liga,2015/2016,f3192f15-a824-4d1b-b6be-531282f19852,786,1,00:20:47.046000,20,47,Pass,Real Madrid,Karim Benzema,Center Forward,36,Real Madrid,44.3,34.0,0.5209,True,,,Toni Kroos,49.7,24.0,11.364858,-1.0756631,Low Pass,,,,,,,,,,,,,,,,
267533,2016-04-02,Barcelona,Real Madrid,La Liga,2015/2016,1eb4e280-0d0f-4c28-a4e6-07d16f42e410,787,1,00:20:47.567000,20,47,Ball Receipt*,Real Madrid,Toni Kroos,Left Center Midfield,36,Real Madrid,49.7,24.0,,True,,,,,,,,,,,,,,,,,,,,,,,,
267533,2016-04-02,Barcelona,Real Madrid,La Liga,2015/2016,ff33be3c-ff57-4379-abc3-d0e33d6d5856,788,1,00:20:47.567000,20,47,Carry,Real Madrid,Toni Kroos,Left Center Midfield,36,Real Madrid,49.7,24.0,0.957312,True,,,,,,,,,,51.6,29.2,,,,,,,,,,,,,
267533,2016-04-02,Barcelona,Real Madrid,La Liga,2015/2016,f6d840e1-802b-4499-a9ad-a0065cc52faf,789,1,00:20:48.524000,20,48,Pass,Real Madrid,Toni Kroos,Left Center Midfield,36,Real Madrid,51.6,29.2,0.371399,,,,Karim Benzema,55.0,31.6,4.1617303,0.61466295,Ground Pass,Incomplete,,,,,,,,,,,,,,,
267533,2016-04-02,Barcelona,Real Madrid,La Liga,2015/2016,0142b6f5-7ab0-4af7-baa0-0a90b1e22588,790,1,00:20:48.896000,20,48,Ball Receipt*,Real Madrid,Karim Benzema,Center Forward,36,Real Madrid,51.6,35.4,,,,,,,,,,,,,,,,,,,,,,,,,,
267533,2016-04-02,Barcelona,Real Madrid,La Liga,2015/2016,dc92dece-b2c1-466a-ae2e-626f0cecd454,791,1,00:20:48.896000,20,48,Block,Barcelona,Javier Alejandro Mascherano,Left Center Back,36,Real Madrid,65.1,48.5,0.0,,,,,,,,,,,,,,,,,,,,,,,,,
267533,2016-04-02,Barcelona,Real Madrid,La Liga,2015/2016,6765e6fb-f873-4dc7-8cea-0139eed43900,792,1,00:20:50.298000,20,50,Pass,Barcelona,Jordi Alba Ramos,Left Back,37,Barcelona,57.4,34.9,2.980667,,,,Claudio Andrés Bravo Muñoz,23.9,41.4,34.12477,2.9499443,Ground Pass,,,,,,,,,,,,,,,,
267533,2016-04-02,Barcelona,Real Madrid,La Liga,2015/2016,631e6a67-8624-44d6-9353-a2f0b75c9591,793,1,00:20:53.279000,20,53,Ball Receipt*,Barcelona,Claudio Andrés Bravo Muñoz,Goalkeeper,37,Barcelona,23.9,41.4,,,,,,,,,,,,,,,,,,,,,,,,,,
267533,2016-04-02,Barcelona,Real Madrid,La Liga,2015/2016,4f03947a-e81f-4559-b92c-66f0aa5cab76,794,1,00:20:53.279000,20,53,Carry,Barcelona,Claudio Andrés Bravo Muñoz,Goalkeeper,37,Barcelona,23.9,41.4,0.0056,,,,,,,,,,,23.9,41.4,,,,,,,,,,,,,
267533,2016-04-02,Barcelona,Real Madrid,La Liga,2015/2016,c36f5dda-6f42-40ec-b174-d539b7ce6cb2,795,1,00:20:53.285000,20,53,Pass,Barcelona,Claudio Andrés Bravo Muñoz,Goalkeeper,37,Barcelona,23.9,41.4,1.0709,,,,Gerard Piqué Bernabéu,34.6,50.3,13.917615,0.69381833,Ground Pass,,,,,,,,,,,,,,,,
267533,2016-04-02,Barcelona,Real Madrid,La Liga,2015/2016,0b13d59d-dafd-4b8e-8a1a-31ec5e586b4f,796,1,00:20:54.355000,20,54,Ball Receipt*,Barcelona,Gerard Piqué Bernabéu,Right Center Back,37,Barcelona,34.6,50.3,,,,,,,,,,,,,,,,,,,,,,,,,,
267533,2016-04-02,Barcelona,Real Madrid,La Liga,2015/2016,80f2801a-648d-49d8-bcd6-49379a508b73,797,1,00:20:54.355000,20,54,Carry,Barcelona,Gerard Piqué Bernabéu,Right Center Back,37,Barcelona,34.6,50.3,1.2371,,,,,,,,,,,36.4,49.5,,,,,,,,,,,,,
267533,2016-04-02,Barcelona,Real Madrid,La Liga,2015/2016,3921db33-8e3a-41a2-8de7-4b076e88939d,798,1,00:20:55.593000,20,55,Pass,Barcelona,Gerard Piqué Bernabéu,Right Center Back,37,Barcelona,36.4,49.5,1.6046,,,,Sergio Busquets i Burgos,48.8,46.6,12.734598,-0.22974175,Ground Pass,,,,,,,,,,,,,,,,
267533,2016-04-02,Barcelona,Real Madrid,La Liga,2015/2016,6372d180-560f-4ad6-9d48-f2f795b2bf3c,799,1,00:20:57.197000,20,57,Ball Receipt*,Barcelona,Sergio Busquets i Burgos,Center Defensive Midfield,37,Barcelona,48.8,46.6,,,,,,,,,,,,,,,,,,,,,,,,,,
267533,2016-04-02,Barcelona,Real Madrid,La Liga,2015/2016,74a55a8a-4470-4a20-baa2-1fae1e3ac7e4,800,1,00:20:57.197000,20,57,Pass,Barcelona,Sergio Busquets i Burgos,Center Defensive Midfield,37,Barcelona,48.8,46.6,0.8,,,,Gerard Piqué Bernabéu,39.2,49.9,10.151355,2.8104966,Ground Pass,,,,,,,,,,,,,,,,
267533,2016-04-02,Barcelona,Real Madrid,La Liga,2015/2016,8af4382c-1f0f-4d2c-9d38-1c58fe433642,801,1,00:20:57.997000,20,57,Ball Receipt*,Barcelona,Gerard Piqué Bernabéu,Right Center Back,37,Barcelona,39.2,49.9,,,,,,,,,,,,,,,,,,,,,,,,,,
267533,2016-04-02,Barcelona,Real Madrid,La Liga,2015/2016,93b37971-871f-4203-8572-0dcda00ff6f2,802,1,00:20:57.997000,20,57,Carry,Barcelona,Gerard Piqué Bernabéu,Right Center Back,37,Barcelona,39.2,49.9,3.2,,,,,,,,,,,40.2,48.9,,,,,,,,,,,,,
267533,2016-04-02,Barcelona,Real Madrid,La Liga,2015/2016,574309ad-849e-45cf-8af3-f0a2335ffc96,803,1,00:21:01.197000,21,1,Pass,Barcelona,Gerard Piqué Bernabéu,Right Center Back,37,Barcelona,40.2,48.9,1.7385,,,,Javier Alejandro Mascherano,37.4,24.1,24.957563,-1.6832235,Ground Pass,,,,,,,,,,,,,,,,
267533,2016-04-02,Barcelona,Real Madrid,La Liga,2015/2016,384036c3-9180-4e79-bc1c-aabe2df39582,804,1,00:21:02.936000,21,2,Ball Receipt*,Barcelona,Javier Alejandro Mascherano,Left Center Back,37,Barcelona,37.4,24.1,,,,,,,,,,,,,,,,,,,,,,,,,,
267533,2016-04-02,Barcelona,Real Madrid,La Liga,2015/2016,629cf08a-863c-4166-b70d-ea4edb0703e3,805,1,00:21:02.936000,21,2,Carry,Barcelona,Javier Alejandro Mascherano,Left Center Back,37,Barcelona,37.4,24.1,7.1087,,,,,,,,,,,69.7,26.2,,,,,,,,,,,,,
267533,2016-04-02,Barcelona,Real Madrid,La Liga,2015/2016,3594587d-c227-45b9-917c-d98f375cdb3d,806,1,00:21:10.044000,21,10,Pass,Barcelona,Javier Alejandro Mascherano,Left Center Back,37,Barcelona,69.7,26.2,1.8866,,,,Andrés Iniesta Luján,83.9,7.9,23.163116,-0.9108891,High Pass,,,,,,,,,,,,,,,,
267533,2016-04-02,Barcelona,Real Madrid,La Liga,2015/2016,41a6e60c-aa86-4290-94b2-e6911c3e3dff,807,1,00:21:11.931000,21,11,Ball Receipt*,Barcelona,Andrés Iniesta Luján,Left Center Midfield,37,Barcelona,83.9,7.9,,,,,,,,,,,,,,,,,,,,,,,,,,
267533,2016-04-02,Barcelona,Real Madrid,La Liga,2015/2016,817825a9-63b9-43e8-845b-982d299fe52b,808,1,00:21:11.931000,21,11,Carry,Barcelona,Andrés Iniesta Luján,Left Center Midfield,37,Barcelona,83.9,7.9,4.803916,True,,,,,,,,,,81.8,12.3,,,,,,,,,,,,,
267533,2016-04-02,Barcelona,Real Madrid,La Liga,2015/2016,5c022972-2906-4d50-8786-1337dadc8cc1,809,1,00:21:15.612000,21,15,Pressure,Real Madrid,Luka Modrić,Right Center Midfield,37,Barcelona,34.5,66.1,1.228504,,,,,,,,,,,,,,,,,,,,,,,,,
267533,2016-04-02,Barcelona,Real Madrid,La Liga,2015/2016,b492fad2-5434-40fd-8f14-ea577d154e3b,810,1,00:21:16.735000,21,16,Pass,Barcelona,Andrés Iniesta Luján,Left Center Midfield,37,Barcelona,81.8,12.3,1.907684,True,,,Jordi Alba Ramos,86.3,6.6,7.262231,-0.9025069,Ground Pass,,,,,,,,,,,,,,,,
267533,2016-04-02,Barcelona,Real Madrid,La Liga,2015/2016,01e00600-d6af-4c72-834d-45fe8050fb99,811,1,00:21:18.643000,21,18,Ball Receipt*,Barcelona,Jordi Alba Ramos,Left Back,37,Barcelona,86.3,6.6,,,,,,,,,,,,,,,,,,,,,,,,,,
267533,2016-04-02,Barcelona,Real Madrid,La Liga,2015/2016,4554112c-a8b5-40c6-8d10-edc7ea33800f,812,1,00:21:18.643000,21,18,Carry,Barcelona,Jordi Alba Ramos,Left Back,37,Barcelona,86.3,6.6,2.043143,,,,,,,,,,,94.3,6.1,,,,,,,,,,,,,
267533,2016-04-02,Barcelona,Real Madrid,La Liga,2015/2016,d75196db-9b0c-4589-898e-4ad8e9d1ff91,813,1,00:21:20.686000,21,20,Pass,Barcelona,Jordi Alba Ramos,Left Back,37,Barcelona,94.3,6.1,0.806894,,,,Neymar da Silva Santos Junior,91.9,14.2,8.448076,1.8588518,Ground Pass,,,,,,,,,,,,,,,,
267533,2016-04-02,Barcelona,Real Madrid,La Liga,2015/2016,dbd81a45-24b8-4752-8009-48e2405e4de0,814,1,00:21:20.864000,21,20,Pressure,Real Madrid,Carlos Henrique Casimiro,Center Defensive Midfield,37,Barcelona,26.3,64.3,2.243857,,,,,,,,,,,,,,,,,,,,,,,,,
267533,2016-04-02,Barcelona,Real Madrid,La Liga,2015/2016,03536064-0bac-4dd4-b759-3b11d2153331,815,1,00:21:21.493000,21,21,Ball Receipt*,Barcelona,Neymar da Silva Santos Junior,Left Wing,37,Barcelona,91.9,14.2,,True,,,,,,,,,,,,,,,,,,,,,,,,
267533,2016-04-02,Barcelona,Real Madrid,La Liga,2015/2016,8d1f8ce2-339a-489f-b11b-94cea77b96a7,816,1,00:21:21.493000,21,21,Carry,Barcelona,Neymar da Silva Santos Junior,Left Wing,37,Barcelona,91.9,14.2,1.648063,True,,,,,,,,,,89.4,9.3,,,,,,,,,,,,,
267533,2016-04-02,Barcelona,Real Madrid,La Liga,2015/2016,9c99ff29-ee62-4000-afe6-1c74d1b1e725,817,1,00:21:23.141000,21,23,Pass,Barcelona,Neymar da Silva Santos Junior,Left Wing,37,Barcelona,89.4,9.3,0.610034,,,,Jordi Alba Ramos,86.0,3.4,6.809552,-2.0935855,Ground Pass,,,,,,,,,,,,,,,,
267533,2016-04-02,Barcelona,Real Madrid,La Liga,2015/2016,bfec9a31-be20-4ff2-a18e-01b8c4dea2ad,818,1,00:21:23.751000,21,23,Ball Receipt*,Barcelona,Jordi Alba Ramos,Left Back,37,Barcelona,86.0,3.4,,,,,,,,,,,,,,,,,,,,,,,,,,
267533,2016-04-02,Barcelona,Real Madrid,La Liga,2015/2016,6402cbb9-55f3-463c-b1d9-7e0049b29115,819,1,00:21:23.751000,21,23,Carry,Barcelona,Jordi Alba Ramos,Left Back,37,Barcelona,86.0,3.4,0.422349,,,,,,,,,,,85.2,4.5,,,,,,,,,,,,,
267533,2016-04-02,Barcelona,Real Madrid,La Liga,2015/2016,c6af19db-c326-4867-b3cb-1b2060dd62bb,820,1,00:21:24.173000,21,24,Pass,Barcelona,Jordi Alba Ramos,Left Back,37,Barcelona,85.2,4.5,0.990516,,,,Andrés Iniesta Luján,73.1,7.1,12.376186,2.929935,Ground Pass,,,,,,,,,,,,,,,,
267533,2016-04-02,Barcelona,Real Madrid,La Liga,2015/2016,e8deb4ae-ca48-4082-8a12-9b73241a0aae,821,1,00:21:25.163000,21,25,Ball Receipt*,Barcelona,Andrés Iniesta Luján,Left Center Midfield,37,Barcelona,73.1,7.1,,,,,,,,,,,,,,,,,,,,,,,,,,
267533,2016-04-02,Barcelona,Real Madrid,La Liga,2015/2016,3a460f2f-7f69-45be-ad41-7e7c555ca6a1,822,1,00:21:25.163000,21,25,Carry,Barcelona,Andrés Iniesta Luján,Left Center Midfield,37,Barcelona,73.1,7.1,1.413262,,,,,,,,,,,71.5,10.6,,,,,,,,,,,,,
267533,2016-04-02,Barcelona,Real Madrid,La Liga,2015/2016,98de2c5b-a1e5-48d5-b3bb-fb68c89d320c,823,1,00:21:26.577000,21,26,Pass,Barcelona,Andrés Iniesta Luján,Left Center Midfield,37,Barcelona,71.5,10.6,1.440785,,,,Ivan Rakitić,72.2,37.6,27.009073,1.5448762,Ground Pass,,,,,,,,,,,,,,,,
267533,2016-04-02,Barcelona,Real Madrid,La Liga,2015/2016,78acabc0-7476-4487-96b8-4b97e4feb39c,824,1,00:21:28.018000,21,28,Ball Receipt*,Barcelona,Ivan Rakitić,Right Center Midfield,37,Barcelona,72.2,37.6,,,,,,,,,,,,,,,,,,,,,,,,,,
267533,2016-04-02,Barcelona,Real Madrid,La Liga,2015/2016,13e2a090-4868-43ff-8417-ce812568b3c7,825,1,00:21:28.018000,21,28,Carry,Barcelona,Ivan Rakitić,Right Center Midfield,37,Barcelona,72.2,37.6,0.039954,,,,,,,,,,,72.6,42.7,,,,,,,,,,,,,
267533,2016-04-02,Barcelona,Real Madrid,La Liga,2015/2016,3a75cf3e-16a2-44a4-a310-f2e92d739bc8,826,1,00:21:28.058000,21,28,Pass,Barcelona,Ivan Rakitić,Right Center Midfield,37,Barcelona,72.6,42.7,1.768412,,,,Gerard Piqué Bernabéu,57.7,40.3,15.092051,-2.9818904,High Pass,,,,,,,,,,,,,,,,
267533,2016-04-02,Barcelona,Real Madrid,La Liga,2015/2016,1c5d7468-ccf2-493c-8249-d07c63d718e7,827,1,00:21:29.826000,21,29,Ball Receipt*,Barcelona,Gerard Piqué Bernabéu,Right Center Back,37,Barcelona,57.7,40.3,,,,,,,,,,,,,,,,,,,,,,,,,,
267533,2016-04-02,Barcelona,Real Madrid,La Liga,2015/2016,1c643c4b-0d40-4b23-b41c-e9021e7b7837,828,1,00:21:29.826000,21,29,Carry,Barcelona,Gerard Piqué Bernabéu,Right Center Back,37,Barcelona,57.7,40.3,1.167486,,,,,,,,,,,59.8,40.5,,,,,,,,,,,,,
267533,2016-04-02,Barcelona,Real Madrid,La Liga,2015/2016,cfd767b4-7a75-469b-8590-8fd5a869cf4b,829,1,00:21:30.993000,21,30,Pass,Barcelona,Gerard Piqué Bernabéu,Right Center Back,37,Barcelona,59.8,40.5,1.024283,,,,Lionel Andrés Messi Cuccittini,77.8,41.3,18.017769,0.044415217,Ground Pass,,,,,,,,,,,,,,,,
267533,2016-04-02,Barcelona,Real Madrid,La Liga,2015/2016,5c60faee-e138-471a-b76f-ecd7f0feb832,830,1,00:21:32.018000,21,32,Ball Receipt*,Barcelona,Lionel Andrés Messi Cuccittini,Center Forward,37,Barcelona,77.8,41.3,,,,,,,,,,,,,,,,,,,,,,,,,,
267533,2016-04-02,Barcelona,Real Madrid,La Liga,2015/2016,0ba689b8-07f3-4892-9867-a5e6ff15cbe2,831,1,00:21:32.018000,21,32,Carry,Barcelona,Lionel Andrés Messi Cuccittini,Center Forward,37,Barcelona,77.8,41.3,0.040019,,,,,,,,,,,77.7,41.3,,,,,,,,,,,,,
267533,2016-04-02,Barcelona,Real Madrid,La Liga,2015/2016,9d1f4cbd-5e8d-4463-9711-8fa3f8d4c8e9,832,1,00:21:32.058000,21,32,Pass,Barcelona,Lionel Andrés Messi Cuccittini,Center Forward,37,Barcelona,77.7,41.3,0.554639,,,,Sergio Busquets i Burgos,77.4,36.5,4.8093657,-1.6332152,Ground Pass,,,,,,,,,,,,,,,,
267533,2016-04-02,Barcelona,Real Madrid,La Liga,2015/2016,eae3cef3-aa8e-45d8-ad89-b4438173712e,833,1,00:21:32.612000,21,32,Ball Receipt*,Barcelona,Sergio Busquets i Burgos,Center Defensive Midfield,37,Barcelona,77.4,36.5,,,,,,,,,,,,,,,,,,,,,,,,,,
267533,2016-04-02,Barcelona,Real Madrid,La Liga,2015/2016,e34dbae7-4fd3-42d4-8495-406fb21fc78c,834,1,00:21:32.612000,21,32,Carry,Barcelona,Sergio Busquets i Burgos,Center Defensive Midfield,37,Barcelona,77.4,36.5,0.922327,,,,,,,,,,,79.1,34.4,,,,,,,,,,,,,
267533,2016-04-02,Barcelona,Real Madrid,La Liga,2015/2016,d532f371-cc72-426e-b668-43a28f2f837a,835,1,00:21:33.535000,21,33,Pass,Barcelona,Sergio Busquets i Burgos,Center Defensive Midfield,37,Barcelona,79.1,34.4,1.819734,,,,Neymar da Silva Santos Junior,93.2,14.6,24.307405,-0.95198154,Ground Pass,,,,,,,,,,,,,,,,
267533,2016-04-02,Barcelona,Real Madrid,La Liga,2015/2016,680311f0-9980-478e-b30b-34426435ba21,836,1,00:21:35.354000,21,35,Ball Receipt*,Barcelona,Neymar da Silva Santos Junior,Left Wing,37,Barcelona,93.2,14.6,,,,,,,,,,,,,,,,,,,,,,,,,,
267533,2016-04-02,Barcelona,Real Madrid,La Liga,2015/2016,ef0ffb4b-5386-422b-adab-59861207b5d1,837,1,00:21:35.354000,21,35,Carry,Barcelona,Neymar da Silva Santos Junior,Left Wing,37,Barcelona,93.2,14.6,1.670322,,,,,,,,,,,104.7,23.8,,,,,,,,,,,,,
267533,2016-04-02,Barcelona,Real Madrid,La Liga,2015/2016,995ce179-c3d4-4fcc-a63a-47da48bb56a4,838,1,00:21:37.025000,21,37,Pass,Barcelona,Neymar da Silva Santos Junior,Left Wing,37,Barcelona,104.7,23.8,0.689264,,,,Luis Alberto Suárez Díaz,106.1,31.0,7.3348484,1.3787483,Ground Pass,,,,,,,,,,,,,,,,
267533,2016-04-02,Barcelona,Real Madrid,La Liga,2015/2016,d9da969c-48b8-4d4c-b1d9-da91b3cf3ed3,839,1,00:21:37.714000,21,37,Ball Receipt*,Barcelona,Luis Alberto Suárez Díaz,Right Wing,37,Barcelona,106.1,31.0,,,,,,,,,,,,,,,,,,,,,,,,,,
267533,2016-04-02,Barcelona,Real Madrid,La Liga,2015/2016,99965e91-d4fd-46e5-88e2-761cc03e4400,840,1,00:21:37.714000,21,37,Carry,Barcelona,Luis Alberto Suárez Díaz,Right Wing,37,Barcelona,106.1,31.0,0.107914,,,,,,,,,,,106.1,31.0,,,,,,,,,,,,,
267533,2016-04-02,Barcelona,Real Madrid,La Liga,2015/2016,c8c5282d-1c83-4d1a-bc6d-1fd288de343c,841,1,00:21:37.822000,21,37,Pass,Barcelona,Luis Alberto Suárez Díaz,Right Wing,37,Barcelona,106.1,31.0,0.7818,,,,Neymar da Silva Santos Junior,103.3,28.3,3.88973,-2.3743744,Ground Pass,,,,,,,,,,,,,,,,
267533,2016-04-02,Barcelona,Real Madrid,La Liga,2015/2016,8f50bef1-29a7-4d51-99e1-42f09c4c434e,842,1,00:21:38.604000,21,38,Ball Receipt*,Barcelona,Neymar da Silva Santos Junior,Left Wing,37,Barcelona,103.3,28.3,,,,,,,,,,,,,,,,,,,,,,,,,,
267533,2016-04-02,Barcelona,Real Madrid,La Liga,2015/2016,b8e767d0-d0cd-4e89-966d-aadd8c05a388,843,1,00:21:38.644000,21,38,Shot,Barcelona,Neymar da Silva Santos Junior,Left Wing,37,Barcelona,102.4,28.5,1.06633,,,,,,,,,,,,,0.049374785,Off T,Right Foot,Normal,,,,,,,,,
267533,2016-04-02,Barcelona,Real Madrid,La Liga,2015/2016,8cfb3aeb-6f37-46d6-9f79-09a15d9a29a1,844,1,00:21:39.710000,21,39,Goal Keeper,Real Madrid,Keylor Navas Gamboa,Goalkeeper,37,Barcelona,1.6,42.4,0.0,,,,,,,,,,,,,,,,,,,,,,,,,
267533,2016-04-02,Barcelona,Real Madrid,La Liga,2015/2016,7916d8ec-b6bf-4a17-a63a-05f2582c9931,845,1,00:21:52.807000,21,52,Pass,Real Madrid,Keylor Navas Gamboa,Goalkeeper,38,Real Madrid,7.0,36.1,2.64359,,True,,Marcelo Vieira da Silva Júnior,29.9,9.8,34.872627,-0.85439414,High Pass,,,,,,,,,,,,,,,,
267533,2016-04-02,Barcelona,Real Madrid,La Liga,2015/2016,0dc79838-a3e0-4c6a-9f80-6a649b134ce6,846,1,00:21:55.451000,21,55,Ball Receipt*,Real Madrid,Marcelo Vieira da Silva Júnior,Left Back,38,Real Madrid,29.9,9.8,,,,,,,,,,,,,,,,,,,,,,,,,,
267533,2016-04-02,Barcelona,Real Madrid,La Liga,2015/2016,e74aab06-bccb-4aa4-9a1b-f5892d9eaded,847,1,00:21:56.196000,21,56,Pressure,Barcelona,Ivan Rakitić,Right Center Midfield,38,Real Madrid,78.4,74.4,2.603239,,,,,,,,,,,,,,,,,,,,,,,,,
267533,2016-04-02,Barcelona,Real Madrid,La Liga,2015/2016,2ae14dd9-e179-46ec-8baf-6c9b1c106897,848,1,00:22:00.789000,22,0,Pass,Real Madrid,Marcelo Vieira da Silva Júnior,Left Back,38,Real Madrid,36.9,6.1,0.746336,,,,Toni Kroos,28.5,16.5,13.36862,2.25021,Ground Pass,,,,,,,,,,,,,,,,
267533,2016-04-02,Barcelona,Real Madrid,La Liga,2015/2016,bab6adfc-27fc-4b27-af92-58041048ecd0,849,1,00:22:01.535000,22,1,Ball Receipt*,Real Madrid,Toni Kroos,Left Center Midfield,38,Real Madrid,28.5,16.5,,,,,,,,,,,,,,,,,,,,,,,,,,
267533,2016-04-02,Barcelona,Real Madrid,La Liga,2015/2016,f5b2bc60-4ad0-4fe2-bf51-a111a2088e6a,850,1,00:22:01.535000,22,1,Carry,Real Madrid,Toni Kroos,Left Center Midfield,38,Real Madrid,28.5,16.5,1.268646,,,,,,,,,,,28.7,20.9,,,,,,,,,,,,,
267533,2016-04-02,Barcelona,Real Madrid,La Liga,2015/2016,88299d0e-c4e1-4b92-8e6b-aff635bed5ba,851,1,00:22:02.804000,22,2,Pass,Real Madrid,Toni Kroos,Left Center Midfield,38,Real Madrid,28.7,20.9,1.825982,,,,Keylor Navas Gamboa,8.9,32.2,22.797588,2.6229906,Ground Pass,,,,,,,,,,,,,,,,
267533,2016-04-02,Barcelona,Real Madrid,La Liga,2015/2016,c7a4784a-5fc4-4b14-958b-b24c7b7e103b,852,1,00:22:04.630000,22,4,Ball Receipt*,Real Madrid,Keylor Navas Gamboa,Goalkeeper,38,Real Madrid,8.9,32.2,,,,,,,,,,,,,,,,,,,,,,,,,,
267533,2016-04-02,Barcelona,Real Madrid,La Liga,2015/2016,ba8669c0-bbce-42bc-93ea-992b86ed0c9a,853,1,00:22:04.630000,22,4,Carry,Real Madrid,Keylor Navas Gamboa,Goalkeeper,38,Real Madrid,8.9,32.2,1.275018,,,,,,,,,,,9.7,31.1,,,,,,,,,,,,,
267533,2016-04-02,Barcelona,Real Madrid,La Liga,2015/2016,df209985-91da-43b8-a029-3485e5f2af73,854,1,00:22:05.905000,22,5,Pass,Real Madrid,Keylor Navas Gamboa,Goalkeeper,38,Real Madrid,9.7,31.1,1.491,,,,Marcelo Vieira da Silva Júnior,36.5,14.2,31.683592,-0.562614,Low Pass,,,,,,,,,,,,,,,,
267533,2016-04-02,Barcelona,Real Madrid,La Liga,2015/2016,37f750c0-d459-4a3e-b521-da43d1ea2cce,855,1,00:22:07.396000,22,7,Ball Receipt*,Real Madrid,Marcelo Vieira da Silva Júnior,Left Back,38,Real Madrid,36.5,14.2,,,,,,,,,,,,,,,,,,,,,,,,,,
267533,2016-04-02,Barcelona,Real Madrid,La Liga,2015/2016,7f247e32-2576-4d2e-bad2-ce574d6d6996,856,1,00:22:07.396000,22,7,Carry,Real Madrid,Marcelo Vieira da Silva Júnior,Left Back,38,Real Madrid,36.5,14.2,0.2011,,,,,,,,,,,37.1,13.2,,,,,,,,,,,,,
267533,2016-04-02,Barcelona,Real Madrid,La Liga,2015/2016,55fd3489-f167-4b86-8d05-fa7e4cf7688f,857,1,00:22:07.597000,22,7,Pass,Real Madrid,Marcelo Vieira da Silva Júnior,Left Back,38,Real Madrid,37.1,13.2,0.70752,,,,Toni Kroos,35.1,20.1,7.18401,1.85292,Ground Pass,,,,,,,,,,,,,,,,
267533,2016-04-02,Barcelona,Real Madrid,La Liga,2015/2016,eeb6f924-00ed-419d-a218-2f479e4433de,858,1,00:22:08.305000,22,8,Ball Receipt*,Real Madrid,Toni Kroos,Left Center Midfield,38,Real Madrid,35.1,20.1,,,,,,,,,,,,,,,,,,,,,,,,,,
267533,2016-04-02,Barcelona,Real Madrid,La Liga,2015/2016,f780f3f9-d08e-44db-bfd8-786b740cd209,859,1,00:22:08.305000,22,8,Carry,Real Madrid,Toni Kroos,Left Center Midfield,38,Real Madrid,35.1,20.1,0.35758,,,,,,,,,,,36.1,18.5,,,,,,,,,,,,,
267533,2016-04-02,Barcelona,Real Madrid,La Liga,2015/2016,1fb29e13-584f-4401-8971-891c7cd347a6,860,1,00:22:08.662000,22,8,Pass,Real Madrid,Toni Kroos,Left Center Midfield,38,Real Madrid,36.1,18.5,1.040456,,,,Karim Benzema,51.0,18.9,14.905368,0.026839191,Ground Pass,,,,,,,,,,,,,,,,
267533,2016-04-02,Barcelona,Real Madrid,La Liga,2015/2016,59d362c3-a030-4923-8357-9440cf2754f0,861,1,00:22:09.703000,22,9,Ball Receipt*,Real Madrid,Karim Benzema,Center Forward,38,Real Madrid,51.0,18.9,,,,,,,,,,,,,,,,,,,,,,,,,,
267533,2016-04-02,Barcelona,Real Madrid,La Liga,2015/2016,f1205d59-c4c6-4c61-b80d-bc675bfe3968,862,1,00:22:09.703000,22,9,Carry,Real Madrid,Karim Benzema,Center Forward,38,Real Madrid,51.0,18.9,1.497434,,,,,,,,,,,50.2,18.1,,,,,,,,,,,,,
267533,2016-04-02,Barcelona,Real Madrid,La Liga,2015/2016,08945ef6-6291-4c75-a203-1916501b8af8,863,1,00:22:11.200000,22,11,Pass,Real Madrid,Karim Benzema,Center Forward,38,Real Madrid,50.2,18.1,0.13761,,,,Toni Kroos,45.2,18.4,5.0089917,3.0816646,Ground Pass,,,,,,,,,,,,,,,,
267533,2016-04-02,Barcelona,Real Madrid,La Liga,2015/2016,13688174-af3d-40cb-bf5e-0d528946587d,864,1,00:22:11.338000,22,11,Ball Receipt*,Real Madrid,Toni Kroos,Left Center Midfield,38,Real Madrid,45.2,18.4,,,,,,,,,,,,,,,,,,,,,,,,,,
267533,2016-04-02,Barcelona,Real Madrid,La Liga,2015/2016,0ab1db95-9f24-4d9c-9694-e6680215ec50,865,1,00:22:11.338000,22,11,Carry,Real Madrid,Toni Kroos,Left Center Midfield,38,Real Madrid,45.2,18.4,1.048415,True,,,,,,,,,,48.2,18.1,,,,,,,,,,,,,
267533,2016-04-02,Barcelona,Real Madrid,La Liga,2015/2016,24a5d4ab-88bd-4021-b5c0-dc0a91e08ced,866,1,00:22:11.600000,22,11,Pressure,Barcelona,Sergio Busquets i Burgos,Center Defensive Midfield,38,Real Madrid,76.4,61.4,0.651167,,,,,,,,,,,,,,,,,,,,,,,,,
267533,2016-04-02,Barcelona,Real Madrid,La Liga,2015/2016,8e2fbea9-b7d3-48f8-98d3-406ff7c2331c,867,1,00:22:12.386000,22,12,Foul Committed,Barcelona,Sergio Busquets i Burgos,Center Defensive Midfield,38,Real Madrid,71.9,62.0,0.0,,,,,,,,,,,,,,,,,,,,,,,,,
267533,2016-04-02,Barcelona,Real Madrid,La Liga,2015/2016,151df1c8-c74a-44fa-8737-49b4dbb022ab,868,1,00:22:12.386000,22,12,Foul Won,Real Madrid,Toni Kroos,Left Center Midfield,38,Real Madrid,48.2,18.1,0.0,True,,,,,,,,,,,,,,,,,,,,,,,,
267533,2016-04-02,Barcelona,Real Madrid,La Liga,2015/2016,5ad13672-6b45-4c31-baad-026e93da6309,869,1,00:22:20.292000,22,20,Pass,Real Madrid,Sergio Ramos García,Left Center Back,39,Real Madrid,41.8,24.5,0.590367,,,,Carlos Henrique Casimiro,47.0,24.0,5.2239833,-0.09585915,Ground Pass,,,,,,,,,,,,,,,,
267533,2016-04-02,Barcelona,Real Madrid,La Liga,2015/2016,1c52b8b1-dfef-4dd9-8e8b-1f947474fda7,870,1,00:22:20.882000,22,20,Ball Receipt*,Real Madrid,Carlos Henrique Casimiro,Center Defensive Midfield,39,Real Madrid,47.0,24.0,,,,,,,,,,,,,,,,,,,,,,,,,,
267533,2016-04-02,Barcelona,Real Madrid,La Liga,2015/2016,161b6248-bc0b-46e5-a670-c153f9ee6189,871,1,00:22:20.882000,22,20,Carry,Real Madrid,Carlos Henrique Casimiro,Center Defensive Midfield,39,Real Madrid,47.0,24.0,0.040033,,,,,,,,,,,47.0,24.0,,,,,,,,,,,,,
267533,2016-04-02,Barcelona,Real Madrid,La Liga,2015/2016,c65e6ded-ce72-4792-bc5b-13e6674caa1c,872,1,00:22:20.922000,22,20,Pass,Real Madrid,Carlos Henrique Casimiro,Center Defensive Midfield,39,Real Madrid,47.0,24.0,0.80967,,,,Sergio Ramos García,41.8,24.0,5.2,3.1415927,Ground Pass,,,,,,,,,,,,,,,,
267533,2016-04-02,Barcelona,Real Madrid,La Liga,2015/2016,738a2d42-58e9-4efd-8585-56089eb2311c,873,1,00:22:21.732000,22,21,Ball Receipt*,Real Madrid,Sergio Ramos García,Left Center Back,39,Real Madrid,41.8,24.0,,,,,,,,,,,,,,,,,,,,,,,,,,
267533,2016-04-02,Barcelona,Real Madrid,La Liga,2015/2016,b171ffa9-4582-4b03-abdf-6f5a108b5319,874,1,00:22:21.732000,22,21,Pass,Real Madrid,Sergio Ramos García,Left Center Back,39,Real Madrid,41.8,24.0,0.968044,,,,Marcelo Vieira da Silva Júnior,45.1,14.2,10.340696,-1.2459877,Ground Pass,,,,,,,,,,,,,,,,
267533,2016-04-02,Barcelona,Real Madrid,La Liga,2015/2016,254c71d5-858f-4f44-8cbc-a4c20a0749da,875,1,00:22:22.700000,22,22,Ball Receipt*,Real Madrid,Marcelo Vieira da Silva Júnior,Left Back,39,Real Madrid,45.1,14.2,,,,,,,,,,,,,,,,,,,,,,,,,,
267533,2016-04-02,Barcelona,Real Madrid,La Liga,2015/2016,b85b9c77-b603-4331-8047-c11025f22edc,876,1,00:22:22.700000,22,22,Carry,Real Madrid,Marcelo Vieira da Silva Júnior,Left Back,39,Real Madrid,45.1,14.2,1.128056,,,,,,,,,,,47.2,12.2,,,,,,,,,,,,,
267533,2016-04-02,Barcelona,Real Madrid,La Liga,2015/2016,a0e64dc8-4fe3-4e45-bea9-4ec63b63f328,877,1,00:22:23.828000,22,23,Pass,Real Madrid,Marcelo Vieira da Silva Júnior,Left Back,39,Real Madrid,47.2,12.2,0.8969,,,,Karim Benzema,58.8,18.1,13.014223,0.47052035,Low Pass,,,,,,,,,,,,,,,,
267533,2016-04-02,Barcelona,Real Madrid,La Liga,2015/2016,f88ad52f-337f-43fa-82db-2e3b3184503d,878,1,00:22:24.725000,22,24,Ball Receipt*,Real Madrid,Karim Benzema,Center Forward,39,Real Madrid,58.8,18.1,,,,,,,,,,,,,,,,,,,,,,,,,,
267533,2016-04-02,Barcelona,Real Madrid,La Liga,2015/2016,2731d7f7-c930-476b-a883-622e87d300a9,879,1,00:22:24.725000,22,24,Pass,Real Madrid,Karim Benzema,Center Forward,39,Real Madrid,58.8,18.1,0.8731,,,,Toni Kroos,52.1,18.7,6.726812,3.0522788,Low Pass,,,,,,,,,,,,,,,,
267533,2016-04-02,Barcelona,Real Madrid,La Liga,2015/2016,19df0cfc-413d-42c0-9754-2c1530a02fe6,880,1,00:22:25.598000,22,25,Ball Receipt*,Real Madrid,Toni Kroos,Left Center Midfield,39,Real Madrid,52.1,18.7,,,,,,,,,,,,,,,,,,,,,,,,,,
267533,2016-04-02,Barcelona,Real Madrid,La Liga,2015/2016,ada1e5a3-636e-499b-867b-dea527bfdfa2,881,1,00:22:25.598000,22,25,Carry,Real Madrid,Toni Kroos,Left Center Midfield,39,Real Madrid,52.1,18.7,1.0809,,,,,,,,,,,56.9,21.1,,,,,,,,,,,,,
267533,2016-04-02,Barcelona,Real Madrid,La Liga,2015/2016,676d1801-8200-4553-9839-400fc7c242db,882,1,00:22:26.679000,22,26,Pass,Real Madrid,Toni Kroos,Left Center Midfield,39,Real Madrid,56.9,21.1,1.6773,,,,Gareth Frank Bale,78.3,57.0,41.794376,1.0332493,High Pass,,,,,,,,,,,,,,,,
267533,2016-04-02,Barcelona,Real Madrid,La Liga,2015/2016,eb1781c5-b493-49f1-893f-1060821cb1e7,883,1,00:22:28.356000,22,28,Ball Receipt*,Real Madrid,Gareth Frank Bale,Right Wing,39,Real Madrid,78.3,57.0,,,,,,,,,,,,,,,,,,,,,,,,,,
267533,2016-04-02,Barcelona,Real Madrid,La Liga,2015/2016,9f54d684-5add-40e7-9efd-60296b41b664,884,1,00:22:28.356000,22,28,Carry,Real Madrid,Gareth Frank Bale,Right Wing,39,Real Madrid,78.3,57.0,0.2396,,,,,,,,,,,83.8,55.6,,,,,,,,,,,,,
267533,2016-04-02,Barcelona,Real Madrid,La Liga,2015/2016,bb557188-1e10-4bd0-90b8-212be7c3251a,885,1,00:22:28.596000,22,28,Miscontrol,Real Madrid,Gareth Frank Bale,Right Wing,39,Real Madrid,83.8,55.6,0.0,,,,,,,,,,,,,,,,,,,,,,,,,
267533,2016-04-02,Barcelona,Real Madrid,La Liga,2015/2016,70406b24-ecaa-4830-88c8-ac415caa9b83,886,1,00:22:29.331000,22,29,Pressure,Real Madrid,Gareth Frank Bale,Right Wing,39,Real Madrid,89.2,58.0,1.536315,,,,,,,,,,,,,,,,,,,,,,,,,
267533,2016-04-02,Barcelona,Real Madrid,La Liga,2015/2016,46d78538-018a-4854-a37b-99fa2539226f,887,1,00:22:30.899000,22,30,Clearance,Barcelona,Jordi Alba Ramos,Left Back,39,Real Madrid,22.7,18.0,0.0,True,,True,,,,,,,,,,,,,,,,,,,,,,
267533,2016-04-02,Barcelona,Real Madrid,La Liga,2015/2016,f1ff3f98-ffea-4935-ac38-c93501501773,888,1,00:22:58.002000,22,58,Pass,Real Madrid,Gareth Frank Bale,Right Wing,40,Real Madrid,110.6,80.0,2.3007,,,,,113.5,43.3,36.8144,-1.4919411,High Pass,Incomplete,,,,,,,,,,,,,,,
267533,2016-04-02,Barcelona,Real Madrid,La Liga,2015/2016,7e6d4b39-8586-4613-beb4-be3ac1984638,889,1,00:23:00.303000,23,0,Goal Keeper,Barcelona,Claudio Andrés Bravo Muñoz,Goalkeeper,41,Barcelona,6.6,36.8,0.0,,,,,,,,,,,,,,,,,,,,,,,,,
267533,2016-04-02,Barcelona,Real Madrid,La Liga,2015/2016,55092cab-0d42-4b74-9c7f-ee3601ec7a14,890,1,00:23:00.303000,23,0,Carry,Barcelona,Claudio Andrés Bravo Muñoz,Goalkeeper,41,Barcelona,6.6,36.8,3.1771,,,,,,,,,,,17.1,39.7,,,,,,,,,,,,,
267533,2016-04-02,Barcelona,Real Madrid,La Liga,2015/2016,c59a36e3-9034-46b4-ab0d-719714dc02f1,891,1,00:23:03.480000,23,3,Pass,Barcelona,Claudio Andrés Bravo Muñoz,Goalkeeper,41,Barcelona,17.1,39.7,2.0066,,,,Daniel Alves da Silva,35.7,59.0,26.803917,0.80386573,Low Pass,,,,,,,,,,,,,,,,
267533,2016-04-02,Barcelona,Real Madrid,La Liga,2015/2016,a59cc81e-db05-4d78-88de-ff913c173a5a,892,1,00:23:05.486000,23,5,Ball Receipt*,Barcelona,Daniel Alves da Silva,Right Back,41,Barcelona,35.7,59.0,,,,,,,,,,,,,,,,,,,,,,,,,,
267533,2016-04-02,Barcelona,Real Madrid,La Liga,2015/2016,49b9dfd8-84ce-459c-979b-2e1274b04fe2,893,1,00:23:05.486000,23,5,Carry,Barcelona,Daniel Alves da Silva,Right Back,41,Barcelona,35.7,59.0,3.018092,,,,,,,,,,,48.0,58.5,,,,,,,,,,,,,
267533,2016-04-02,Barcelona,Real Madrid,La Liga,2015/2016,520c0fdb-8cf6-4e9b-9efc-a76b2b0e77b7,894,1,00:23:08.504000,23,8,Pass,Barcelona,Daniel Alves da Silva,Right Back,41,Barcelona,48.0,58.5,1.055508,,,,Neymar da Silva Santos Junior,63.5,56.1,15.684706,-0.15361878,Ground Pass,,,,,,,,,,,,,,,,
267533,2016-04-02,Barcelona,Real Madrid,La Liga,2015/2016,94c810cc-224e-44ff-86e4-985a2b957cf8,895,1,00:23:09.560000,23,9,Ball Receipt*,Barcelona,Neymar da Silva Santos Junior,Left Wing,41,Barcelona,63.5,56.1,,,,,,,,,,,,,,,,,,,,,,,,,,
267533,2016-04-02,Barcelona,Real Madrid,La Liga,2015/2016,71197ab0-3ca0-4a5a-84d0-3a4067fa8a7e,896,1,00:23:09.560000,23,9,Carry,Barcelona,Neymar da Silva Santos Junior,Left Wing,41,Barcelona,63.5,56.1,1.045521,,,,,,,,,,,70.5,57.2,,,,,,,,,,,,,
267533,2016-04-02,Barcelona,Real Madrid,La Liga,2015/2016,27164fee-2ca4-4ad4-ab21-18f66e397417,897,1,00:23:10.605000,23,10,Pass,Barcelona,Neymar da Silva Santos Junior,Left Wing,41,Barcelona,70.5,57.2,0.552288,,,,Luis Alberto Suárez Díaz,81.6,56.4,11.128792,-0.07194767,Ground Pass,Incomplete,,,,,,,,,,,,,,,
267533,2016-04-02,Barcelona,Real Madrid,La Liga,2015/2016,62c488c7-4553-4cb5-890b-e24538e15fbf,898,1,00:23:11.158000,23,11,Ball Receipt*,Barcelona,Luis Alberto Suárez Díaz,Right Wing,41,Barcelona,84.9,55.4,,,,,,,,,,,,,,,,,,,,,,,,,,
267533,2016-04-02,Barcelona,Real Madrid,La Liga,2015/2016,d60a3032-5618-4b8a-9add-1188b2d38662,899,1,00:23:11.158000,23,11,Ball Recovery,Real Madrid,Marcelo Vieira da Silva Júnior,Left Back,41,Barcelona,38.5,23.7,0.0,,,,,,,,,,,,,,,,,,,,,,,,,
267533,2016-04-02,Barcelona,Real Madrid,La Liga,2015/2016,56b93316-c7fd-4b63-b0e8-24324086c790,900,1,00:23:12.682000,23,12,Ball Recovery,Barcelona,Luis Alberto Suárez Díaz,Right Wing,41,Barcelona,99.5,52.4,0.0,,,,,,,,,,,,,,,,,,,,,,,,,
267533,2016-04-02,Barcelona,Real Madrid,La Liga,2015/2016,d0736f64-04d4-4044-97ac-c18eb282949b,901,1,00:23:12.682000,23,12,Carry,Barcelona,Luis Alberto Suárez Díaz,Right Wing,41,Barcelona,99.5,52.4,1.252889,,,,,,,,,,,96.4,51.4,,,,,,,,,,,,,
267533,2016-04-02,Barcelona,Real Madrid,La Liga,2015/2016,25af938d-7e6c-4a83-a2da-191c74301669,902,1,00:23:13.935000,23,13,Dispossessed,Barcelona,Luis Alberto Suárez Díaz,Right Wing,41,Barcelona,96.4,51.4,0.0,True,,,,,,,,,,,,,,,,,,,,,,,,
267533,2016-04-02,Barcelona,Real Madrid,La Liga,2015/2016,3e7597a1-f8fc-41f2-9847-5c620efbe4c8,903,1,00:23:13.935000,23,13,Duel,Real Madrid,Kléper Laveran Lima Ferreira,Right Center Back,42,Real Madrid,23.7,28.7,0.0,True,,,,,,,,,,,,,,,,Tackle,Success In Play,,,,,,,
267533,2016-04-02,Barcelona,Real Madrid,La Liga,2015/2016,2e1fc182-c2d8-4d06-b86a-248d15619b20,904,1,00:23:15.872000,23,15,Ball Recovery,Real Madrid,Luka Modrić,Right Center Midfield,42,Real Madrid,27.9,51.4,0.0,,,,,,,,,,,,,,,,,,,,,,,,,
267533,2016-04-02,Barcelona,Real Madrid,La Liga,2015/2016,8aacd645-9bb8-46e3-8bc1-b87a6e4a1256,905,1,00:23:15.872000,23,15,Carry,Real Madrid,Luka Modrić,Right Center Midfield,42,Real Madrid,27.9,51.4,1.2029,,,,,,,,,,,27.7,60.1,,,,,,,,,,,,,
267533,2016-04-02,Barcelona,Real Madrid,La Liga,2015/2016,e46256a0-dd38-4b89-b6dc-0a1c4c78151a,906,1,00:23:17.074000,23,17,Pass,Real Madrid,Luka Modrić,Right Center Midfield,42,Real Madrid,27.7,60.1,1.283905,,,,Gareth Frank Bale,45.5,73.5,22.280035,0.64529645,Low Pass,,,,,,,,,,,,,,,,
267533,2016-04-02,Barcelona,Real Madrid,La Liga,2015/2016,bf1a934d-bead-414c-9c92-ea3c25fcb854,907,1,00:23:18.358000,23,18,Ball Receipt*,Real Madrid,Gareth Frank Bale,Right Wing,42,Real Madrid,45.5,73.5,,,,,,,,,,,,,,,,,,,,,,,,,,
267533,2016-04-02,Barcelona,Real Madrid,La Liga,2015/2016,1b329043-ab36-4164-8f47-86a04b63930a,908,1,00:23:18.358000,23,18,Carry,Real Madrid,Gareth Frank Bale,Right Wing,42,Real Madrid,45.5,73.5,3.167528,,,,,,,,,,,49.0,70.7,,,,,,,,,,,,,
267533,2016-04-02,Barcelona,Real Madrid,La Liga,2015/2016,c6850c41-d1a4-408a-a428-c7826e53d899,909,1,00:23:21.526000,23,21,Pass,Real Madrid,Gareth Frank Bale,Right Wing,42,Real Madrid,49.0,70.7,0.869786,,,,Kléper Laveran Lima Ferreira,46.6,61.5,9.507892,-1.8259788,Ground Pass,,,,,,,,,,,,,,,,
267533,2016-04-02,Barcelona,Real Madrid,La Liga,2015/2016,68a170e2-bd57-4231-baee-5896f4ea60ca,910,1,00:23:22.396000,23,22,Ball Receipt*,Real Madrid,Kléper Laveran Lima Ferreira,Right Center Back,42,Real Madrid,46.6,61.5,,,,,,,,,,,,,,,,,,,,,,,,,,
267533,2016-04-02,Barcelona,Real Madrid,La Liga,2015/2016,e3972b93-728a-4957-9ff1-648a4161793c,911,1,00:23:22.396000,23,22,Carry,Real Madrid,Kléper Laveran Lima Ferreira,Right Center Back,42,Real Madrid,46.6,61.5,1.339808,,,,,,,,,,,46.6,61.9,,,,,,,,,,,,,
267533,2016-04-02,Barcelona,Real Madrid,La Liga,2015/2016,bebd5a19-ff15-4f45-99c9-5d6af91fecc8,912,1,00:23:23.735000,23,23,Pass,Real Madrid,Kléper Laveran Lima Ferreira,Right Center Back,42,Real Madrid,46.6,61.9,0.607746,,,,Luka Modrić,47.2,74.3,12.414508,1.522447,Ground Pass,,,,,,,,,,,,,,,,
267533,2016-04-02,Barcelona,Real Madrid,La Liga,2015/2016,7153697c-15bd-4d27-895d-048f3a4725aa,913,1,00:23:24.343000,23,24,Ball Receipt*,Real Madrid,Luka Modrić,Right Center Midfield,42,Real Madrid,47.2,74.3,,,,,,,,,,,,,,,,,,,,,,,,,,
267533,2016-04-02,Barcelona,Real Madrid,La Liga,2015/2016,f038c66d-92c4-4d84-bed3-c41bf74ced6c,914,1,00:23:24.343000,23,24,Carry,Real Madrid,Luka Modrić,Right Center Midfield,42,Real Madrid,47.2,74.3,2.763227,,,,,,,,,,,57.8,72.9,,,,,,,,,,,,,
267533,2016-04-02,Barcelona,Real Madrid,La Liga,2015/2016,680fa158-f098-4faa-9295-a74b88ada5ca,915,1,00:23:27.106000,23,27,Pass,Real Madrid,Luka Modrić,Right Center Midfield,42,Real Madrid,57.8,72.9,1.0769,,,,Gareth Frank Bale,72.3,56.6,21.81605,-0.8437733,Ground Pass,,,,,,,,,,,,,,,,
267533,2016-04-02,Barcelona,Real Madrid,La Liga,2015/2016,7fc9973c-a0de-41a0-97b3-c36a68aed413,916,1,00:23:28.183000,23,28,Ball Receipt*,Real Madrid,Gareth Frank Bale,Right Wing,42,Real Madrid,72.3,56.6,,,,,,,,,,,,,,,,,,,,,,,,,,
267533,2016-04-02,Barcelona,Real Madrid,La Liga,2015/2016,ce967b59-7f73-4b6e-875f-c96ab381e047,917,1,00:23:28.183000,23,28,Pass,Real Madrid,Gareth Frank Bale,Right Wing,42,Real Madrid,72.5,57.7,0.8707,,,,Carlos Henrique Casimiro,64.0,48.1,12.822247,-2.2954957,Ground Pass,Incomplete,,,,,,,,,,,,,,,
267533,2016-04-02,Barcelona,Real Madrid,La Liga,2015/2016,3665ae6e-86c9-46fd-a88d-e3d24a8b206a,918,1,00:23:29.054000,23,29,Ball Receipt*,Real Madrid,Carlos Henrique Casimiro,Center Defensive Midfield,42,Real Madrid,60.2,52.3,,,,,,,,,,,,,,,,,,,,,,,,,,
267533,2016-04-02,Barcelona,Real Madrid,La Liga,2015/2016,f5a17120-9c6e-4526-858b-717058a423a8,919,1,00:23:29.054000,23,29,Ball Recovery,Barcelona,Ivan Rakitić,Right Center Midfield,42,Real Madrid,56.1,32.0,0.0,,,,,,,,,,,,,,,,,,,,,,,,,
267533,2016-04-02,Barcelona,Real Madrid,La Liga,2015/2016,e1ddfc32-a468-4ebe-ba1c-581738598360,920,1,00:23:29.054000,23,29,Carry,Barcelona,Ivan Rakitić,Right Center Midfield,42,Real Madrid,56.1,32.0,0.8946,,,,,,,,,,,57.4,32.5,,,,,,,,,,,,,
267533,2016-04-02,Barcelona,Real Madrid,La Liga,2015/2016,f7710913-a374-4933-87b1-06030b58e744,921,1,00:23:29.949000,23,29,Pass,Barcelona,Ivan Rakitić,Right Center Midfield,42,Real Madrid,57.4,32.5,1.030147,,,,Lionel Andrés Messi Cuccittini,72.6,34.0,15.273834,0.098365724,Ground Pass,,,,,,,,,,,,,,,,
267533,2016-04-02,Barcelona,Real Madrid,La Liga,2015/2016,789aa3f4-d228-4498-9afb-52a6dcce9b94,922,1,00:23:30.979000,23,30,Ball Receipt*,Barcelona,Lionel Andrés Messi Cuccittini,Center Forward,42,Real Madrid,72.6,34.0,,,,,,,,,,,,,,,,,,,,,,,,,,
267533,2016-04-02,Barcelona,Real Madrid,La Liga,2015/2016,f09bd57f-8677-4721-a20b-b445f414d51d,923,1,00:23:30.979000,23,30,Carry,Barcelona,Lionel Andrés Messi Cuccittini,Center Forward,42,Real Madrid,72.6,34.0,4.3977532,True,,,,,,,,,,102.0,34.7,,,,,,,,,,,,,
267533,2016-04-02,Barcelona,Real Madrid,La Liga,2015/2016,fc0da99a-d37c-455d-bbd0-74bf17b8569e,924,1,00:23:34.563000,23,34,Pressure,Real Madrid,Sergio Ramos García,Left Center Back,42,Real Madrid,20.0,43.2,0.784708,,,,,,,,,,,,,,,,,,,,,,,,,
267533,2016-04-02,Barcelona,Real Madrid,La Liga,2015/2016,ca464a04-f032-4e03-8186-57a4af075123,925,1,00:23:35.377000,23,35,Dribble,Barcelona,Lionel Andrés Messi Cuccittini,Center Forward,42,Real Madrid,102.0,34.7,0.0,True,,,,,,,,,,,,,,,,,,,,,,,,
267533,2016-04-02,Barcelona,Real Madrid,La Liga,2015/2016,95e08b36-62bb-4d45-a24f-4b2e1df304a1,926,1,00:23:35.377000,23,35,Duel,Real Madrid,Sergio Ramos García,Left Center Back,42,Real Madrid,18.1,45.4,0.0,True,,,,,,,,,,,,,,,,Tackle,Success In Play,,,,,,,
267533,2016-04-02,Barcelona,Real Madrid,La Liga,2015/2016,a436bbd4-56b9-4961-8a65-0e28975777e5,927,1,00:23:36.767000,23,36,Ball Recovery,Real Madrid,Marcelo Vieira da Silva Júnior,Left Back,42,Real Madrid,15.2,41.6,0.0,,,,,,,,,,,,,,,,,,,,,,,,,
267533,2016-04-02,Barcelona,Real Madrid,La Liga,2015/2016,a29d8151-1464-4f0c-9399-8fa3ce76a9a0,928,1,00:23:36.767000,23,36,Carry,Real Madrid,Marcelo Vieira da Silva Júnior,Left Back,42,Real Madrid,15.2,41.6,2.031,True,,,,,,,,,,25.8,40.1,,,,,,,,,,,,,
267533,2016-04-02,Barcelona,Real Madrid,La Liga,2015/2016,2dec6a2e-00d1-4019-8d98-66dc4e77a25e,929,1,00:23:38.013000,23,38,Pressure,Barcelona,Ivan Rakitić,Right Center Midfield,42,Real Madrid,89.8,40.0,0.89834,,,,,,,,,,,,,,,,,,,,,,,,,
267533,2016-04-02,Barcelona,Real Madrid,La Liga,2015/2016,3a67cc76-b553-4bdc-828e-46acb94af055,930,1,00:23:38.798000,23,38,Pass,Real Madrid,Marcelo Vieira da Silva Júnior,Left Back,42,Real Madrid,25.8,40.1,0.939009,True,,,Toni Kroos,29.3,31.5,9.284934,-1.18429,Ground Pass,,,,,,,,,,,,,,,,
267533,2016-04-02,Barcelona,Real Madrid,La Liga,2015/2016,6da4ae7e-23bc-4726-8cca-953aa5a6b843,931,1,00:23:39.737000,23,39,Ball Receipt*,Real Madrid,Toni Kroos,Left Center Midfield,42,Real Madrid,29.3,31.5,,,,,,,,,,,,,,,,,,,,,,,,,,
267533,2016-04-02,Barcelona,Real Madrid,La Liga,2015/2016,8d0726f8-e90d-425b-a207-3c228f6ce835,932,1,00:23:39.737000,23,39,Carry,Real Madrid,Toni Kroos,Left Center Midfield,42,Real Madrid,29.3,31.5,2.86489,,,,,,,,,,,49.2,28.1,,,,,,,,,,,,,
267533,2016-04-02,Barcelona,Real Madrid,La Liga,2015/2016,8e9637d2-b52a-4d1c-9dd7-17b2c2428da8,933,1,00:23:42.602000,23,42,Pass,Real Madrid,Toni Kroos,Left Center Midfield,42,Real Madrid,49.2,28.1,0.946401,,,,Cristiano Ronaldo dos Santos Aveiro,59.0,7.0,23.26478,-1.1359869,Ground Pass,,,,,,,,,,,,,,,,
267533,2016-04-02,Barcelona,Real Madrid,La Liga,2015/2016,0dcf2698-c1d5-4398-9028-10f39bf96c87,934,1,00:23:43.549000,23,43,Ball Receipt*,Real Madrid,Cristiano Ronaldo dos Santos Aveiro,Left Wing,42,Real Madrid,59.0,7.0,,,,,,,,,,,,,,,,,,,,,,,,,,
267533,2016-04-02,Barcelona,Real Madrid,La Liga,2015/2016,05904c20-abc4-4a74-9e12-17d230d1b5e2,935,1,00:23:43.549000,23,43,Carry,Real Madrid,Cristiano Ronaldo dos Santos Aveiro,Left Wing,42,Real Madrid,59.0,7.0,2.2429,True,,,,,,,,,,55.8,13.7,,,,,,,,,,,,,
267533,2016-04-02,Barcelona,Real Madrid,La Liga,2015/2016,71fae0d1-513d-4e6b-bffa-222456655d74,936,1,00:23:44.659000,23,44,Pressure,Barcelona,Ivan Rakitić,Right Center Midfield,42,Real Madrid,63.2,64.5,0.71238,,,,,,,,,,,,,,,,,,,,,,,,,
267533,2016-04-02,Barcelona,Real Madrid,La Liga,2015/2016,219993b1-7014-4672-80a5-2fd4a15e399c,937,1,00:23:45.792000,23,45,Dribbled Past,Barcelona,Ivan Rakitić,Right Center Midfield,42,Real Madrid,64.3,66.4,0.0,,,,,,,,,,,,,,,,,,,,,,,,,
267533,2016-04-02,Barcelona,Real Madrid,La Liga,2015/2016,b4593bd7-81e4-4b3c-92c0-6f690edd7f91,938,1,00:23:45.792000,23,45,Dribble,Real Madrid,Cristiano Ronaldo dos Santos Aveiro,Left Wing,42,Real Madrid,55.8,13.7,0.0,True,,,,,,,,,,,,,,,,,,,,,,,,
267533,2016-04-02,Barcelona,Real Madrid,La Liga,2015/2016,c24e8128-c9ac-4712-a81f-4673f6139545,939,1,00:23:45.792000,23,45,Carry,Real Madrid,Cristiano Ronaldo dos Santos Aveiro,Left Wing,42,Real Madrid,55.8,13.7,2.7799,True,,,,,,,,,,54.0,30.5,,,,,,,,,,,,,
267533,2016-04-02,Barcelona,Real Madrid,La Liga,2015/2016,d76a2602-1fb8-42f5-9105-9f27deca2e8c,940,1,00:23:48.572000,23,48,Pass,Real Madrid,Cristiano Ronaldo dos Santos Aveiro,Left Wing,42,Real Madrid,54.0,30.5,1.797282,,,,Carlos Henrique Casimiro,52.0,38.2,7.955501,1.8249211,Ground Pass,,,,,,,,,,,,,,,,
267533,2016-04-02,Barcelona,Real Madrid,La Liga,2015/2016,1621221e-b3f9-45ae-a0e5-d2149ec48001,941,1,00:23:50.369000,23,50,Ball Receipt*,Real Madrid,Carlos Henrique Casimiro,Center Defensive Midfield,42,Real Madrid,52.0,38.2,,,,,,,,,,,,,,,,,,,,,,,,,,
267533,2016-04-02,Barcelona,Real Madrid,La Liga,2015/2016,060a5646-5a33-4e7f-98ec-8bfeea41089b,942,1,00:23:50.369000,23,50,Carry,Real Madrid,Carlos Henrique Casimiro,Center Defensive Midfield,42,Real Madrid,52.0,38.2,1.024595,,,,,,,,,,,52.0,41.4,,,,,,,,,,,,,
267533,2016-04-02,Barcelona,Real Madrid,La Liga,2015/2016,e47691e6-9f2c-48f3-839f-fd880f090d84,943,1,00:23:51.393000,23,51,Pass,Real Madrid,Carlos Henrique Casimiro,Center Defensive Midfield,42,Real Madrid,52.0,41.4,0.861529,,,,Luka Modrić,52.1,54.2,12.80039,1.562984,Ground Pass,,,,,,,,,,,,,,,,
267533,2016-04-02,Barcelona,Real Madrid,La Liga,2015/2016,d63b430d-8699-4634-adf3-e79eae5845f8,944,1,00:23:52.255000,23,52,Ball Receipt*,Real Madrid,Luka Modrić,Right Center Midfield,42,Real Madrid,52.1,54.2,,,,,,,,,,,,,,,,,,,,,,,,,,
267533,2016-04-02,Barcelona,Real Madrid,La Liga,2015/2016,db93a3a5-a72f-48e0-9342-8ce40b77aab4,945,1,00:23:52.255000,23,52,Carry,Real Madrid,Luka Modrić,Right Center Midfield,42,Real Madrid,52.1,54.2,1.971405,,,,,,,,,,,50.6,66.9,,,,,,,,,,,,,
267533,2016-04-02,Barcelona,Real Madrid,La Liga,2015/2016,fb1c05e0-94d2-485d-9e65-a4fc5a9204e0,946,1,00:23:54.226000,23,54,Pass,Real Madrid,Luka Modrić,Right Center Midfield,42,Real Madrid,50.6,66.9,0.822983,,,,Daniel Carvajal Ramos,57.2,78.7,13.520355,1.0608243,Ground Pass,,,,,,,,,,,,,,,,
267533,2016-04-02,Barcelona,Real Madrid,La Liga,2015/2016,b894e849-2fb8-447f-9402-e6d8a1bcc642,947,1,00:23:55.049000,23,55,Ball Receipt*,Real Madrid,Daniel Carvajal Ramos,Right Back,42,Real Madrid,57.2,78.7,,,,,,,,,,,,,,,,,,,,,,,,,,
267533,2016-04-02,Barcelona,Real Madrid,La Liga,2015/2016,15345001-cc51-40b3-896a-394c7d3e516b,948,1,00:23:55.049000,23,55,Carry,Real Madrid,Daniel Carvajal Ramos,Right Back,42,Real Madrid,57.2,78.7,2.127813,,,,,,,,,,,57.2,78.7,,,,,,,,,,,,,
267533,2016-04-02,Barcelona,Real Madrid,La Liga,2015/2016,69abb213-4e45-4c9f-86df-2f000373f38a,949,1,00:23:57.177000,23,57,Pass,Real Madrid,Daniel Carvajal Ramos,Right Back,42,Real Madrid,57.2,78.7,0.763911,,,,Luka Modrić,47.2,72.6,11.713667,-2.5938528,Ground Pass,,,,,,,,,,,,,,,,
267533,2016-04-02,Barcelona,Real Madrid,La Liga,2015/2016,615ba655-327b-4bb6-8d6e-2234d5be35c0,950,1,00:23:57.941000,23,57,Ball Receipt*,Real Madrid,Luka Modrić,Right Center Midfield,42,Real Madrid,47.2,72.6,,,,,,,,,,,,,,,,,,,,,,,,,,
267533,2016-04-02,Barcelona,Real Madrid,La Liga,2015/2016,8286d0db-92ed-4b5e-9e59-6859a245f4d9,951,1,00:23:57.941000,23,57,Carry,Real Madrid,Luka Modrić,Right Center Midfield,42,Real Madrid,47.2,72.6,0.644375,,,,,,,,,,,47.2,68.5,,,,,,,,,,,,,
267533,2016-04-02,Barcelona,Real Madrid,La Liga,2015/2016,492d6188-4807-4226-acda-caa47a477bf3,952,1,00:23:58.585000,23,58,Pass,Real Madrid,Luka Modrić,Right Center Midfield,42,Real Madrid,47.2,68.5,1.176918,,,,Kléper Laveran Lima Ferreira,47.9,58.0,10.523308,-1.5042281,Ground Pass,,,,,,,,,,,,,,,,
267533,2016-04-02,Barcelona,Real Madrid,La Liga,2015/2016,f4efb85f-370d-4358-8f2c-c4ee3e239519,953,1,00:23:59.762000,23,59,Ball Receipt*,Real Madrid,Kléper Laveran Lima Ferreira,Right Center Back,42,Real Madrid,47.9,58.0,,,,,,,,,,,,,,,,,,,,,,,,,,
267533,2016-04-02,Barcelona,Real Madrid,La Liga,2015/2016,e6d6b780-b390-4cf6-8833-98d519361d9f,954,1,00:23:59.762000,23,59,Carry,Real Madrid,Kléper Laveran Lima Ferreira,Right Center Back,42,Real Madrid,47.9,58.0,2.807189,,,,,,,,,,,56.6,52.2,,,,,,,,,,,,,
267533,2016-04-02,Barcelona,Real Madrid,La Liga,2015/2016,8517f04a-2b02-49f1-9577-2f864deef8f8,955,1,00:24:02.570000,24,2,Pass,Real Madrid,Kléper Laveran Lima Ferreira,Right Center Back,42,Real Madrid,56.6,52.2,3.121,,,,Gareth Frank Bale,91.0,13.7,51.629547,-0.8415804,High Pass,Incomplete,,,,,,,,,,,,,,,
267533,2016-04-02,Barcelona,Real Madrid,La Liga,2015/2016,134eada8-5de7-4ca7-a742-d31f82ef8ea9,956,1,00:24:05.691000,24,5,Ball Receipt*,Real Madrid,Gareth Frank Bale,Right Wing,42,Real Madrid,89.0,10.8,,,,,,,,,,,,,,,,,,,,,,,,,,
267533,2016-04-02,Barcelona,Real Madrid,La Liga,2015/2016,03116a90-2913-4c85-9b56-a74bc5f6e072,957,1,00:24:05.691000,24,5,Pass,Barcelona,Daniel Alves da Silva,Right Back,43,Barcelona,29.1,66.4,1.27125,,,,Ivan Rakitić,41.6,60.2,13.9531355,-0.46044248,Low Pass,,,,,,,,,,,,,,,,
267533,2016-04-02,Barcelona,Real Madrid,La Liga,2015/2016,231ab0ff-7dba-4e1b-9e43-ef9ebf969758,958,1,00:24:06.962000,24,6,Ball Receipt*,Barcelona,Ivan Rakitić,Right Center Midfield,43,Barcelona,41.6,60.2,,,,,,,,,,,,,,,,,,,,,,,,,,
267533,2016-04-02,Barcelona,Real Madrid,La Liga,2015/2016,3f6cab14-aaf0-4eeb-a9b0-de13cd99031e,959,1,00:24:07.162000,24,7,Pass,Barcelona,Ivan Rakitić,Right Center Midfield,43,Barcelona,41.6,60.2,1.524051,,,,Daniel Alves da Silva,28.7,67.8,14.972308,2.6091914,High Pass,,,,,,,,,,,,,,,,
267533,2016-04-02,Barcelona,Real Madrid,La Liga,2015/2016,c7f17756-b8ee-4509-a2fc-afe9b9ead957,960,1,00:24:08.686000,24,8,Ball Receipt*,Barcelona,Daniel Alves da Silva,Right Back,43,Barcelona,28.7,67.8,,,,,,,,,,,,,,,,,,,,,,,,,,
267533,2016-04-02,Barcelona,Real Madrid,La Liga,2015/2016,864692b6-b392-4e91-84f7-b535d79dabb7,961,1,00:24:08.686000,24,8,Carry,Barcelona,Daniel Alves da Silva,Right Back,43,Barcelona,28.7,67.8,5.422849,,,,,,,,,,,36.4,68.8,,,,,,,,,,,,,
267533,2016-04-02,Barcelona,Real Madrid,La Liga,2015/2016,9da8ea72-9953-4ed0-a7d8-2036f66c9c12,962,1,00:24:14.109000,24,14,Pass,Barcelona,Daniel Alves da Silva,Right Back,43,Barcelona,36.4,68.8,4.1278,,,,Lionel Andrés Messi Cuccittini,105.2,42.8,73.5489,-0.3613168,High Pass,Incomplete,,,,,,,,,,,,,,,
267533,2016-04-02,Barcelona,Real Madrid,La Liga,2015/2016,1715e7e9-525f-4f4e-b33a-5c2f74ae841a,963,1,00:24:18.236000,24,18,Ball Receipt*,Barcelona,Lionel Andrés Messi Cuccittini,Center Forward,43,Barcelona,77.3,56.2,,,,,,,,,,,,,,,,,,,,,,,,,,
267533,2016-04-02,Barcelona,Real Madrid,La Liga,2015/2016,7ce1f01e-10a5-444e-9a82-768fe75451a0,964,1,00:24:18.236000,24,18,Ball Recovery,Real Madrid,Keylor Navas Gamboa,Goalkeeper,44,Real Madrid,14.9,37.3,0.0,,,,,,,,,,,,,,,,,,,,,,,,,
267533,2016-04-02,Barcelona,Real Madrid,La Liga,2015/2016,ebecebe6-9dcf-4fb8-84f8-256dbc3e2024,965,1,00:24:18.236000,24,18,Carry,Real Madrid,Keylor Navas Gamboa,Goalkeeper,44,Real Madrid,14.9,37.3,1.043437,,,,,,,,,,,16.4,32.6,,,,,,,,,,,,,
267533,2016-04-02,Barcelona,Real Madrid,La Liga,2015/2016,f184b9f5-34fe-4d50-b153-c26dc90e3bb6,966,1,00:24:19.280000,24,19,Pass,Real Madrid,Keylor Navas Gamboa,Goalkeeper,44,Real Madrid,16.4,32.6,1.413459,,,,Sergio Ramos García,28.7,23.9,15.065855,-0.6156199,Low Pass,,,,,,,,,,,,,,,,
267533,2016-04-02,Barcelona,Real Madrid,La Liga,2015/2016,9a33bc3e-baa7-4d5d-a608-9b7e09a1fb73,967,1,00:24:20.693000,24,20,Ball Receipt*,Real Madrid,Sergio Ramos García,Left Center Back,44,Real Madrid,28.7,23.9,,,,,,,,,,,,,,,,,,,,,,,,,,
267533,2016-04-02,Barcelona,Real Madrid,La Liga,2015/2016,4133a860-35ed-45cd-9342-96fd65d36e5a,968,1,00:24:20.693000,24,20,Carry,Real Madrid,Sergio Ramos García,Left Center Back,44,Real Madrid,28.7,23.9,1.651624,,,,,,,,,,,32.5,25.3,,,,,,,,,,,,,
267533,2016-04-02,Barcelona,Real Madrid,La Liga,2015/2016,a9c57d19-6587-45ad-92f9-b545e6bcee1e,969,1,00:24:22.345000,24,22,Pass,Real Madrid,Sergio Ramos García,Left Center Back,44,Real Madrid,32.5,25.3,1.200688,,,,Toni Kroos,44.1,12.7,17.126587,-0.826697,Ground Pass,,,,,,,,,,,,,,,,
267533,2016-04-02,Barcelona,Real Madrid,La Liga,2015/2016,25c69c3d-b05e-4aab-b6dc-67080b82e2c6,970,1,00:24:23.546000,24,23,Ball Receipt*,Real Madrid,Toni Kroos,Left Center Midfield,44,Real Madrid,44.1,12.7,,,,,,,,,,,,,,,,,,,,,,,,,,
267533,2016-04-02,Barcelona,Real Madrid,La Liga,2015/2016,6ab212a7-9980-49ea-860d-a7d3c7ddbbd6,971,1,00:24:23.546000,24,23,Carry,Real Madrid,Toni Kroos,Left Center Midfield,44,Real Madrid,44.1,12.7,1.001587,True,,,,,,,,,,43.2,13.2,,,,,,,,,,,,,
267533,2016-04-02,Barcelona,Real Madrid,La Liga,2015/2016,766afaf2-c9ce-4c12-9bea-f415e0759264,972,1,00:24:23.973000,24,23,Pressure,Barcelona,Sergio Busquets i Burgos,Center Defensive Midfield,44,Real Madrid,70.4,62.6,0.527619,,,,,,,,,,,,,,,,,,,,,,,,,
267533,2016-04-02,Barcelona,Real Madrid,La Liga,2015/2016,e759cb34-a5bd-42a1-ba97-3af2dce4cd6a,973,1,00:24:24.547000,24,24,Pass,Real Madrid,Toni Kroos,Left Center Midfield,44,Real Madrid,43.2,13.2,0.607005,,,,Carlos Henrique Casimiro,50.8,29.5,17.984716,1.134505,Ground Pass,,,,,,,,,,,,,,,,
267533,2016-04-02,Barcelona,Real Madrid,La Liga,2015/2016,464841ef-8ca2-4619-9f57-4b771f37ed48,974,1,00:24:25.154000,24,25,Ball Receipt*,Real Madrid,Carlos Henrique Casimiro,Center Defensive Midfield,44,Real Madrid,50.8,29.5,,,,,,,,,,,,,,,,,,,,,,,,,,
267533,2016-04-02,Barcelona,Real Madrid,La Liga,2015/2016,796302fc-b7ac-4a9f-be0a-62fb5c95c8a1,975,1,00:24:27.666000,24,27,Pass,Real Madrid,Carlos Henrique Casimiro,Center Defensive Midfield,44,Real Madrid,50.8,29.5,0.736092,,True,,Luka Modrić,36.5,43.8,20.223253,2.3561945,Ground Pass,,,,,,,,,,,,,,,,
267533,2016-04-02,Barcelona,Real Madrid,La Liga,2015/2016,2a0fc725-9b5a-42c4-8184-c081f2bdfce6,976,1,00:24:28.402000,24,28,Ball Receipt*,Real Madrid,Luka Modrić,Right Center Midfield,44,Real Madrid,36.5,43.8,,,,,,,,,,,,,,,,,,,,,,,,,,
267533,2016-04-02,Barcelona,Real Madrid,La Liga,2015/2016,5f7b37bb-a44a-47a4-899d-83a159b43aec,977,1,00:24:28.766000,24,28,Pass,Real Madrid,Luka Modrić,Right Center Midfield,44,Real Madrid,43.8,58.4,1.26103,,True,,Daniel Carvajal Ramos,41.3,72.2,14.024621,1.750012,Ground Pass,,,,,,,,,,,,,,,,
267533,2016-04-02,Barcelona,Real Madrid,La Liga,2015/2016,f0d77be3-4a43-437b-9980-ca9a692dff2f,978,1,00:24:30.027000,24,30,Ball Receipt*,Real Madrid,Daniel Carvajal Ramos,Right Back,44,Real Madrid,41.3,72.2,,,,,,,,,,,,,,,,,,,,,,,,,,
267533,2016-04-02,Barcelona,Real Madrid,La Liga,2015/2016,536fb4ef-bfe9-40df-b5bd-8faff7818899,979,1,00:24:30.130000,24,30,Pass,Real Madrid,Daniel Carvajal Ramos,Right Back,44,Real Madrid,41.3,72.2,1.60208,,,,Luka Modrić,55.2,69.5,14.159802,-0.19185545,Ground Pass,,,,,,,,,,,,,,,,
267533,2016-04-02,Barcelona,Real Madrid,La Liga,2015/2016,662eb44f-be6c-4a91-a677-83d02a504a5c,980,1,00:24:31.732000,24,31,Ball Receipt*,Real Madrid,Luka Modrić,Right Center Midfield,44,Real Madrid,55.2,69.5,,,,,,,,,,,,,,,,,,,,,,,,,,
267533,2016-04-02,Barcelona,Real Madrid,La Liga,2015/2016,923b1c9d-9d23-45d2-bc6f-795d1ed1a2a0,981,1,00:24:31.732000,24,31,Carry,Real Madrid,Luka Modrić,Right Center Midfield,44,Real Madrid,55.2,69.5,0.66022,,,,,,,,,,,60.0,70.7,,,,,,,,,,,,,
267533,2016-04-02,Barcelona,Real Madrid,La Liga,2015/2016,40fa4130-dbdf-4c6f-98c0-dff5b6ae1937,982,1,00:24:32.392000,24,32,Pass,Real Madrid,Luka Modrić,Right Center Midfield,44,Real Madrid,60.0,70.7,2.570281,,,,Cristiano Ronaldo dos Santos Aveiro,97.9,69.7,37.91319,-0.026379105,Low Pass,,,,,,,,,,,,,,,,
267533,2016-04-02,Barcelona,Real Madrid,La Liga,2015/2016,8aab18cb-d2bd-4c2f-ae6f-f828066f6049,983,1,00:24:34.962000,24,34,Ball Receipt*,Real Madrid,Cristiano Ronaldo dos Santos Aveiro,Left Wing,44,Real Madrid,97.9,69.7,,,,,,,,,,,,,,,,,,,,,,,,,,
267533,2016-04-02,Barcelona,Real Madrid,La Liga,2015/2016,64a044e5-0c0a-43b4-96a3-e014a1fe9482,984,1,00:24:34.962000,24,34,Carry,Real Madrid,Cristiano Ronaldo dos Santos Aveiro,Left Wing,44,Real Madrid,97.9,69.7,1.481931,True,,,,,,,,,,104.4,68.3,,,,,,,,,,,,,
267533,2016-04-02,Barcelona,Real Madrid,La Liga,2015/2016,736bd92c-d9a6-4397-bfe9-3567adc9360b,985,1,00:24:35.116000,24,35,Pressure,Barcelona,Javier Alejandro Mascherano,Left Center Back,44,Real Madrid,19.5,12.8,1.278924,,,,,,,,,,,,,,,,,,,,,,,,,
267533,2016-04-02,Barcelona,Real Madrid,La Liga,2015/2016,9f0f3491-5aa9-4259-affe-0ef1c527c61f,986,1,00:24:36.444000,24,36,Dribbled Past,Barcelona,Javier Alejandro Mascherano,Left Center Back,44,Real Madrid,15.7,11.8,0.0,,,,,,,,,,,,,,,,,,,,,,,,,
267533,2016-04-02,Barcelona,Real Madrid,La Liga,2015/2016,a8df05b0-f760-420f-b3b8-b90add84f38d,987,1,00:24:36.444000,24,36,Dribble,Real Madrid,Cristiano Ronaldo dos Santos Aveiro,Left Wing,44,Real Madrid,104.4,68.3,0.0,True,,,,,,,,,,,,,,,,,,,,,,,,
267533,2016-04-02,Barcelona,Real Madrid,La Liga,2015/2016,27a98d19-9fa5-49fc-9ec5-f9257cdc6323,988,1,00:24:36.444000,24,36,Carry,Real Madrid,Cristiano Ronaldo dos Santos Aveiro,Left Wing,44,Real Madrid,104.4,68.3,3.112188,True,,,,,,,,,,104.8,54.9,,,,,,,,,,,,,
267533,2016-04-02,Barcelona,Real Madrid,La Liga,2015/2016,0cde2d0f-0092-409d-bcc1-9b34ac6f735e,989,1,00:24:39.557000,24,39,Shot,Real Madrid,Cristiano Ronaldo dos Santos Aveiro,Left Wing,44,Real Madrid,104.8,54.9,0.6549,,,,,,,,,,,,,0.059924684,Saved,Left Foot,Normal,,,,,,,,,
267533,2016-04-02,Barcelona,Real Madrid,La Liga,2015/2016,8943e781-2a05-4075-baab-d9b13173fb21,990,1,00:24:40.212000,24,40,Goal Keeper,Barcelona,Claudio Andrés Bravo Muñoz,Goalkeeper,44,Real Madrid,1.2,37.3,0.0,,,,,,,,,,,,,,,,,,,,,,,,,
267533,2016-04-02,Barcelona,Real Madrid,La Liga,2015/2016,001d6ef6-6e61-463c-84ab-7139b175ce8f,991,1,00:24:41.610000,24,41,Clearance,Barcelona,Javier Alejandro Mascherano,Left Center Back,44,Real Madrid,11.9,30.2,0.0,True,,,,,,,,,,,,,,,,,,,,,,,,
267533,2016-04-02,Barcelona,Real Madrid,La Liga,2015/2016,6e7bb414-e31d-45b8-967e-a5031f96710c,992,1,00:24:44.291000,24,44,Pass,Real Madrid,Carlos Henrique Casimiro,Center Defensive Midfield,44,Real Madrid,76.5,52.8,1.5543,,,,Luka Modrić,84.2,52.3,7.7162166,-0.06484403,Low Pass,,,,,,,,,,,,,,,,
267533,2016-04-02,Barcelona,Real Madrid,La Liga,2015/2016,c2087ffa-af59-4215-af92-77ec9e7c6d8f,993,1,00:24:45.845000,24,45,Ball Receipt*,Real Madrid,Luka Modrić,Right Center Midfield,44,Real Madrid,84.2,52.3,,,,,,,,,,,,,,,,,,,,,,,,,,
267533,2016-04-02,Barcelona,Real Madrid,La Liga,2015/2016,28e240b1-e014-4d08-ae48-3d6bdb81a33a,994,1,00:24:45.845000,24,45,Pass,Real Madrid,Luka Modrić,Right Center Midfield,44,Real Madrid,84.2,52.3,1.1554,,,,Daniel Carvajal Ramos,76.5,61.5,11.997083,2.267669,Low Pass,,,,,,,,,,,,,,,,
267533,2016-04-02,Barcelona,Real Madrid,La Liga,2015/2016,e44493e2-c1f4-45c0-ab85-3aa9e80c2115,995,1,00:24:47.001000,24,47,Ball Receipt*,Real Madrid,Daniel Carvajal Ramos,Right Back,44,Real Madrid,76.5,61.5,,,,,,,,,,,,,,,,,,,,,,,,,,
267533,2016-04-02,Barcelona,Real Madrid,La Liga,2015/2016,1a665163-abf5-418b-9431-a932394633e0,996,1,00:24:47.001000,24,47,Carry,Real Madrid,Daniel Carvajal Ramos,Right Back,44,Real Madrid,76.5,61.5,4.5847,,,,,,,,,,,105.1,66.4,,,,,,,,,,,,,
267533,2016-04-02,Barcelona,Real Madrid,La Liga,2015/2016,3a1028ff-2837-4f04-84e7-e5a836da1ad1,997,1,00:24:51.585000,24,51,Pass,Real Madrid,Daniel Carvajal Ramos,Right Back,44,Real Madrid,105.1,66.4,1.8489,,,,Gareth Frank Bale,106.5,31.2,35.22783,-1.5310446,High Pass,,,,,,,,,,,,,,,,
267533,2016-04-02,Barcelona,Real Madrid,La Liga,2015/2016,f901d88c-c767-4fb1-9672-a7ffde191dfd,998,1,00:24:53.434000,24,53,Ball Receipt*,Real Madrid,Gareth Frank Bale,Right Wing,44,Real Madrid,106.5,31.2,,,,,,,,,,,,,,,,,,,,,,,,,,
267533,2016-04-02,Barcelona,Real Madrid,La Liga,2015/2016,1b75d1d6-ff14-4a4d-a9dd-bdadd98c8af5,999,1,00:24:53.434000,24,53,Duel,Barcelona,Daniel Alves da Silva,Right Back,44,Real Madrid,14.7,50.0,0.0,True,,,,,,,,,,,,,,,,Aerial Lost,,,,,,,,
267533,2016-04-02,Barcelona,Real Madrid,La Liga,2015/2016,c4eb6ebc-777b-4c17-84dc-0225a642f1dd,1000,1,00:24:53.434000,24,53,Pass,Real Madrid,Gareth Frank Bale,Right Wing,44,Real Madrid,105.4,30.1,0.4748,True,,,Karim Benzema,105.4,36.3,6.2,1.5707964,Low Pass,,,,,,,,,,,,,,,,
267533,2016-04-02,Barcelona,Real Madrid,La Liga,2015/2016,b6c2907d-267d-49d6-893e-44015467fd5d,1001,1,00:24:53.909000,24,53,Ball Receipt*,Real Madrid,Karim Benzema,Center Forward,44,Real Madrid,105.4,36.3,,,,,,,,,,,,,,,,,,,,,,,,,,
267533,2016-04-02,Barcelona,Real Madrid,La Liga,2015/2016,aa95dd94-45f2-42ba-b49d-f9a15e4e00c7,1002,1,00:24:53.909000,24,53,Carry,Real Madrid,Karim Benzema,Center Forward,44,Real Madrid,105.4,36.3,0.53790003,,,,,,,,,,,104.4,36.7,,,,,,,,,,,,,
267533,2016-04-02,Barcelona,Real Madrid,La Liga,2015/2016,db233de3-cb91-4d70-9473-8357615b247d,1003,1,00:24:54.447000,24,54,Shot,Real Madrid,Karim Benzema,Center Forward,44,Real Madrid,104.4,36.7,0.1254,,,,,,,,,,,,,0.08566921,Blocked,Right Foot,Half Volley,,,,,,,,,
267533,2016-04-02,Barcelona,Real Madrid,La Liga,2015/2016,fca9bcc2-df96-40c1-a65f-b534578efc36,1004,1,00:24:54.572000,24,54,Block,Barcelona,Gerard Piqué Bernabéu,Right Center Back,44,Real Madrid,13.1,43.1,0.0,,,,,,,,,,,,,,,,,,,,,,,,,
267533,2016-04-02,Barcelona,Real Madrid,La Liga,2015/2016,7d863221-a9b4-43a5-b524-0defd53e6218,1005,1,00:24:54.612000,24,54,Goal Keeper,Barcelona,Claudio Andrés Bravo Muñoz,Goalkeeper,44,Real Madrid,1.3,40.0,0.0,,,,,,,,,,,,,,,,,,,,,,,,,
267533,2016-04-02,Barcelona,Real Madrid,La Liga,2015/2016,904cc945-87b6-4c1c-aff1-065b4154765f,1006,1,00:24:55.306000,24,55,Ball Recovery,Real Madrid,Karim Benzema,Center Forward,44,Real Madrid,105.4,35.4,0.0,,,,,,,,,,,,,,,,,,,,,,,,,
267533,2016-04-02,Barcelona,Real Madrid,La Liga,2015/2016,657ebeb6-8a26-459f-90cb-1c6778993bd3,1007,1,00:24:55.306000,24,55,Carry,Real Madrid,Karim Benzema,Center Forward,44,Real Madrid,105.4,35.4,0.453348,,,,,,,,,,,105.4,35.8,,,,,,,,,,,,,
267533,2016-04-02,Barcelona,Real Madrid,La Liga,2015/2016,12352651-4748-4149-9e52-b27cf4f48f97,1008,1,00:24:55.759000,24,55,Pass,Real Madrid,Karim Benzema,Center Forward,44,Real Madrid,105.4,35.8,2.281,,,,Gareth Frank Bale,114.3,25.0,13.994642,-0.88154745,High Pass,,,,,,,,,,,,,,,,
267533,2016-04-02,Barcelona,Real Madrid,La Liga,2015/2016,e4c915ac-54a1-4f25-bbe9-3247b8a4d31c,1009,1,00:24:58.040000,24,58,Ball Receipt*,Real Madrid,Gareth Frank Bale,Right Wing,44,Real Madrid,114.3,25.0,,,,,,,,,,,,,,,,,,,,,,,,,,
267533,2016-04-02,Barcelona,Real Madrid,La Liga,2015/2016,73eca55a-9580-4b98-aa18-7f741f7f00c3,1010,1,00:24:58.040000,24,58,Shot,Real Madrid,Gareth Frank Bale,Right Wing,44,Real Madrid,112.5,23.8,0.9087,,,,,,,,,,,,,0.015126976,Off T,Left Foot,Half Volley,,,,,,,,,
267533,2016-04-02,Barcelona,Real Madrid,La Liga,2015/2016,88f5f39c-cc80-47dc-87ce-8bf18f4007d8,1011,1,00:24:58.949000,24,58,Goal Keeper,Barcelona,Claudio Andrés Bravo Muñoz,Goalkeeper,44,Real Madrid,1.5,43.7,0.0,,,,,,,,,,,,,,,,,,,,,,,,,
267533,2016-04-02,Barcelona,Real Madrid,La Liga,2015/2016,e7a537f0-1efc-41dd-ba05-757ad407d3f2,1012,1,00:25:05.788000,25,5,Pass,Barcelona,Claudio Andrés Bravo Muñoz,Goalkeeper,45,Barcelona,6.0,36.0,4.373885,,,,Luis Alberto Suárez Díaz,70.5,5.1,71.519646,-0.44676366,High Pass,,,,,,,,,,,,,,,,
267533,2016-04-02,Barcelona,Real Madrid,La Liga,2015/2016,747b8841-cac4-4868-b3e4-4223653223da,1013,1,00:25:10.162000,25,10,Ball Receipt*,Barcelona,Luis Alberto Suárez Díaz,Right Wing,45,Barcelona,70.5,5.1,,,,,,,,,,,,,,,,,,,,,,,,,,
267533,2016-04-02,Barcelona,Real Madrid,La Liga,2015/2016,e0d4a530-e217-49d4-ac35-dc73f64469ad,1014,1,00:25:10.162000,25,10,Carry,Barcelona,Luis Alberto Suárez Díaz,Right Wing,45,Barcelona,70.5,5.1,4.114615,,,,,,,,,,,70.5,5.1,,,,,,,,,,,,,
267533,2016-04-02,Barcelona,Real Madrid,La Liga,2015/2016,165dbad9-b9ac-4727-8f06-703a19de104c,1015,1,00:25:14.277000,25,14,Pass,Barcelona,Luis Alberto Suárez Díaz,Right Wing,45,Barcelona,70.5,5.1,1.784,,,,Andrés Iniesta Luján,58.1,16.4,16.776472,2.4025748,Ground Pass,,,,,,,,,,,,,,,,
267533,2016-04-02,Barcelona,Real Madrid,La Liga,2015/2016,6d1f0918-9d60-4eeb-b9ba-17d38a6b6dcc,1016,1,00:25:16.061000,25,16,Ball Receipt*,Barcelona,Andrés Iniesta Luján,Left Center Midfield,45,Barcelona,58.1,16.4,,,,,,,,,,,,,,,,,,,,,,,,,,
267533,2016-04-02,Barcelona,Real Madrid,La Liga,2015/2016,7212eb50-96f2-4319-a5fb-1b09c9b1e7fb,1017,1,00:25:16.061000,25,16,Carry,Barcelona,Andrés Iniesta Luján,Left Center Midfield,45,Barcelona,58.1,16.4,1.581996,,,,,,,,,,,64.2,17.5,,,,,,,,,,,,,
267533,2016-04-02,Barcelona,Real Madrid,La Liga,2015/2016,c0737561-5371-4300-aada-08f88c692b17,1018,1,00:25:17.643000,25,17,Pass,Barcelona,Andrés Iniesta Luján,Left Center Midfield,45,Barcelona,64.2,17.5,1.206104,,,,Lionel Andrés Messi Cuccittini,63.5,27.5,10.02447,1.6406823,Ground Pass,,,,,,,,,,,,,,,,
267533,2016-04-02,Barcelona,Real Madrid,La Liga,2015/2016,1596fee1-56ed-43d9-a58d-c5031994a776,1019,1,00:25:18.849000,25,18,Ball Receipt*,Barcelona,Lionel Andrés Messi Cuccittini,Center Forward,45,Barcelona,63.5,27.5,,,,,,,,,,,,,,,,,,,,,,,,,,
267533,2016-04-02,Barcelona,Real Madrid,La Liga,2015/2016,3d799181-09dc-4d31-b905-270e4d6b0f78,1020,1,00:25:18.849000,25,18,Carry,Barcelona,Lionel Andrés Messi Cuccittini,Center Forward,45,Barcelona,63.5,27.5,0.546309,,,,,,,,,,,63.5,26.5,,,,,,,,,,,,,
267533,2016-04-02,Barcelona,Real Madrid,La Liga,2015/2016,4e34ef39-ee73-469e-b369-312548a816ac,1021,1,00:25:19.395000,25,19,Pass,Barcelona,Lionel Andrés Messi Cuccittini,Center Forward,45,Barcelona,63.5,26.5,1.340591,,,,Andrés Iniesta Luján,69.3,17.6,10.623088,-0.9932372,Ground Pass,,,,,,,,,,,,,,,,
267533,2016-04-02,Barcelona,Real Madrid,La Liga,2015/2016,ec623d2d-a56d-41e8-8be6-53454135fe6f,1022,1,00:25:20.736000,25,20,Ball Receipt*,Barcelona,Andrés Iniesta Luján,Left Center Midfield,45,Barcelona,69.3,17.6,,,,,,,,,,,,,,,,,,,,,,,,,,
267533,2016-04-02,Barcelona,Real Madrid,La Liga,2015/2016,521b04fd-e451-454e-a1e0-e3cb76c20da1,1023,1,00:25:20.736000,25,20,Carry,Barcelona,Andrés Iniesta Luján,Left Center Midfield,45,Barcelona,69.3,17.6,0.95958,,,,,,,,,,,71.5,16.4,,,,,,,,,,,,,
267533,2016-04-02,Barcelona,Real Madrid,La Liga,2015/2016,c0e83b40-3a92-4d2e-989e-4d33d4b9387f,1024,1,00:25:21.695000,25,21,Pass,Barcelona,Andrés Iniesta Luján,Left Center Midfield,45,Barcelona,71.5,16.4,1.52822,,,,Neymar da Silva Santos Junior,84.2,3.1,18.389671,-0.80847096,Ground Pass,,,,,,,,,,,,,,,,
267533,2016-04-02,Barcelona,Real Madrid,La Liga,2015/2016,f2f8f190-7586-4efc-a57b-fe8806816a09,1025,1,00:25:23.224000,25,23,Ball Receipt*,Barcelona,Neymar da Silva Santos Junior,Left Wing,45,Barcelona,84.2,3.1,,,,,,,,,,,,,,,,,,,,,,,,,,
267533,2016-04-02,Barcelona,Real Madrid,La Liga,2015/2016,ee646cde-ea1c-4218-a38c-1a66cf64fd10,1026,1,00:25:23.224000,25,23,Carry,Barcelona,Neymar da Silva Santos Junior,Left Wing,45,Barcelona,84.2,3.1,3.8925,,,,,,,,,,,83.2,3.7,,,,,,,,,,,,,
267533,2016-04-02,Barcelona,Real Madrid,La Liga,2015/2016,6cba7f03-f71b-4854-8a3a-4c180a5d2443,1027,1,00:25:27.116000,25,27,Pass,Barcelona,Neymar da Silva Santos Junior,Left Wing,45,Barcelona,83.2,3.7,1.8481,,,,Jordi Alba Ramos,63.3,11.6,21.410746,2.763688,Ground Pass,,,,,,,,,,,,,,,,
267533,2016-04-02,Barcelona,Real Madrid,La Liga,2015/2016,ff4a0ee2-5537-47cd-a233-4bcf5528e47d,1028,1,00:25:28.964000,25,28,Ball Receipt*,Barcelona,Jordi Alba Ramos,Left Back,45,Barcelona,63.3,11.6,,,,,,,,,,,,,,,,,,,,,,,,,,
267533,2016-04-02,Barcelona,Real Madrid,La Liga,2015/2016,cd5a1fcb-0f9a-424e-a5b2-e89da4116b3e,1029,1,00:25:28.964000,25,28,Carry,Barcelona,Jordi Alba Ramos,Left Back,45,Barcelona,63.3,11.6,0.8,,,,,,,,,,,62.9,16.1,,,,,,,,,,,,,
267533,2016-04-02,Barcelona,Real Madrid,La Liga,2015/2016,84b65e25-418b-4460-a75b-7e10613f3705,1030,1,00:25:29.764000,25,29,Pass,Barcelona,Jordi Alba Ramos,Left Back,45,Barcelona,62.9,16.1,0.9758,,,,Lionel Andrés Messi Cuccittini,71.1,24.4,11.667476,0.79145867,Ground Pass,,,,,,,,,,,,,,,,
267533,2016-04-02,Barcelona,Real Madrid,La Liga,2015/2016,33309a1a-de4c-4c09-a0ec-27c962ce8ae1,1031,1,00:25:30.740000,25,30,Ball Receipt*,Barcelona,Lionel Andrés Messi Cuccittini,Center Forward,45,Barcelona,71.1,24.4,,,,,,,,,,,,,,,,,,,,,,,,,,
267533,2016-04-02,Barcelona,Real Madrid,La Liga,2015/2016,60d405d6-c78f-43c5-8e38-d354099d23e7,1032,1,00:25:30.740000,25,30,Carry,Barcelona,Lionel Andrés Messi Cuccittini,Center Forward,45,Barcelona,71.1,24.4,1.166666,,,,,,,,,,,68.3,28.2,,,,,,,,,,,,,
267533,2016-04-02,Barcelona,Real Madrid,La Liga,2015/2016,673d43f4-c72d-47c0-a508-43528af53b5a,1033,1,00:25:31.907000,25,31,Pass,Barcelona,Lionel Andrés Messi Cuccittini,Center Forward,45,Barcelona,68.3,28.2,0.768993,,,,Sergio Busquets i Burgos,71.9,31.1,4.62277,0.6781193,Ground Pass,,,,,,,,,,,,,,,,
267533,2016-04-02,Barcelona,Real Madrid,La Liga,2015/2016,d050521d-cdc1-4458-a9e5-dd04da002d91,1034,1,00:25:32.676000,25,32,Ball Receipt*,Barcelona,Sergio Busquets i Burgos,Center Defensive Midfield,45,Barcelona,71.9,31.1,,,,,,,,,,,,,,,,,,,,,,,,,,
267533,2016-04-02,Barcelona,Real Madrid,La Liga,2015/2016,8a486a10-dce7-472a-bafd-4667eb569e6b,1035,1,00:25:32.676000,25,32,Carry,Barcelona,Sergio Busquets i Burgos,Center Defensive Midfield,45,Barcelona,71.9,31.1,0.040041,,,,,,,,,,,71.9,31.1,,,,,,,,,,,,,
267533,2016-04-02,Barcelona,Real Madrid,La Liga,2015/2016,db421e54-a822-43c5-8da8-8b25b989c8d1,1036,1,00:25:32.716000,25,32,Pass,Barcelona,Sergio Busquets i Burgos,Center Defensive Midfield,45,Barcelona,71.9,31.1,0.8,,,,Lionel Andrés Messi Cuccittini,64.7,33.5,7.5894666,2.819842,Ground Pass,,,,,,,,,,,,,,,,
267533,2016-04-02,Barcelona,Real Madrid,La Liga,2015/2016,569d7cf3-63bd-4e6e-b316-33622935a0d4,1037,1,00:25:33.516000,25,33,Ball Receipt*,Barcelona,Lionel Andrés Messi Cuccittini,Center Forward,45,Barcelona,64.7,33.5,,,,,,,,,,,,,,,,,,,,,,,,,,
267533,2016-04-02,Barcelona,Real Madrid,La Liga,2015/2016,87860a4c-a67d-45a5-a912-3a4acc6dd009,1038,1,00:25:33.516000,25,33,Carry,Barcelona,Lionel Andrés Messi Cuccittini,Center Forward,45,Barcelona,64.7,33.5,2.438798,,,,,,,,,,,69.9,26.5,,,,,,,,,,,,,
267533,2016-04-02,Barcelona,Real Madrid,La Liga,2015/2016,21756e93-6ead-4e47-9b67-31285bee279a,1039,1,00:25:35.954000,25,35,Pass,Barcelona,Lionel Andrés Messi Cuccittini,Center Forward,45,Barcelona,69.9,26.5,1.358502,,,,Neymar da Silva Santos Junior,83.6,15.2,17.758942,-0.6896915,Ground Pass,,,,,,,,,,,,,,,,
267533,2016-04-02,Barcelona,Real Madrid,La Liga,2015/2016,26534d8a-b7d9-4d7e-84c5-ff24b39b88f8,1040,1,00:25:37.313000,25,37,Ball Receipt*,Barcelona,Neymar da Silva Santos Junior,Left Wing,45,Barcelona,83.6,15.2,,,,,,,,,,,,,,,,,,,,,,,,,,
267533,2016-04-02,Barcelona,Real Madrid,La Liga,2015/2016,7d13c657-d211-4d71-b9fb-320fa0b5cfef,1041,1,00:25:37.313000,25,37,Carry,Barcelona,Neymar da Silva Santos Junior,Left Wing,45,Barcelona,83.6,15.2,1.697823,,,,,,,,,,,90.0,20.0,,,,,,,,,,,,,
267533,2016-04-02,Barcelona,Real Madrid,La Liga,2015/2016,c3a5b5a9-1720-4eb1-8b0a-60180fdb5b80,1042,1,00:25:39.011000,25,39,Pass,Barcelona,Neymar da Silva Santos Junior,Left Wing,45,Barcelona,90.0,20.0,0.651183,,,,Luis Alberto Suárez Díaz,92.9,28.6,9.075792,1.2455615,Ground Pass,,,,,,,,,,,,,,,,
267533,2016-04-02,Barcelona,Real Madrid,La Liga,2015/2016,95973ada-ac46-4e0c-adff-e2963089f283,1043,1,00:25:39.662000,25,39,Ball Receipt*,Barcelona,Luis Alberto Suárez Díaz,Right Wing,45,Barcelona,92.9,28.6,,,,,,,,,,,,,,,,,,,,,,,,,,
267533,2016-04-02,Barcelona,Real Madrid,La Liga,2015/2016,677dda06-3427-4462-a727-b8ae69714f6b,1044,1,00:25:39.662000,25,39,Carry,Barcelona,Luis Alberto Suárez Díaz,Right Wing,45,Barcelona,92.9,28.6,0.119994,,,,,,,,,,,92.9,28.6,,,,,,,,,,,,,
267533,2016-04-02,Barcelona,Real Madrid,La Liga,2015/2016,a395eff7-f8e5-4203-89de-738ff1e3aa8b,1045,1,00:25:39.782000,25,39,Pass,Barcelona,Luis Alberto Suárez Díaz,Right Wing,45,Barcelona,92.9,28.6,0.779909,,,,Lionel Andrés Messi Cuccittini,84.9,33.1,9.17878,2.629203,Ground Pass,,,,,,,,,,,,,,,,
267533,2016-04-02,Barcelona,Real Madrid,La Liga,2015/2016,722b7c65-ac37-44a3-90f4-59400f0d9f80,1046,1,00:25:40.562000,25,40,Ball Receipt*,Barcelona,Lionel Andrés Messi Cuccittini,Center Forward,45,Barcelona,84.9,33.1,,,,,,,,,,,,,,,,,,,,,,,,,,
267533,2016-04-02,Barcelona,Real Madrid,La Liga,2015/2016,283d9f54-e6c1-4991-a475-91587b954d4f,1047,1,00:25:40.562000,25,40,Carry,Barcelona,Lionel Andrés Messi Cuccittini,Center Forward,45,Barcelona,84.9,33.1,6.480991,True,,,,,,,,,,84.9,16.6,,,,,,,,,,,,,
267533,2016-04-02,Barcelona,Real Madrid,La Liga,2015/2016,340fdacb-0be0-4c3d-a41b-71e5dbd922e3,1048,1,00:25:42.122000,25,42,Pressure,Real Madrid,Carlos Henrique Casimiro,Center Defensive Midfield,45,Barcelona,32.0,44.4,1.524381,,,,,,,,,,,,,,,,,,,,,,,,,
267533,2016-04-02,Barcelona,Real Madrid,La Liga,2015/2016,9cc743d1-a507-4d16-a0d9-6648e193a26f,1049,1,00:25:47.043000,25,47,Pass,Barcelona,Lionel Andrés Messi Cuccittini,Center Forward,45,Barcelona,84.9,16.6,0.553721,,,,Neymar da Silva Santos Junior,91.9,11.8,8.487638,-0.60107374,Ground Pass,,,,,,,,,,,,,,,,
267533,2016-04-02,Barcelona,Real Madrid,La Liga,2015/2016,867c4b7f-75a2-424e-9b43-8d05d29f7bb4,1050,1,00:25:47.597000,25,47,Ball Receipt*,Barcelona,Neymar da Silva Santos Junior,Left Wing,45,Barcelona,91.9,11.8,,,,,,,,,,,,,,,,,,,,,,,,,,
267533,2016-04-02,Barcelona,Real Madrid,La Liga,2015/2016,2c9a58b3-4131-4fdf-a0aa-496160119dc4,1051,1,00:25:47.597000,25,47,Carry,Barcelona,Neymar da Silva Santos Junior,Left Wing,45,Barcelona,91.9,11.8,3.449301,True,,,,,,,,,,82.5,14.0,,,,,,,,,,,,,
267533,2016-04-02,Barcelona,Real Madrid,La Liga,2015/2016,b9226827-3fa9-43b1-9e44-61c954cd6645,1052,1,00:25:48.498000,25,48,Pressure,Real Madrid,Daniel Carvajal Ramos,Right Back,45,Barcelona,27.5,67.3,1.533391,,,,,,,,,,,,,,,,,,,,,,,,,
267533,2016-04-02,Barcelona,Real Madrid,La Liga,2015/2016,d6c60df4-3fed-409f-b787-35cf1d4ad29d,1053,1,00:25:51.046000,25,51,Pass,Barcelona,Neymar da Silva Santos Junior,Left Wing,45,Barcelona,82.5,14.0,0.864914,,,,Sergio Busquets i Burgos,83.5,29.9,15.931416,1.507986,Ground Pass,,,,,,,,,,,,,,,,
267533,2016-04-02,Barcelona,Real Madrid,La Liga,2015/2016,3aedb80f-474f-4780-b4ba-9ed2ac415ee0,1054,1,00:25:51.911000,25,51,Ball Receipt*,Barcelona,Sergio Busquets i Burgos,Center Defensive Midfield,45,Barcelona,83.5,29.9,,,,,,,,,,,,,,,,,,,,,,,,,,
267533,2016-04-02,Barcelona,Real Madrid,La Liga,2015/2016,1b8f7bdf-ced2-417d-b256-da84554430db,1055,1,00:25:51.911000,25,51,Carry,Barcelona,Sergio Busquets i Burgos,Center Defensive Midfield,45,Barcelona,83.5,29.9,0.414231,,,,,,,,,,,83.5,29.9,,,,,,,,,,,,,
267533,2016-04-02,Barcelona,Real Madrid,La Liga,2015/2016,2d856864-8fd9-454c-bed0-e15eb1648d83,1056,1,00:25:52.325000,25,52,Pass,Barcelona,Sergio Busquets i Burgos,Center Defensive Midfield,45,Barcelona,83.5,29.9,0.853207,,,,Jordi Alba Ramos,71.9,16.6,17.647945,-2.2880273,Ground Pass,,,,,,,,,,,,,,,,
267533,2016-04-02,Barcelona,Real Madrid,La Liga,2015/2016,abe5ee95-8226-40b7-9c2a-53c6d38175d4,1057,1,00:25:53.178000,25,53,Ball Receipt*,Barcelona,Jordi Alba Ramos,Left Back,45,Barcelona,71.9,16.6,,,,,,,,,,,,,,,,,,,,,,,,,,
267533,2016-04-02,Barcelona,Real Madrid,La Liga,2015/2016,5edebf2c-298f-4d7e-9d3e-6ac6ead53654,1058,1,00:25:53.178000,25,53,Carry,Barcelona,Jordi Alba Ramos,Left Back,45,Barcelona,71.9,16.6,1.612229,,,,,,,,,,,64.7,16.8,,,,,,,,,,,,,
267533,2016-04-02,Barcelona,Real Madrid,La Liga,2015/2016,0112fe5b-0a10-4083-b44a-e4cec285196c,1059,1,00:25:54.790000,25,54,Pass,Barcelona,Jordi Alba Ramos,Left Back,45,Barcelona,64.7,16.8,1.736597,,,,Javier Alejandro Mascherano,56.6,22.6,9.962429,2.5201764,Ground Pass,,,,,,,,,,,,,,,,
267533,2016-04-02,Barcelona,Real Madrid,La Liga,2015/2016,eb293d99-0062-4cf3-810b-4a2d5d484097,1060,1,00:25:56.527000,25,56,Ball Receipt*,Barcelona,Javier Alejandro Mascherano,Left Center Back,45,Barcelona,56.6,22.6,,,,,,,,,,,,,,,,,,,,,,,,,,
267533,2016-04-02,Barcelona,Real Madrid,La Liga,2015/2016,6d1c0d40-11be-4205-ac0d-259193f0a3ae,1061,1,00:25:56.527000,25,56,Carry,Barcelona,Javier Alejandro Mascherano,Left Center Back,45,Barcelona,56.6,22.6,0.4246,,,,,,,,,,,58.1,26.5,,,,,,,,,,,,,
267533,2016-04-02,Barcelona,Real Madrid,La Liga,2015/2016,a294891e-8b4e-41e6-9f0b-190d4b1fffa1,1062,1,00:25:56.952000,25,56,Pass,Barcelona,Javier Alejandro Mascherano,Left Center Back,45,Barcelona,58.1,26.5,1.690893,,,,Gerard Piqué Bernabéu,58.7,46.1,19.609182,1.5401937,Ground Pass,,,,,,,,,,,,,,,,
267533,2016-04-02,Barcelona,Real Madrid,La Liga,2015/2016,7dddc4e3-fae4-4706-ac3e-d96b8d3f52ef,1063,1,00:25:58.642000,25,58,Ball Receipt*,Barcelona,Gerard Piqué Bernabéu,Right Center Back,45,Barcelona,58.7,46.1,,,,,,,,,,,,,,,,,,,,,,,,,,
267533,2016-04-02,Barcelona,Real Madrid,La Liga,2015/2016,061c76a8-827f-4892-95aa-ee741084783d,1064,1,00:25:58.642000,25,58,Carry,Barcelona,Gerard Piqué Bernabéu,Right Center Back,45,Barcelona,58.7,46.1,0.41314,,,,,,,,,,,61.9,46.6,,,,,,,,,,,,,
267533,2016-04-02,Barcelona,Real Madrid,La Liga,2015/2016,10ff663f-b6ac-4321-aaff-dc5a4f2f4d4a,1065,1,00:25:59.056000,25,59,Pass,Barcelona,Gerard Piqué Bernabéu,Right Center Back,45,Barcelona,61.9,46.6,1.38775,,,,Sergio Busquets i Burgos,68.1,34.7,13.418271,-1.0904835,Ground Pass,,,,,,,,,,,,,,,,
267533,2016-04-02,Barcelona,Real Madrid,La Liga,2015/2016,08765723-342f-4a37-9b2a-96112e5242a5,1066,1,00:26:00.443000,26,0,Ball Receipt*,Barcelona,Sergio Busquets i Burgos,Center Defensive Midfield,45,Barcelona,68.1,34.7,,,,,,,,,,,,,,,,,,,,,,,,,,
267533,2016-04-02,Barcelona,Real Madrid,La Liga,2015/2016,b3b1b992-4d74-40cf-ba45-0401e5025de0,1067,1,00:26:00.443000,26,0,Carry,Barcelona,Sergio Busquets i Burgos,Center Defensive Midfield,45,Barcelona,68.1,34.7,1.684217,,,,,,,,,,,72.2,33.0,,,,,,,,,,,,,
267533,2016-04-02,Barcelona,Real Madrid,La Liga,2015/2016,cf896ec8-f181-4e2b-9557-47b0e606782e,1068,1,00:26:02.128000,26,2,Pass,Barcelona,Sergio Busquets i Burgos,Center Defensive Midfield,45,Barcelona,72.2,33.0,2.7349,,,,Andrés Iniesta Luján,95.6,1.3,39.401142,-0.9349093,Low Pass,Out,,,,,,,,,,,,,,,
267533,2016-04-02,Barcelona,Real Madrid,La Liga,2015/2016,d84a03f1-1ca5-4dc5-8eb2-e3bc88166214,1069,1,00:26:04.863000,26,4,Ball Receipt*,Barcelona,Andrés Iniesta Luján,Left Center Midfield,45,Barcelona,90.8,11.4,,,,,,,,,,,,,,,,,,,,,,,,,,
267533,2016-04-02,Barcelona,Real Madrid,La Liga,2015/2016,2ff9e4b5-03df-4d5d-b7bd-40cd40343cbb,1070,1,00:26:11.366000,26,11,Pass,Real Madrid,Daniel Carvajal Ramos,Right Back,46,Real Madrid,22.7,80.0,2.442516,,True,,Kléper Laveran Lima Ferreira,22.7,66.9,13.1,-1.5707964,Low Pass,,,,,,,,,,,,,,,,
267533,2016-04-02,Barcelona,Real Madrid,La Liga,2015/2016,8c6beaeb-2644-4112-8bc9-dab28366b998,1071,1,00:26:13.808000,26,13,Ball Receipt*,Real Madrid,Kléper Laveran Lima Ferreira,Right Center Back,46,Real Madrid,22.7,66.9,,,,,,,,,,,,,,,,,,,,,,,,,,
267533,2016-04-02,Barcelona,Real Madrid,La Liga,2015/2016,9be492f5-8fb8-4d4e-aa1f-ae632aae1562,1072,1,00:26:14.282000,26,14,Pass,Real Madrid,Kléper Laveran Lima Ferreira,Right Center Back,46,Real Madrid,49.4,71.9,1.7757,,True,,,28.5,65.3,21.917345,-2.8357139,High Pass,Incomplete,,,,,,,,,,,,,,,
267533,2016-04-02,Barcelona,Real Madrid,La Liga,2015/2016,24baaece-2251-43d3-a08d-2b426cb45a84,1073,1,00:26:16.058000,26,16,Clearance,Barcelona,Javier Alejandro Mascherano,Left Center Back,46,Real Madrid,91.6,14.8,0.0,True,True,,,,,,,,,,,,,,,,,,,,,,,
267533,2016-04-02,Barcelona,Real Madrid,La Liga,2015/2016,a252b441-6a4f-4898-be00-09c1438bf32a,1074,1,00:26:26.087000,26,26,Foul Committed,Barcelona,Luis Alberto Suárez Díaz,Right Wing,46,Real Madrid,92.6,16.4,0.0,,True,,,,,,,,,,,,,,,,,,Yellow Card,,,,,
267533,2016-04-02,Barcelona,Real Madrid,La Liga,2015/2016,c426ab7a-5cde-4064-951d-d1db3edbe7c1,1075,1,00:26:26.087000,26,26,Foul Won,Real Madrid,Kléper Laveran Lima Ferreira,Right Center Back,46,Real Madrid,27.5,63.7,0.0,True,True,,,,,,,,,,,,,,,,,,,True,,,,
267533,2016-04-02,Barcelona,Real Madrid,La Liga,2015/2016,ea0aad94-35e1-4a5c-a87b-279947160a16,1076,1,00:26:57.066000,26,57,Injury Stoppage,Real Madrid,Kléper Laveran Lima Ferreira,Right Center Back,46,Real Madrid,,,0.0,,,,,,,,,,,,,,,,,,,,,,,,,
267533,2016-04-02,Barcelona,Real Madrid,La Liga,2015/2016,eea5f4ee-0236-4714-bb6a-751391354d63,1077,1,00:27:29.682000,27,29,Pass,Real Madrid,Keylor Navas Gamboa,Goalkeeper,47,Real Madrid,28.9,64.7,4.0654,,,,Karim Benzema,93.8,45.4,67.70894,-0.28905192,High Pass,Incomplete,,,,,,,,,,,,,,,
267533,2016-04-02,Barcelona,Real Madrid,La Liga,2015/2016,96c76268-f6ab-4188-a251-10bb7eab4d81,1078,1,00:27:33.747000,27,33,Ball Receipt*,Real Madrid,Karim Benzema,Center Forward,47,Real Madrid,94.4,45.2,,,,,,,,,,,,,,,,,,,,,,,,,,
267533,2016-04-02,Barcelona,Real Madrid,La Liga,2015/2016,1bfdc908-9d0d-45d4-ac6f-070d1c352314,1079,1,00:27:33.747000,27,33,Clearance,Barcelona,Gerard Piqué Bernabéu,Right Center Back,47,Real Madrid,26.3,34.7,0.0,True,,,,,,,,,,,,,,,,,,,,,,,,
267533,2016-04-02,Barcelona,Real Madrid,La Liga,2015/2016,25b68e03-1d00-49bd-883e-67ca76f7a611,1080,1,00:27:34.955000,27,34,Ball Recovery,Barcelona,Sergio Busquets i Burgos,Center Defensive Midfield,48,Barcelona,29.7,34.5,0.0,,,,,,,,,,,,,,,,,,,,,,,,,
267533,2016-04-02,Barcelona,Real Madrid,La Liga,2015/2016,0ccf4234-6da9-4f03-9b5a-b79c838eda5a,1081,1,00:27:34.955000,27,34,Carry,Barcelona,Sergio Busquets i Burgos,Center Defensive Midfield,48,Barcelona,29.7,34.5,2.235422,True,,,,,,,,,,29.1,35.1,,,,,,,,,,,,,
267533,2016-04-02,Barcelona,Real Madrid,La Liga,2015/2016,a1d50125-ff60-446c-9aa7-2095498a1090,1082,1,00:27:35.418000,27,35,Pressure,Real Madrid,Toni Kroos,Left Center Midfield,48,Barcelona,86.5,43.0,1.217071,,,,,,,,,,,,,,,,,,,,,,,,,
267533,2016-04-02,Barcelona,Real Madrid,La Liga,2015/2016,7b0c1ee9-4b10-4a94-92f5-daa17399e009,1083,1,00:27:37.190000,27,37,Pass,Barcelona,Sergio Busquets i Burgos,Center Defensive Midfield,48,Barcelona,29.1,35.1,2.035678,,,,Jordi Alba Ramos,36.7,19.0,17.803652,-1.1297579,Ground Pass,,,,,,,,,,,,,,,,
267533,2016-04-02,Barcelona,Real Madrid,La Liga,2015/2016,2f814d45-6e2e-49c5-b465-aa2882fa16bf,1084,1,00:27:39.226000,27,39,Ball Receipt*,Barcelona,Jordi Alba Ramos,Left Back,48,Barcelona,36.7,19.0,,,,,,,,,,,,,,,,,,,,,,,,,,
267533,2016-04-02,Barcelona,Real Madrid,La Liga,2015/2016,3148ea36-34c9-4c5c-812b-2ba2b9a4c3b9,1085,1,00:27:39.226000,27,39,Carry,Barcelona,Jordi Alba Ramos,Left Back,48,Barcelona,36.7,19.0,6.280718,,,,,,,,,,,57.5,15.6,,,,,,,,,,,,,
267533,2016-04-02,Barcelona,Real Madrid,La Liga,2015/2016,0e617834-3fca-4ae3-8d0d-39556160904f,1086,1,00:27:45.506000,27,45,Pass,Barcelona,Jordi Alba Ramos,Left Back,48,Barcelona,57.5,15.6,0.607383,,,,Andrés Iniesta Luján,56.4,19.0,3.5735137,1.8836975,Ground Pass,,,,,,,,,,,,,,,,
267533,2016-04-02,Barcelona,Real Madrid,La Liga,2015/2016,1367e4b9-9124-4f4f-9af6-2fd5ddc43dc5,1087,1,00:27:46.114000,27,46,Ball Receipt*,Barcelona,Andrés Iniesta Luján,Left Center Midfield,48,Barcelona,56.4,19.0,,,,,,,,,,,,,,,,,,,,,,,,,,
267533,2016-04-02,Barcelona,Real Madrid,La Liga,2015/2016,0c29a737-9688-4520-9a4f-7290f168827f,1088,1,00:27:46.114000,27,46,Carry,Barcelona,Andrés Iniesta Luján,Left Center Midfield,48,Barcelona,56.4,19.0,2.420699,,,,,,,,,,,54.3,15.1,,,,,,,,,,,,,
267533,2016-04-02,Barcelona,Real Madrid,La Liga,2015/2016,1056a59d-dad7-41bc-992f-f61c6efe023d,1089,1,00:27:48.535000,27,48,Pass,Barcelona,Andrés Iniesta Luján,Left Center Midfield,48,Barcelona,54.3,15.1,1.6,,,,Gerard Piqué Bernabéu,41.6,49.0,36.20083,1.9292437,Ground Pass,,,,,,,,,,,,,,,,
267533,2016-04-02,Barcelona,Real Madrid,La Liga,2015/2016,4ebb4ec8-bac1-4ad9-99ac-aeeef4cced23,1090,1,00:27:50.135000,27,50,Ball Receipt*,Barcelona,Gerard Piqué Bernabéu,Right Center Back,48,Barcelona,41.6,49.0,,,,,,,,,,,,,,,,,,,,,,,,,,
267533,2016-04-02,Barcelona,Real Madrid,La Liga,2015/2016,b71b00e2-539c-46ca-a1a4-79cd303b3d23,1091,1,00:27:50.135000,27,50,Carry,Barcelona,Gerard Piqué Bernabéu,Right Center Back,48,Barcelona,41.6,49.0,1.3854,,,,,,,,,,,42.0,49.0,,,,,,,,,,,,,
267533,2016-04-02,Barcelona,Real Madrid,La Liga,2015/2016,83170547-23a6-4992-a55b-27364fcefe14,1092,1,00:27:51.520000,27,51,Pass,Barcelona,Gerard Piqué Bernabéu,Right Center Back,48,Barcelona,42.0,49.0,1.2,,,,Lionel Andrés Messi Cuccittini,50.4,46.9,8.658522,-0.24497867,Ground Pass,,,,,,,,,,,,,,,,
267533,2016-04-02,Barcelona,Real Madrid,La Liga,2015/2016,0d90ea12-0a91-4575-a41b-21344847d8dc,1093,1,00:27:52.720000,27,52,Ball Receipt*,Barcelona,Lionel Andrés Messi Cuccittini,Center Forward,48,Barcelona,50.4,46.9,,,,,,,,,,,,,,,,,,,,,,,,,,
267533,2016-04-02,Barcelona,Real Madrid,La Liga,2015/2016,10b2483f-2c27-49ef-8356-682dbbcb284a,1094,1,00:27:52.720000,27,52,Carry,Barcelona,Lionel Andrés Messi Cuccittini,Center Forward,48,Barcelona,50.4,46.9,4.0,,,,,,,,,,,64.6,41.0,,,,,,,,,,,,,
267533,2016-04-02,Barcelona,Real Madrid,La Liga,2015/2016,aee43e74-c653-4259-acc7-0e3e6735af63,1095,1,00:27:56.720000,27,56,Pass,Barcelona,Lionel Andrés Messi Cuccittini,Center Forward,48,Barcelona,64.6,41.0,0.395137,,,,Sergio Busquets i Burgos,66.1,33.7,7.4525166,-1.3681377,Ground Pass,,,,,,,,,,,,,,,,
267533,2016-04-02,Barcelona,Real Madrid,La Liga,2015/2016,1192218b-4164-4b55-af73-92a2378ef440,1096,1,00:27:57.115000,27,57,Ball Receipt*,Barcelona,Sergio Busquets i Burgos,Center Defensive Midfield,48,Barcelona,66.1,33.7,,,,,,,,,,,,,,,,,,,,,,,,,,
267533,2016-04-02,Barcelona,Real Madrid,La Liga,2015/2016,7db212c7-8fb5-4b12-9538-34fe1004ce58,1097,1,00:27:57.115000,27,57,Carry,Barcelona,Sergio Busquets i Burgos,Center Defensive Midfield,48,Barcelona,66.1,33.7,2.412263,,,,,,,,,,,71.5,30.6,,,,,,,,,,,,,
267533,2016-04-02,Barcelona,Real Madrid,La Liga,2015/2016,c9b07552-a643-4b45-b5a3-b40a802c26e8,1098,1,00:27:59.527000,27,59,Pass,Barcelona,Sergio Busquets i Burgos,Center Defensive Midfield,48,Barcelona,71.5,30.6,1.2628,,,,Ivan Rakitić,71.6,46.2,15.600321,1.5643861,Ground Pass,,,,,,,,,,,,,,,,
267533,2016-04-02,Barcelona,Real Madrid,La Liga,2015/2016,967afd29-e3f6-48ef-8c20-138fb1075c12,1099,1,00:28:00.790000,28,0,Ball Receipt*,Barcelona,Ivan Rakitić,Right Center Midfield,48,Barcelona,71.6,46.2,,,,,,,,,,,,,,,,,,,,,,,,,,
267533,2016-04-02,Barcelona,Real Madrid,La Liga,2015/2016,8b524d0e-8a30-4144-8268-132894ccc2e3,1100,1,00:28:00.790000,28,0,Carry,Barcelona,Ivan Rakitić,Right Center Midfield,48,Barcelona,71.6,46.2,1.2706,,,,,,,,,,,70.1,49.3,,,,,,,,,,,,,
267533,2016-04-02,Barcelona,Real Madrid,La Liga,2015/2016,710a7ec1-80a7-4c18-8d95-f58692cb8bd4,1101,1,00:28:02.061000,28,2,Pass,Barcelona,Ivan Rakitić,Right Center Midfield,48,Barcelona,70.1,49.3,1.254977,,,,Daniel Alves da Silva,70.9,74.5,25.212696,1.539061,Ground Pass,,,,,,,,,,,,,,,,
267533,2016-04-02,Barcelona,Real Madrid,La Liga,2015/2016,9bd958b1-231e-4a4c-9400-1f1f1450b2f8,1102,1,00:28:03.316000,28,3,Ball Receipt*,Barcelona,Daniel Alves da Silva,Right Back,48,Barcelona,70.9,74.5,,,,,,,,,,,,,,,,,,,,,,,,,,
267533,2016-04-02,Barcelona,Real Madrid,La Liga,2015/2016,528ddc80-d7e3-4a2d-8103-ffb000b813fe,1103,1,00:28:03.316000,28,3,Carry,Barcelona,Daniel Alves da Silva,Right Back,48,Barcelona,70.9,74.5,0.910247,,,,,,,,,,,70.9,74.5,,,,,,,,,,,,,
267533,2016-04-02,Barcelona,Real Madrid,La Liga,2015/2016,bed80083-43b2-4ae9-a867-aa226d0f616e,1104,1,00:28:04.226000,28,4,Pass,Barcelona,Daniel Alves da Silva,Right Back,48,Barcelona,70.9,74.5,2.025076,,,,Gerard Piqué Bernabéu,60.5,58.5,19.082977,-2.1471715,Ground Pass,,,,,,,,,,,,,,,,
267533,2016-04-02,Barcelona,Real Madrid,La Liga,2015/2016,431c43b7-309d-4535-9cec-e50c18353199,1105,1,00:28:05.135000,28,5,Pressure,Real Madrid,Toni Kroos,Left Center Midfield,48,Barcelona,52.6,21.6,1.046498,,,,,,,,,,,,,,,,,,,,,,,,,
267533,2016-04-02,Barcelona,Real Madrid,La Liga,2015/2016,0fbe296c-da3e-4ae1-87b0-485bb1ae0543,1106,1,00:28:06.251000,28,6,Ball Receipt*,Barcelona,Gerard Piqué Bernabéu,Right Center Back,48,Barcelona,60.5,58.5,,,,,,,,,,,,,,,,,,,,,,,,,,
267533,2016-04-02,Barcelona,Real Madrid,La Liga,2015/2016,ba92c28c-7914-4c8f-bbdf-048353b6ca47,1107,1,00:28:06.251000,28,6,Carry,Barcelona,Gerard Piqué Bernabéu,Right Center Back,48,Barcelona,60.5,58.5,0.087,,,,,,,,,,,62.8,56.9,,,,,,,,,,,,,
267533,2016-04-02,Barcelona,Real Madrid,La Liga,2015/2016,b9fdb915-61f2-415a-b82e-f2474b34fbf5,1108,1,00:28:06.338000,28,6,Pass,Barcelona,Gerard Piqué Bernabéu,Right Center Back,48,Barcelona,62.8,56.9,1.1375,,,,Sergio Busquets i Burgos,64.2,50.3,6.746851,-1.3617734,Ground Pass,,,,,,,,,,,,,,,,
267533,2016-04-02,Barcelona,Real Madrid,La Liga,2015/2016,52e3cd2d-98ef-40f1-9e24-3f62cd032e30,1109,1,00:28:07.476000,28,7,Ball Receipt*,Barcelona,Sergio Busquets i Burgos,Center Defensive Midfield,48,Barcelona,64.2,50.3,,,,,,,,,,,,,,,,,,,,,,,,,,
267533,2016-04-02,Barcelona,Real Madrid,La Liga,2015/2016,2aa0c034-f06c-4fcc-9c08-8343dcf90f32,1110,1,00:28:07.476000,28,7,Carry,Barcelona,Sergio Busquets i Burgos,Center Defensive Midfield,48,Barcelona,64.2,50.3,0.08,,,,,,,,,,,65.1,50.6,,,,,,,,,,,,,
267533,2016-04-02,Barcelona,Real Madrid,La Liga,2015/2016,efff26cf-0380-4788-9212-f365cc33cd4b,1111,1,00:28:07.556000,28,7,Pass,Barcelona,Sergio Busquets i Burgos,Center Defensive Midfield,48,Barcelona,65.1,50.6,0.4471,,,,Ivan Rakitić,71.9,55.4,8.323461,0.61466295,Ground Pass,,,,,,,,,,,,,,,,
267533,2016-04-02,Barcelona,Real Madrid,La Liga,2015/2016,cffcb286-4b15-463b-a876-1e58753efd8c,1112,1,00:28:08.003000,28,8,Ball Receipt*,Barcelona,Ivan Rakitić,Right Center Midfield,48,Barcelona,71.9,55.4,,,,,,,,,,,,,,,,,,,,,,,,,,
267533,2016-04-02,Barcelona,Real Madrid,La Liga,2015/2016,d61b5936-184c-4f14-9451-b228ea696e59,1113,1,00:28:08.003000,28,8,Carry,Barcelona,Ivan Rakitić,Right Center Midfield,48,Barcelona,71.9,55.4,0.1237,,,,,,,,,,,72.2,55.1,,,,,,,,,,,,,
267533,2016-04-02,Barcelona,Real Madrid,La Liga,2015/2016,b1136643-9690-4517-8aee-89c792b552cb,1114,1,00:28:08.126000,28,8,Pass,Barcelona,Ivan Rakitić,Right Center Midfield,48,Barcelona,72.2,55.1,2.149378,,,,Javier Alejandro Mascherano,50.5,36.1,28.842503,-2.4224365,High Pass,,,,,,,,,,,,,,,,
267533,2016-04-02,Barcelona,Real Madrid,La Liga,2015/2016,9c7b518f-0f29-4a62-b65e-827d420a25ab,1115,1,00:28:10.276000,28,10,Ball Receipt*,Barcelona,Javier Alejandro Mascherano,Left Center Back,48,Barcelona,50.5,36.1,,,,,,,,,,,,,,,,,,,,,,,,,,
267533,2016-04-02,Barcelona,Real Madrid,La Liga,2015/2016,d5a689e6-3083-4454-805c-3b57ca396529,1116,1,00:28:10.276000,28,10,Carry,Barcelona,Javier Alejandro Mascherano,Left Center Back,48,Barcelona,50.5,36.1,4.112321,,,,,,,,,,,64.6,31.3,,,,,,,,,,,,,
267533,2016-04-02,Barcelona,Real Madrid,La Liga,2015/2016,4c5e5add-a018-42fd-a0a4-2023907a2475,1117,1,00:28:14.388000,28,14,Pass,Barcelona,Javier Alejandro Mascherano,Left Center Back,48,Barcelona,64.6,31.3,1.657245,,,,Jordi Alba Ramos,78.4,3.4,31.126356,-1.111459,High Pass,,,,,,,,,,,,,,,,
267533,2016-04-02,Barcelona,Real Madrid,La Liga,2015/2016,36c14946-b37a-4842-b1b5-d0c1deacf73b,1118,1,00:28:16.045000,28,16,Ball Receipt*,Barcelona,Jordi Alba Ramos,Left Back,48,Barcelona,78.4,3.4,,,,,,,,,,,,,,,,,,,,,,,,,,
267533,2016-04-02,Barcelona,Real Madrid,La Liga,2015/2016,88bf3e54-8ecd-4b31-9d41-f52a173c36c0,1119,1,00:28:16.045000,28,16,Carry,Barcelona,Jordi Alba Ramos,Left Back,48,Barcelona,78.4,3.4,1.011228,,,,,,,,,,,83.2,6.6,,,,,,,,,,,,,
267533,2016-04-02,Barcelona,Real Madrid,La Liga,2015/2016,72ee0997-8fe0-4c46-ac43-a86969ee8b04,1120,1,00:28:17.056000,28,17,Pass,Barcelona,Jordi Alba Ramos,Left Back,48,Barcelona,83.2,6.6,0.838519,,,,Neymar da Silva Santos Junior,90.4,13.0,9.633276,0.7266424,Ground Pass,,,,,,,,,,,,,,,,
267533,2016-04-02,Barcelona,Real Madrid,La Liga,2015/2016,44c877f8-b37b-47f9-8c89-9e73ae1bcd65,1121,1,00:28:17.895000,28,17,Ball Receipt*,Barcelona,Neymar da Silva Santos Junior,Left Wing,48,Barcelona,90.4,13.0,,,,,,,,,,,,,,,,,,,,,,,,,,
267533,2016-04-02,Barcelona,Real Madrid,La Liga,2015/2016,cb67e140-a20f-4642-bef5-3598eb58099f,1122,1,00:28:17.895000,28,17,Carry,Barcelona,Neymar da Silva Santos Junior,Left Wing,48,Barcelona,90.4,13.0,1.043109,True,,,,,,,,,,92.2,16.6,,,,,,,,,,,,,
267533,2016-04-02,Barcelona,Real Madrid,La Liga,2015/2016,c7af1f35-c374-4fe0-954f-9815d181ff23,1123,1,00:28:18.038000,28,18,Pressure,Real Madrid,Luka Modrić,Right Center Midfield,48,Barcelona,31.7,65.0,0.900589,,,,,,,,,,,,,,,,,,,,,,,,,
267533,2016-04-02,Barcelona,Real Madrid,La Liga,2015/2016,e20cfc79-27d0-4a8f-b1e5-5c806d5378fb,1124,1,00:28:18.938000,28,18,Dispossessed,Barcelona,Neymar da Silva Santos Junior,Left Wing,48,Barcelona,92.2,16.6,0.0,True,,,,,,,,,,,,,,,,,,,,,,,,
267533,2016-04-02,Barcelona,Real Madrid,La Liga,2015/2016,c85b0cb6-e6f0-4726-b651-195ff8044b84,1125,1,00:28:18.938000,28,18,Duel,Real Madrid,Luka Modrić,Right Center Midfield,49,Real Madrid,27.9,63.5,0.0,True,,,,,,,,,,,,,,,,Tackle,Won,,,,,,,
267533,2016-04-02,Barcelona,Real Madrid,La Liga,2015/2016,41cded02-5632-4d6b-863d-e21861655bc5,1126,1,00:28:18.938000,28,18,Carry,Real Madrid,Luka Modrić,Right Center Midfield,49,Real Madrid,27.9,63.5,3.0614,True,,,,,,,,,,33.7,64.0,,,,,,,,,,,,,
267533,2016-04-02,Barcelona,Real Madrid,La Liga,2015/2016,8889475f-71e7-48a0-a229-1c1c70b67591,1127,1,00:28:20.927000,28,20,Pressure,Barcelona,Neymar da Silva Santos Junior,Left Wing,49,Real Madrid,89.8,15.8,1.355639,,,,,,,,,,,,,,,,,,,,,,,,,
267533,2016-04-02,Barcelona,Real Madrid,La Liga,2015/2016,343cdd57-dc65-4040-9cd4-7d5e5827636b,1128,1,00:28:22,28,22,Foul Committed,Barcelona,Neymar da Silva Santos Junior,Left Wing,49,Real Madrid,86.4,16.1,0.0,,,,,,,,,,,,,,,,,,,,,,,,,
267533,2016-04-02,Barcelona,Real Madrid,La Liga,2015/2016,3926a4ba-5c43-433a-b7f2-f76929774ef0,1129,1,00:28:22,28,22,Foul Won,Real Madrid,Luka Modrić,Right Center Midfield,49,Real Madrid,33.7,64.0,0.0,True,,,,,,,,,,,,,,,,,,,,,True,,,
267533,2016-04-02,Barcelona,Real Madrid,La Liga,2015/2016,0fecdc93-6f58-4d32-b8d4-aad68a04187a,1130,1,00:28:22,28,22,Carry,Real Madrid,Luka Modrić,Right Center Midfield,49,Real Madrid,33.7,64.0,0.1677,True,,,,,,,,,,35.1,61.8,,,,,,,,,,,,,
267533,2016-04-02,Barcelona,Real Madrid,La Liga,2015/2016,64f124c3-6fb1-40d8-9989-11f7bdbde6d6,1131,1,00:28:22.167000,28,22,Pass,Real Madrid,Luka Modrić,Right Center Midfield,49,Real Madrid,35.1,61.8,1.0734,True,,,Carlos Henrique Casimiro,35.2,54.6,7.2006946,-1.5569084,Ground Pass,,,,,,,,,,,,,,,,
267533,2016-04-02,Barcelona,Real Madrid,La Liga,2015/2016,a7a17989-9db0-4d23-b1a6-9181e63d3cdf,1132,1,00:28:23.241000,28,23,Ball Receipt*,Real Madrid,Carlos Henrique Casimiro,Center Defensive Midfield,49,Real Madrid,35.2,54.6,,,,,,,,,,,,,,,,,,,,,,,,,,
267533,2016-04-02,Barcelona,Real Madrid,La Liga,2015/2016,4bbf5680-cd58-430b-a6ac-408d485ca6fa,1133,1,00:28:23.241000,28,23,Pass,Real Madrid,Carlos Henrique Casimiro,Center Defensive Midfield,49,Real Madrid,35.2,54.6,2.887015,,,,Gareth Frank Bale,59.7,73.0,30.640007,0.64415383,Ground Pass,,,,,,,,,,,,,,,,
267533,2016-04-02,Barcelona,Real Madrid,La Liga,2015/2016,9357479a-323f-4080-a1dd-ac42dd6a6edd,1134,1,00:28:26.128000,28,26,Ball Receipt*,Real Madrid,Gareth Frank Bale,Right Wing,49,Real Madrid,59.7,73.0,,,,,,,,,,,,,,,,,,,,,,,,,,
267533,2016-04-02,Barcelona,Real Madrid,La Liga,2015/2016,b0b49960-b8d1-4204-a4ee-56f146e2b7cd,1135,1,00:28:26.128000,28,26,Carry,Real Madrid,Gareth Frank Bale,Right Wing,49,Real Madrid,59.7,73.0,4.548485,True,,,,,,,,,,89.9,48.1,,,,,,,,,,,,,
267533,2016-04-02,Barcelona,Real Madrid,La Liga,2015/2016,3521dcc3-6cd1-414c-ac85-cb8ab74aa222,1136,1,00:28:29.918000,28,29,Pressure,Barcelona,Javier Alejandro Mascherano,Left Center Back,49,Real Madrid,26.9,29.7,0.750154,,,,,,,,,,,,,,,,,,,,,,,,,
267533,2016-04-02,Barcelona,Real Madrid,La Liga,2015/2016,befefdfe-2024-4794-820b-95aae65d4809,1137,1,00:28:30.676000,28,30,Foul Committed,Barcelona,Javier Alejandro Mascherano,Left Center Back,49,Real Madrid,30.2,32.0,0.0,,,,,,,,,,,,,,,,,,,,Yellow Card,,,,,
267533,2016-04-02,Barcelona,Real Madrid,La Liga,2015/2016,7a754ae3-4646-44eb-9d7f-cccb044f73d9,1138,1,00:28:30.676000,28,30,Foul Won,Real Madrid,Gareth Frank Bale,Right Wing,49,Real Madrid,89.9,48.1,0.0,True,,,,,,,,,,,,,,,,,,,,,,,,
267533,2016-04-02,Barcelona,Real Madrid,La Liga,2015/2016,f42fb00f-9558-4c54-a42b-20dd92a71811,1139,1,00:29:25.076000,29,25,Injury Stoppage,Real Madrid,Gareth Frank Bale,Right Wing,49,Real Madrid,,,0.0,,,,,,,,,,,,,,,,,,,,,,,,,
267533,2016-04-02,Barcelona,Real Madrid,La Liga,2015/2016,da0b7e0b-1c4c-42a7-8f67-db07d0215e2c,1140,1,00:29:51.095000,29,51,Shot,Real Madrid,Cristiano Ronaldo dos Santos Aveiro,Left Wing,50,Real Madrid,92.0,36.5,1.0077,,,,,,,,,,,,,0.050429653,Off T,Right Foot,Normal,,,,,,,,,
267533,2016-04-02,Barcelona,Real Madrid,La Liga,2015/2016,5e960575-dec2-4f71-8f64-7756ca9e4ae5,1141,1,00:29:52.102000,29,52,Goal Keeper,Barcelona,Claudio Andrés Bravo Muñoz,Goalkeeper,50,Real Madrid,0.9,39.3,0.0,,,,,,,,,,,,,,,,,,,,,,,,,
267533,2016-04-02,Barcelona,Real Madrid,La Liga,2015/2016,68186be5-c0a2-4682-a7c9-d1fc58552365,1142,1,00:30:03.312000,30,3,Pass,Barcelona,Claudio Andrés Bravo Muñoz,Goalkeeper,51,Barcelona,6.0,44.0,2.4,,True,,Daniel Alves da Silva,22.9,76.8,36.89783,1.095028,Low Pass,,,,,,,,,,,,,,,,
267533,2016-04-02,Barcelona,Real Madrid,La Liga,2015/2016,a0c376a4-5361-49b5-b273-0b354a156aa2,1143,1,00:30:05.712000,30,5,Ball Receipt*,Barcelona,Daniel Alves da Silva,Right Back,51,Barcelona,22.9,76.8,,,,,,,,,,,,,,,,,,,,,,,,,,
267533,2016-04-02,Barcelona,Real Madrid,La Liga,2015/2016,17330d20-4b58-4219-b354-9efeaf0cf0c4,1144,1,00:30:06.925000,30,6,Pass,Barcelona,Daniel Alves da Silva,Right Back,51,Barcelona,23.9,75.5,1.536436,,True,,Sergio Busquets i Burgos,33.3,59.0,18.989735,-1.0529566,Ground Pass,,,,,,,,,,,,,,,,
267533,2016-04-02,Barcelona,Real Madrid,La Liga,2015/2016,8bff7d21-82dd-4119-b40f-3254820efdb1,1145,1,00:30:08.461000,30,8,Ball Receipt*,Barcelona,Sergio Busquets i Burgos,Center Defensive Midfield,51,Barcelona,33.3,59.0,,,,,,,,,,,,,,,,,,,,,,,,,,
267533,2016-04-02,Barcelona,Real Madrid,La Liga,2015/2016,97e6bb7d-6965-4008-834f-0e72919be7ac,1146,1,00:30:08.922000,30,8,Pass,Barcelona,Sergio Busquets i Burgos,Center Defensive Midfield,51,Barcelona,33.3,56.6,1.062174,,,,Daniel Alves da Silva,26.3,65.4,11.2445545,2.2427595,Ground Pass,,,,,,,,,,,,,,,,
267533,2016-04-02,Barcelona,Real Madrid,La Liga,2015/2016,786a9157-0897-4a0c-9007-61f74cb83046,1147,1,00:30:09.412000,30,9,Pressure,Real Madrid,Toni Kroos,Left Center Midfield,51,Barcelona,90.0,14.3,0.862463,,,,,,,,,,,,,,,,,,,,,,,,,
267533,2016-04-02,Barcelona,Real Madrid,La Liga,2015/2016,560d4b8c-0562-4df9-81da-29cb0396c1a2,1148,1,00:30:09.985000,30,9,Ball Receipt*,Barcelona,Daniel Alves da Silva,Right Back,51,Barcelona,26.3,65.4,,True,,,,,,,,,,,,,,,,,,,,,,,,
267533,2016-04-02,Barcelona,Real Madrid,La Liga,2015/2016,bc06ac21-bc6d-42ac-ab56-e1e3fc312950,1149,1,00:30:09.985000,30,9,Carry,Barcelona,Daniel Alves da Silva,Right Back,51,Barcelona,26.3,65.4,0.273818,True,,,,,,,,,,26.4,66.8,,,,,,,,,,,,,
267533,2016-04-02,Barcelona,Real Madrid,La Liga,2015/2016,934bdcb9-ac0f-45b2-b82d-1aa903132451,1150,1,00:30:10.258000,30,10,Pass,Barcelona,Daniel Alves da Silva,Right Back,51,Barcelona,26.4,66.8,1.099389,True,,,Ivan Rakitić,31.2,76.4,10.733127,1.1071488,Ground Pass,,,,,,,,,,,,,,,,
267533,2016-04-02,Barcelona,Real Madrid,La Liga,2015/2016,1e0dfb1e-1790-4ac0-9e4a-630bba686ca9,1151,1,00:30:11.358000,30,11,Ball Receipt*,Barcelona,Ivan Rakitić,Right Center Midfield,51,Barcelona,31.2,76.4,,,,,,,,,,,,,,,,,,,,,,,,,,
267533,2016-04-02,Barcelona,Real Madrid,La Liga,2015/2016,ae07123c-04f0-4eed-995e-96adc82f821e,1152,1,00:30:11.358000,30,11,Carry,Barcelona,Ivan Rakitić,Right Center Midfield,51,Barcelona,31.2,76.4,2.333075,True,,,,,,,,,,29.1,75.5,,,,,,,,,,,,,
267533,2016-04-02,Barcelona,Real Madrid,La Liga,2015/2016,4c5114fa-a7b1-447e-a17d-27b48177d25f,1153,1,00:30:11.539000,30,11,Pressure,Real Madrid,Carlos Henrique Casimiro,Center Defensive Midfield,51,Barcelona,85.1,4.4,2.224949,,,,,,,,,,,,,,,,,,,,,,,,,
267533,2016-04-02,Barcelona,Real Madrid,La Liga,2015/2016,9fd62384-bdcf-4908-8120-cf94e898f7d1,1154,1,00:30:13.691000,30,13,Foul Committed,Real Madrid,Carlos Henrique Casimiro,Center Defensive Midfield,51,Barcelona,91.0,4.6,0.0,,,,,,,,,,,,,,,,,,,,,,,,,
267533,2016-04-02,Barcelona,Real Madrid,La Liga,2015/2016,088c7b8f-11cb-4dde-9414-46d2d3970bbe,1155,1,00:30:13.691000,30,13,Foul Won,Barcelona,Ivan Rakitić,Right Center Midfield,51,Barcelona,29.1,75.5,0.0,True,,,,,,,,,,,,,,,,,,,,,,,,
267533,2016-04-02,Barcelona,Real Madrid,La Liga,2015/2016,c781d2de-f494-4df1-baef-0dced0495ef2,1156,1,00:30:26.067000,30,26,Pass,Barcelona,Daniel Alves da Silva,Right Back,52,Barcelona,29.1,75.5,2.387529,,True,,Andrés Iniesta Luján,38.8,28.2,48.284367,-1.3685267,Low Pass,,,,,,,,,,,,,,,,
267533,2016-04-02,Barcelona,Real Madrid,La Liga,2015/2016,820b8348-8cd4-4b4b-8241-e15c290d6a1a,1157,1,00:30:28.455000,30,28,Ball Receipt*,Barcelona,Andrés Iniesta Luján,Left Center Midfield,52,Barcelona,38.8,28.2,,,,,,,,,,,,,,,,,,,,,,,,,,
267533,2016-04-02,Barcelona,Real Madrid,La Liga,2015/2016,a2357cda-b874-4aa5-9cbd-4789e9f9dc26,1158,1,00:30:28.708000,30,28,Pass,Barcelona,Andrés Iniesta Luján,Left Center Midfield,52,Barcelona,40.6,30.3,1.689886,,True,,Jordi Alba Ramos,28.8,5.5,27.464159,-2.0149024,Low Pass,,,,,,,,,,,,,,,,
267533,2016-04-02,Barcelona,Real Madrid,La Liga,2015/2016,615d6f09-1862-4989-ad50-928c7f76464a,1159,1,00:30:30.397000,30,30,Ball Receipt*,Barcelona,Jordi Alba Ramos,Left Back,52,Barcelona,28.8,5.5,,,,,,,,,,,,,,,,,,,,,,,,,,
267533,2016-04-02,Barcelona,Real Madrid,La Liga,2015/2016,127d571a-a0b3-464e-9452-e9cbf23819c6,1160,1,00:30:30.437000,30,30,Pass,Barcelona,Jordi Alba Ramos,Left Back,52,Barcelona,28.8,6.1,1.763054,,,,Javier Alejandro Mascherano,19.4,23.4,19.68883,2.0685217,Low Pass,,,,,,,,,,,,,,,,
267533,2016-04-02,Barcelona,Real Madrid,La Liga,2015/2016,ffcb6579-e62a-40a4-8937-06ce6860a7aa,1161,1,00:30:32.200000,30,32,Ball Receipt*,Barcelona,Javier Alejandro Mascherano,Left Center Back,52,Barcelona,19.4,23.4,,,,,,,,,,,,,,,,,,,,,,,,,,
267533,2016-04-02,Barcelona,Real Madrid,La Liga,2015/2016,45bd7177-380e-4ee6-992f-1d132d665cc5,1162,1,00:30:32.200000,30,32,Carry,Barcelona,Javier Alejandro Mascherano,Left Center Back,52,Barcelona,19.4,23.4,0.067525,,,,,,,,,,,19.4,23.4,,,,,,,,,,,,,
267533,2016-04-02,Barcelona,Real Madrid,La Liga,2015/2016,5ff7553b-8c99-40c9-bd48-dbbc07d642b1,1163,1,00:30:32.268000,30,32,Pass,Barcelona,Javier Alejandro Mascherano,Left Center Back,52,Barcelona,19.4,23.4,2.044778,,,,Andrés Iniesta Luján,44.0,16.8,25.469982,-0.26211983,High Pass,,,,,,,,,,,,,,,,
267533,2016-04-02,Barcelona,Real Madrid,La Liga,2015/2016,7433206d-090c-4d6c-a7cd-6f6b4ca3adb5,1164,1,00:30:33.999000,30,33,Pressure,Real Madrid,Gareth Frank Bale,Right Wing,52,Barcelona,81.0,63.2,3.054106,,,,,,,,,,,,,,,,,,,,,,,,,
267533,2016-04-02,Barcelona,Real Madrid,La Liga,2015/2016,e95ea471-1e9f-471c-9932-39255c5b2fb0,1165,1,00:30:34.313000,30,34,Ball Receipt*,Barcelona,Andrés Iniesta Luján,Left Center Midfield,52,Barcelona,44.0,16.8,,True,,,,,,,,,,,,,,,,,,,,,,,,
267533,2016-04-02,Barcelona,Real Madrid,La Liga,2015/2016,2eead49a-53a8-4458-97c3-d8ff5da57c48,1166,1,00:30:34.313000,30,34,Carry,Barcelona,Andrés Iniesta Luján,Left Center Midfield,52,Barcelona,44.0,16.8,2.227264,True,,,,,,,,,,46.8,10.6,,,,,,,,,,,,,
267533,2016-04-02,Barcelona,Real Madrid,La Liga,2015/2016,f75f2261-9e72-476f-8ff8-492472bf3eac,1167,1,00:30:36.540000,30,36,Foul Committed,Real Madrid,Gareth Frank Bale,Right Wing,52,Barcelona,73.3,69.5,0.0,,,,,,,,,,,,,,,,,,,,,,,,,
267533,2016-04-02,Barcelona,Real Madrid,La Liga,2015/2016,b1f5a900-3574-4357-9bad-77640da9bf85,1168,1,00:30:36.540000,30,36,Foul Won,Barcelona,Andrés Iniesta Luján,Left Center Midfield,52,Barcelona,46.8,10.6,0.0,True,,,,,,,,,,,,,,,,,,,,,,,,
267533,2016-04-02,Barcelona,Real Madrid,La Liga,2015/2016,73f814ce-7fdf-4589-bf16-1a27f89fd5ed,1169,1,00:30:41.392000,30,41,Pass,Barcelona,Andrés Iniesta Luján,Left Center Midfield,53,Barcelona,46.8,10.6,1.295601,,,,Neymar da Silva Santos Junior,58.0,3.7,13.154847,-0.552153,Ground Pass,,,,,,,,,,,,,,,,
267533,2016-04-02,Barcelona,Real Madrid,La Liga,2015/2016,fec59f34-c649-472e-abf1-116c634d526a,1170,1,00:30:42.219000,30,42,Pressure,Real Madrid,Daniel Carvajal Ramos,Right Back,53,Barcelona,58.8,74.9,4.4759,,,,,,,,,,,,,,,,,,,,,,,,,
267533,2016-04-02,Barcelona,Real Madrid,La Liga,2015/2016,e16df62a-b59d-4367-b039-67a23e005796,1171,1,00:30:42.687000,30,42,Ball Receipt*,Barcelona,Neymar da Silva Santos Junior,Left Wing,53,Barcelona,58.0,3.7,,True,,,,,,,,,,,,,,,,,,,,,,,,
267533,2016-04-02,Barcelona,Real Madrid,La Liga,2015/2016,330edd79-e7a0-41ba-8244-55267cb1f2fa,1172,1,00:30:42.687000,30,42,Carry,Barcelona,Neymar da Silva Santos Junior,Left Wing,53,Barcelona,58.0,3.7,4.421116,True,,,,,,,,,,54.2,5.1,,,,,,,,,,,,,
267533,2016-04-02,Barcelona,Real Madrid,La Liga,2015/2016,b195c813-d24e-4161-af01-ebddab189639,1173,1,00:30:47.108000,30,47,Pass,Barcelona,Neymar da Silva Santos Junior,Left Wing,53,Barcelona,54.2,5.1,1.673839,,,,Javier Alejandro Mascherano,37.4,17.8,21.060152,2.494293,Ground Pass,,,,,,,,,,,,,,,,
267533,2016-04-02,Barcelona,Real Madrid,La Liga,2015/2016,8b3de7ea-c938-4dc6-b41c-db5d8caba76b,1174,1,00:30:48.782000,30,48,Ball Receipt*,Barcelona,Javier Alejandro Mascherano,Left Center Back,53,Barcelona,37.4,17.8,,,,,,,,,,,,,,,,,,,,,,,,,,
267533,2016-04-02,Barcelona,Real Madrid,La Liga,2015/2016,65a7611a-7f4e-4ea6-aa28-0a0c7a24bceb,1175,1,00:30:48.782000,30,48,Carry,Barcelona,Javier Alejandro Mascherano,Left Center Back,53,Barcelona,37.4,17.8,2.742159,,,,,,,,,,,41.8,27.3,,,,,,,,,,,,,
267533,2016-04-02,Barcelona,Real Madrid,La Liga,2015/2016,d44f9508-f263-488c-a3fe-eb6cbc85cbbe,1176,1,00:30:51.524000,30,51,Pass,Barcelona,Javier Alejandro Mascherano,Left Center Back,53,Barcelona,41.8,27.3,3.10577,,,,Daniel Alves da Silva,71.1,76.1,56.920383,1.0300756,High Pass,,,,,,,,,,,,,,,,
267533,2016-04-02,Barcelona,Real Madrid,La Liga,2015/2016,09d78041-aa5b-4894-9a42-5a0c190af9da,1177,1,00:30:54.630000,30,54,Ball Receipt*,Barcelona,Daniel Alves da Silva,Right Back,53,Barcelona,71.1,76.1,,,,,,,,,,,,,,,,,,,,,,,,,,
267533,2016-04-02,Barcelona,Real Madrid,La Liga,2015/2016,89143d2a-db83-408c-9ef7-a8cae972c26a,1178,1,00:30:54.630000,30,54,Carry,Barcelona,Daniel Alves da Silva,Right Back,53,Barcelona,71.1,76.1,0.187215,,,,,,,,,,,71.1,76.1,,,,,,,,,,,,,
267533,2016-04-02,Barcelona,Real Madrid,La Liga,2015/2016,c37b7b74-ea01-42a7-8ea7-64326453170e,1179,1,00:30:54.817000,30,54,Miscontrol,Barcelona,Daniel Alves da Silva,Right Back,53,Barcelona,71.1,76.1,0.0,,,,,,,,,,,,,,,,,,,,,,,,,
267533,2016-04-02,Barcelona,Real Madrid,La Liga,2015/2016,d9a91fcb-b373-43aa-aa5f-d63b5b98fe78,1180,1,00:30:55.144000,30,55,Pass,Real Madrid,Marcelo Vieira da Silva Júnior,Left Back,54,Real Madrid,45.1,5.7,0.801058,,,,Cristiano Ronaldo dos Santos Aveiro,53.4,10.9,9.794386,0.5596816,Low Pass,,,,,,,,,,,,,,,,
267533,2016-04-02,Barcelona,Real Madrid,La Liga,2015/2016,b0ed29a1-4a45-4a3e-9e43-2222b2fb180d,1181,1,00:30:55.945000,30,55,Ball Receipt*,Real Madrid,Cristiano Ronaldo dos Santos Aveiro,Left Wing,54,Real Madrid,53.4,10.9,,,,,,,,,,,,,,,,,,,,,,,,,,
267533,2016-04-02,Barcelona,Real Madrid,La Liga,2015/2016,ac54d066-4481-47b6-970f-e53088e7ae73,1182,1,00:30:55.945000,30,55,Carry,Real Madrid,Cristiano Ronaldo dos Santos Aveiro,Left Wing,54,Real Madrid,53.4,10.9,2.551942,,,,,,,,,,,57.2,7.0,,,,,,,,,,,,,
267533,2016-04-02,Barcelona,Real Madrid,La Liga,2015/2016,0b820584-b161-41d2-b1f0-a7a34a20ab81,1183,1,00:30:58.497000,30,58,Pass,Real Madrid,Cristiano Ronaldo dos Santos Aveiro,Left Wing,54,Real Madrid,57.2,7.0,0.748265,,,,Toni Kroos,56.2,15.1,8.161495,1.6936315,Ground Pass,,,,,,,,,,,,,,,,
267533,2016-04-02,Barcelona,Real Madrid,La Liga,2015/2016,4ee8f731-edb0-494e-9e25-105cb805fefd,1184,1,00:30:59.245000,30,59,Ball Receipt*,Real Madrid,Toni Kroos,Left Center Midfield,54,Real Madrid,56.2,15.1,,,,,,,,,,,,,,,,,,,,,,,,,,
267533,2016-04-02,Barcelona,Real Madrid,La Liga,2015/2016,c7e91a3a-7413-4e93-b9a6-caa86460db44,1185,1,00:30:59.245000,30,59,Carry,Real Madrid,Toni Kroos,Left Center Midfield,54,Real Madrid,56.2,15.1,0.378881,,,,,,,,,,,56.2,15.1,,,,,,,,,,,,,
267533,2016-04-02,Barcelona,Real Madrid,La Liga,2015/2016,d3d0aa79-923b-45f1-aad8-9cef537235ee,1186,1,00:30:59.624000,30,59,Pass,Real Madrid,Toni Kroos,Left Center Midfield,54,Real Madrid,56.2,15.1,0.864854,,,,Sergio Ramos García,46.8,15.3,9.402127,3.1203194,Ground Pass,,,,,,,,,,,,,,,,
267533,2016-04-02,Barcelona,Real Madrid,La Liga,2015/2016,ba33cb81-5b40-4274-99fc-cf145b86873f,1187,1,00:31:00.489000,31,0,Ball Receipt*,Real Madrid,Sergio Ramos García,Left Center Back,54,Real Madrid,46.8,15.3,,,,,,,,,,,,,,,,,,,,,,,,,,
267533,2016-04-02,Barcelona,Real Madrid,La Liga,2015/2016,bd3d5343-2616-4002-83fb-882d63a458da,1188,1,00:31:00.489000,31,0,Pass,Real Madrid,Sergio Ramos García,Left Center Back,54,Real Madrid,46.8,15.3,0.733883,,,,Carlos Henrique Casimiro,53.4,27.3,13.695254,1.0679531,Ground Pass,,,,,,,,,,,,,,,,
267533,2016-04-02,Barcelona,Real Madrid,La Liga,2015/2016,d3e4bccf-c2e3-4790-b5d3-44871e870c6d,1189,1,00:31:01.223000,31,1,Ball Receipt*,Real Madrid,Carlos Henrique Casimiro,Center Defensive Midfield,54,Real Madrid,53.4,27.3,,,,,,,,,,,,,,,,,,,,,,,,,,
267533,2016-04-02,Barcelona,Real Madrid,La Liga,2015/2016,979e0f56-68f6-4c45-a8f5-0f0f9c6f1949,1190,1,00:31:01.223000,31,1,Carry,Real Madrid,Carlos Henrique Casimiro,Center Defensive Midfield,54,Real Madrid,53.4,27.3,0.550717,,,,,,,,,,,53.4,27.3,,,,,,,,,,,,,
267533,2016-04-02,Barcelona,Real Madrid,La Liga,2015/2016,274199e6-2a2c-4631-8d60-874bfd492ab9,1191,1,00:31:01.774000,31,1,Pass,Real Madrid,Carlos Henrique Casimiro,Center Defensive Midfield,54,Real Madrid,53.4,27.3,1.513956,,,,Kléper Laveran Lima Ferreira,40.7,37.7,16.414932,2.4554346,Ground Pass,,,,,,,,,,,,,,,,
267533,2016-04-02,Barcelona,Real Madrid,La Liga,2015/2016,ac9bc1f8-26a6-4704-ae12-eeb05e17b6ea,1192,1,00:31:03.288000,31,3,Ball Receipt*,Real Madrid,Kléper Laveran Lima Ferreira,Right Center Back,54,Real Madrid,40.7,37.7,,,,,,,,,,,,,,,,,,,,,,,,,,
267533,2016-04-02,Barcelona,Real Madrid,La Liga,2015/2016,6e41139e-163a-410d-b2ea-820e6d08b5cc,1193,1,00:31:03.288000,31,3,Carry,Real Madrid,Kléper Laveran Lima Ferreira,Right Center Back,54,Real Madrid,40.7,37.7,1.640744,,,,,,,,,,,42.0,54.6,,,,,,,,,,,,,
267533,2016-04-02,Barcelona,Real Madrid,La Liga,2015/2016,bf63f6df-cfa5-4b5e-b886-96cc4c700313,1194,1,00:31:04.929000,31,4,Pass,Real Madrid,Kléper Laveran Lima Ferreira,Right Center Back,54,Real Madrid,42.0,54.6,1.473965,,,,Daniel Carvajal Ramos,54.0,76.0,24.534874,1.059739,Low Pass,,,,,,,,,,,,,,,,
267533,2016-04-02,Barcelona,Real Madrid,La Liga,2015/2016,4404e92c-ddeb-46ab-9566-0148a3578f7c,1195,1,00:31:06.402000,31,6,Ball Receipt*,Real Madrid,Daniel Carvajal Ramos,Right Back,54,Real Madrid,54.0,76.0,,,,,,,,,,,,,,,,,,,,,,,,,,
267533,2016-04-02,Barcelona,Real Madrid,La Liga,2015/2016,4b74c133-6f3b-4a8b-ac71-8170823a0179,1196,1,00:31:06.402000,31,6,Carry,Real Madrid,Daniel Carvajal Ramos,Right Back,54,Real Madrid,54.0,76.0,1.410135,,,,,,,,,,,59.6,78.0,,,,,,,,,,,,,
267533,2016-04-02,Barcelona,Real Madrid,La Liga,2015/2016,020cfb0c-f58c-4ff2-911f-73cb129ad88e,1197,1,00:31:07.813000,31,7,Pass,Real Madrid,Daniel Carvajal Ramos,Right Back,54,Real Madrid,59.6,78.0,0.8342,,,,Gareth Frank Bale,69.6,75.3,10.3580885,-0.26371184,Ground Pass,,,,,,,,,,,,,,,,
267533,2016-04-02,Barcelona,Real Madrid,La Liga,2015/2016,90a08276-8fa1-4836-819a-cb14f1c79b6c,1198,1,00:31:08.308000,31,8,Pressure,Barcelona,Jordi Alba Ramos,Left Back,54,Real Madrid,48.4,5.8,1.720815,,,,,,,,,,,,,,,,,,,,,,,,,
267533,2016-04-02,Barcelona,Real Madrid,La Liga,2015/2016,018855b1-893c-44ba-982a-445dbc47ab7b,1199,1,00:31:08.647000,31,8,Ball Receipt*,Real Madrid,Gareth Frank Bale,Right Wing,54,Real Madrid,69.6,75.3,,True,,,,,,,,,,,,,,,,,,,,,,,,
267533,2016-04-02,Barcelona,Real Madrid,La Liga,2015/2016,ce21f0ab-a7f4-446a-b6fa-4cd7a2dbb978,1200,1,00:31:08.647000,31,8,Carry,Real Madrid,Gareth Frank Bale,Right Wing,54,Real Madrid,69.6,75.3,2.7034,True,,,,,,,,,,59.0,75.3,,,,,,,,,,,,,
267533,2016-04-02,Barcelona,Real Madrid,La Liga,2015/2016,cf38f289-c600-4caa-892b-adbd2d87c889,1201,1,00:31:11.350000,31,11,Pass,Real Madrid,Gareth Frank Bale,Right Wing,54,Real Madrid,59.0,75.3,0.772721,,,,Luka Modrić,51.8,63.3,13.994285,-2.1112158,Ground Pass,,,,,,,,,,,,,,,,
267533,2016-04-02,Barcelona,Real Madrid,La Liga,2015/2016,84605a0e-4c29-40e6-bd51-2b79ee6ae687,1202,1,00:31:12.123000,31,12,Ball Receipt*,Real Madrid,Luka Modrić,Right Center Midfield,54,Real Madrid,51.8,63.3,,,,,,,,,,,,,,,,,,,,,,,,,,
267533,2016-04-02,Barcelona,Real Madrid,La Liga,2015/2016,50570a92-969e-44be-af5e-a56b4a040c76,1203,1,00:31:12.123000,31,12,Carry,Real Madrid,Luka Modrić,Right Center Midfield,54,Real Madrid,51.8,63.3,0.036379,,,,,,,,,,,51.8,63.7,,,,,,,,,,,,,
267533,2016-04-02,Barcelona,Real Madrid,La Liga,2015/2016,d78ac62b-2c2e-4229-bb09-13975072d1d2,1204,1,00:31:12.159000,31,12,Pass,Real Madrid,Luka Modrić,Right Center Midfield,54,Real Madrid,51.8,63.7,1.25209,,,,Gareth Frank Bale,56.9,73.2,10.782393,1.0781113,Ground Pass,,,,,,,,,,,,,,,,
267533,2016-04-02,Barcelona,Real Madrid,La Liga,2015/2016,89ead7c3-705b-4b1a-a920-cc533538ed3d,1205,1,00:31:13.411000,31,13,Ball Receipt*,Real Madrid,Gareth Frank Bale,Right Wing,54,Real Madrid,56.9,73.2,,,,,,,,,,,,,,,,,,,,,,,,,,
267533,2016-04-02,Barcelona,Real Madrid,La Liga,2015/2016,b4110ab6-ce1f-442d-99e4-ade6bb017d01,1206,1,00:31:13.411000,31,13,Carry,Real Madrid,Gareth Frank Bale,Right Wing,54,Real Madrid,56.9,73.2,0.599484,,,,,,,,,,,56.9,73.2,,,,,,,,,,,,,
267533,2016-04-02,Barcelona,Real Madrid,La Liga,2015/2016,8f7d42f1-ae41-497a-80e5-9ab78b23c5c2,1207,1,00:31:14.011000,31,14,Pass,Real Madrid,Gareth Frank Bale,Right Wing,54,Real Madrid,56.9,73.2,0.898729,,,,Daniel Carvajal Ramos,70.6,77.0,14.217243,0.27057034,Ground Pass,,,,,,,,,,,,,,,,
267533,2016-04-02,Barcelona,Real Madrid,La Liga,2015/2016,c290e23d-61ce-4ebb-9514-226c2050942d,1208,1,00:31:14.910000,31,14,Ball Receipt*,Real Madrid,Daniel Carvajal Ramos,Right Back,54,Real Madrid,70.6,77.0,,,,,,,,,,,,,,,,,,,,,,,,,,
267533,2016-04-02,Barcelona,Real Madrid,La Liga,2015/2016,1b8b447c-861b-4c29-914d-df9d34dab3f6,1209,1,00:31:14.910000,31,14,Carry,Real Madrid,Daniel Carvajal Ramos,Right Back,54,Real Madrid,70.6,77.0,1.688152,,,,,,,,,,,70.6,77.0,,,,,,,,,,,,,
267533,2016-04-02,Barcelona,Real Madrid,La Liga,2015/2016,c2fb9a19-06af-4545-8f1a-d52d74597bcb,1210,1,00:31:16.598000,31,16,Pass,Real Madrid,Daniel Carvajal Ramos,Right Back,54,Real Madrid,70.6,77.0,0.928345,,,,Karim Benzema,75.2,60.9,16.744253,-1.2924967,Low Pass,,,,,,,,,,,,,,,,
267533,2016-04-02,Barcelona,Real Madrid,La Liga,2015/2016,b0944721-2bcc-4af8-8ede-0fa2c5f06aff,1211,1,00:31:17.526000,31,17,Ball Receipt*,Real Madrid,Karim Benzema,Center Forward,54,Real Madrid,75.2,60.9,,,,,,,,,,,,,,,,,,,,,,,,,,
267533,2016-04-02,Barcelona,Real Madrid,La Liga,2015/2016,9bb85651-de04-4ca1-8d90-3832141e97e1,1212,1,00:31:17.526000,31,17,Carry,Real Madrid,Karim Benzema,Center Forward,54,Real Madrid,75.2,60.9,0.0317,,,,,,,,,,,75.2,60.9,,,,,,,,,,,,,
267533,2016-04-02,Barcelona,Real Madrid,La Liga,2015/2016,0be738ff-2ae4-4b9b-a36d-72bca53f5905,1213,1,00:31:17.558000,31,17,Pass,Real Madrid,Karim Benzema,Center Forward,54,Real Madrid,75.2,60.9,0.96815,,,,Luka Modrić,75.5,65.0,4.110961,1.4977558,Low Pass,Incomplete,,,,,,,,,,,,,,,
267533,2016-04-02,Barcelona,Real Madrid,La Liga,2015/2016,8819a9bb-f2c6-49f4-af98-d5a644e1ee5e,1214,1,00:31:18.526000,31,18,Ball Receipt*,Real Madrid,Luka Modrić,Right Center Midfield,54,Real Madrid,73.5,68.5,,,,,,,,,,,,,,,,,,,,,,,,,,
267533,2016-04-02,Barcelona,Real Madrid,La Liga,2015/2016,fcbdd6cb-91e7-4446-9edc-f2873974b6bd,1215,1,00:31:18.526000,31,18,Ball Recovery,Barcelona,Sergio Busquets i Burgos,Center Defensive Midfield,54,Real Madrid,44.6,15.1,0.0,,,,,,,,,,,,,,,,,,,,,,,,,
267533,2016-04-02,Barcelona,Real Madrid,La Liga,2015/2016,f8e70bfa-4f11-4fc1-b2ea-e255abeace92,1216,1,00:31:18.526000,31,18,Carry,Barcelona,Sergio Busquets i Burgos,Center Defensive Midfield,54,Real Madrid,44.6,15.1,2.21535,True,,,,,,,,,,47.1,22.4,,,,,,,,,,,,,
267533,2016-04-02,Barcelona,Real Madrid,La Liga,2015/2016,d1ad6da2-233b-4b33-a80f-3ac3c932d188,1217,1,00:31:20.238000,31,20,Pressure,Real Madrid,Karim Benzema,Center Forward,54,Real Madrid,72.3,57.3,0.599604,,,,,,,,,,,,,,,,,,,,,,,,,
267533,2016-04-02,Barcelona,Real Madrid,La Liga,2015/2016,36e945fc-6cc7-4e7d-b4cb-f9cae3c65011,1218,1,00:31:20.741000,31,20,Pass,Barcelona,Sergio Busquets i Burgos,Center Defensive Midfield,54,Real Madrid,47.1,22.4,2.1634,True,,,Gerard Piqué Bernabéu,43.9,34.7,12.709445,1.8253167,Ground Pass,,,,,,,,,,,,,,,,
267533,2016-04-02,Barcelona,Real Madrid,La Liga,2015/2016,a1f2fc32-6e10-48bd-91e4-703360f19f14,1219,1,00:31:22.905000,31,22,Ball Receipt*,Barcelona,Gerard Piqué Bernabéu,Right Center Back,54,Real Madrid,43.9,34.7,,,,,,,,,,,,,,,,,,,,,,,,,,
267533,2016-04-02,Barcelona,Real Madrid,La Liga,2015/2016,09b6139b-a962-48be-a4b5-aec4dee937fb,1220,1,00:31:22.905000,31,22,Carry,Barcelona,Gerard Piqué Bernabéu,Right Center Back,54,Real Madrid,43.9,34.7,1.205853,,,,,,,,,,,47.6,39.2,,,,,,,,,,,,,
267533,2016-04-02,Barcelona,Real Madrid,La Liga,2015/2016,6c097be1-9cf9-4136-8b7e-dfbf5c84e5b7,1221,1,00:31:24.111000,31,24,Pass,Barcelona,Gerard Piqué Bernabéu,Right Center Back,54,Real Madrid,47.6,39.2,5.265947,,,,Neymar da Silva Santos Junior,119.7,10.6,77.56526,-0.3776335,High Pass,Out,,,,,,,,,,,,,,,
267533,2016-04-02,Barcelona,Real Madrid,La Liga,2015/2016,c2fe1b66-a1e1-43a1-960d-7099420f43af,1222,1,00:31:29.377000,31,29,Ball Receipt*,Barcelona,Neymar da Silva Santos Junior,Left Wing,54,Real Madrid,90.8,17.5,,,,,,,,,,,,,,,,,,,,,,,,,,
267533,2016-04-02,Barcelona,Real Madrid,La Liga,2015/2016,84aac7a5-c861-455b-a821-7075e0d12221,1223,1,00:31:34.973000,31,34,Pass,Real Madrid,Keylor Navas Gamboa,Goalkeeper,55,Real Madrid,7.0,44.1,3.159997,,,,Sergio Ramos García,26.3,17.5,32.864113,-0.94311863,Ground Pass,,,,,,,,,,,,,,,,
267533,2016-04-02,Barcelona,Real Madrid,La Liga,2015/2016,4b1673c0-18ce-4b55-bcfa-ed764664a4bd,1224,1,00:31:38.133000,31,38,Ball Receipt*,Real Madrid,Sergio Ramos García,Left Center Back,55,Real Madrid,26.3,17.5,,,,,,,,,,,,,,,,,,,,,,,,,,
267533,2016-04-02,Barcelona,Real Madrid,La Liga,2015/2016,b5bb5cc4-30a8-4094-af17-14dec1a278f4,1225,1,00:31:38.133000,31,38,Pass,Real Madrid,Sergio Ramos García,Left Center Back,55,Real Madrid,27.2,15.7,0.846958,,,,Marcelo Vieira da Silva Júnior,35.2,5.2,13.200378,-0.9197196,Ground Pass,,,,,,,,,,,,,,,,
267533,2016-04-02,Barcelona,Real Madrid,La Liga,2015/2016,571a900a-b726-4097-b760-553729419f5e,1226,1,00:31:38.980000,31,38,Ball Receipt*,Real Madrid,Marcelo Vieira da Silva Júnior,Left Back,55,Real Madrid,35.2,5.2,,,,,,,,,,,,,,,,,,,,,,,,,,
267533,2016-04-02,Barcelona,Real Madrid,La Liga,2015/2016,249ee78a-2b74-4481-ac50-ac54f1e08823,1227,1,00:31:38.980000,31,38,Carry,Real Madrid,Marcelo Vieira da Silva Júnior,Left Back,55,Real Madrid,35.2,5.2,0.945942,,,,,,,,,,,35.5,4.0,,,,,,,,,,,,,
267533,2016-04-02,Barcelona,Real Madrid,La Liga,2015/2016,2d02c785-c06e-46fa-9559-dd599e6d7315,1228,1,00:31:39.926000,31,39,Pass,Real Madrid,Marcelo Vieira da Silva Júnior,Left Back,55,Real Madrid,35.5,4.0,1.1643,,,,Cristiano Ronaldo dos Santos Aveiro,50.0,7.5,14.916434,0.23684876,Low Pass,,,,,,,,,,,,,,,,
267533,2016-04-02,Barcelona,Real Madrid,La Liga,2015/2016,b80fd958-58dd-4d65-8dbb-ffa30c41450c,1229,1,00:31:41.090000,31,41,Ball Receipt*,Real Madrid,Cristiano Ronaldo dos Santos Aveiro,Left Wing,55,Real Madrid,50.0,7.5,,,,,,,,,,,,,,,,,,,,,,,,,,
267533,2016-04-02,Barcelona,Real Madrid,La Liga,2015/2016,c3b643a9-93c8-424e-af21-ac4dbb994e28,1230,1,00:31:41.090000,31,41,Carry,Real Madrid,Cristiano Ronaldo dos Santos Aveiro,Left Wing,55,Real Madrid,50.0,7.5,0.8696,True,,,,,,,,,,48.6,9.5,,,,,,,,,,,,,
267533,2016-04-02,Barcelona,Real Madrid,La Liga,2015/2016,ebf7a1c7-c4f7-4c53-b0c3-635fbacea467,1231,1,00:31:41.141000,31,41,Pressure,Barcelona,Daniel Alves da Silva,Right Back,55,Real Madrid,67.5,72.7,1.341126,,,,,,,,,,,,,,,,,,,,,,,,,
267533,2016-04-02,Barcelona,Real Madrid,La Liga,2015/2016,2c60cba5-77fe-4cf1-80a3-7c5b86bf86be,1232,1,00:31:41.960000,31,41,Pass,Real Madrid,Cristiano Ronaldo dos Santos Aveiro,Left Wing,55,Real Madrid,48.6,9.5,0.5749,True,,,Toni Kroos,43.1,13.2,6.6287255,2.549406,Ground Pass,Incomplete,,,,,,,,,,,,,,,
267533,2016-04-02,Barcelona,Real Madrid,La Liga,2015/2016,9e64fe20-5f98-495c-9f96-9d42da7ed335,1233,1,00:31:42.535000,31,42,Ball Receipt*,Real Madrid,Toni Kroos,Left Center Midfield,55,Real Madrid,38.5,17.3,,,,,,,,,,,,,,,,,,,,,,,,,,
267533,2016-04-02,Barcelona,Real Madrid,La Liga,2015/2016,636974ad-1ad8-4aaf-b98b-e21c60ae0026,1234,1,00:31:42.535000,31,42,Pass,Barcelona,Sergio Busquets i Burgos,Center Defensive Midfield,56,Barcelona,77.0,66.9,1.241988,,,,Lionel Andrés Messi Cuccittini,84.0,72.7,9.090654,0.69192135,Low Pass,,,,,,,,,,,,,,,,
267533,2016-04-02,Barcelona,Real Madrid,La Liga,2015/2016,69dc211a-1106-412c-b480-83eb5ed220fe,1235,1,00:31:43.777000,31,43,Ball Receipt*,Barcelona,Lionel Andrés Messi Cuccittini,Center Forward,56,Barcelona,84.0,72.7,,,,,,,,,,,,,,,,,,,,,,,,,,
267533,2016-04-02,Barcelona,Real Madrid,La Liga,2015/2016,4b3002df-2da8-4ef3-813d-0c1d403bfe30,1236,1,00:31:43.777000,31,43,Carry,Barcelona,Lionel Andrés Messi Cuccittini,Center Forward,56,Barcelona,84.0,72.7,1.375412,,,,,,,,,,,82.5,71.7,,,,,,,,,,,,,
267533,2016-04-02,Barcelona,Real Madrid,La Liga,2015/2016,0aaa334a-6491-4ccb-adac-d6bdad3fa3c3,1237,1,00:31:45.152000,31,45,Pass,Barcelona,Lionel Andrés Messi Cuccittini,Center Forward,56,Barcelona,82.5,71.7,0.924193,,,,Ivan Rakitić,73.1,70.6,9.464143,-3.0251012,Ground Pass,,,,,,,,,,,,,,,,
267533,2016-04-02,Barcelona,Real Madrid,La Liga,2015/2016,e029acd3-cf68-4cca-beb3-df0e1b314cc1,1238,1,00:31:46.076000,31,46,Ball Receipt*,Barcelona,Ivan Rakitić,Right Center Midfield,56,Barcelona,73.1,70.6,,,,,,,,,,,,,,,,,,,,,,,,,,
267533,2016-04-02,Barcelona,Real Madrid,La Liga,2015/2016,7afd6f3e-74f3-4a9c-84a0-51a7969e12ed,1239,1,00:31:46.076000,31,46,Carry,Barcelona,Ivan Rakitić,Right Center Midfield,56,Barcelona,73.1,70.6,0.421248,,,,,,,,,,,72.5,69.7,,,,,,,,,,,,,
267533,2016-04-02,Barcelona,Real Madrid,La Liga,2015/2016,519bef80-8510-4906-8e49-6aa362b987c6,1240,1,00:31:46.498000,31,46,Pass,Barcelona,Ivan Rakitić,Right Center Midfield,56,Barcelona,72.5,69.7,0.657923,,,,Daniel Alves da Silva,72.5,62.0,7.7,-1.5707964,Ground Pass,,,,,,,,,,,,,,,,
267533,2016-04-02,Barcelona,Real Madrid,La Liga,2015/2016,1861930b-ec46-41a5-9a4d-c603282ea2fc,1241,1,00:31:47.155000,31,47,Ball Receipt*,Barcelona,Daniel Alves da Silva,Right Back,56,Barcelona,72.5,62.0,,,,,,,,,,,,,,,,,,,,,,,,,,
267533,2016-04-02,Barcelona,Real Madrid,La Liga,2015/2016,272e9ee7-d6d5-4f41-8829-55653f427470,1242,1,00:31:47.155000,31,47,Carry,Barcelona,Daniel Alves da Silva,Right Back,56,Barcelona,72.5,62.0,0.080036,,,,,,,,,,,72.5,62.0,,,,,,,,,,,,,
267533,2016-04-02,Barcelona,Real Madrid,La Liga,2015/2016,92548893-cce6-4686-830d-02d5da35f609,1243,1,00:31:47.236000,31,47,Pass,Barcelona,Daniel Alves da Silva,Right Back,56,Barcelona,72.5,62.0,0.76281,,,,Lionel Andrés Messi Cuccittini,75.9,75.5,13.921566,1.3240755,Ground Pass,,,,,,,,,,,,,,,,
267533,2016-04-02,Barcelona,Real Madrid,La Liga,2015/2016,6ccf2919-e389-4d56-8014-6a0c72c64d90,1244,1,00:31:47.998000,31,47,Ball Receipt*,Barcelona,Lionel Andrés Messi Cuccittini,Center Forward,56,Barcelona,75.9,75.5,,,,,,,,,,,,,,,,,,,,,,,,,,
267533,2016-04-02,Barcelona,Real Madrid,La Liga,2015/2016,4e8dbde5-d585-4610-a44f-138857383601,1245,1,00:31:47.998000,31,47,Carry,Barcelona,Lionel Andrés Messi Cuccittini,Center Forward,56,Barcelona,75.9,75.5,3.22089,,,,,,,,,,,75.7,75.1,,,,,,,,,,,,,
267533,2016-04-02,Barcelona,Real Madrid,La Liga,2015/2016,e8cbad11-4695-4561-a62f-42b4d6ab8b25,1246,1,00:31:51.219000,31,51,Pass,Barcelona,Lionel Andrés Messi Cuccittini,Center Forward,56,Barcelona,75.7,75.1,0.502773,,,,Daniel Alves da Silva,70.7,61.6,14.39618,-1.925502,Ground Pass,,,,,,,,,,,,,,,,
267533,2016-04-02,Barcelona,Real Madrid,La Liga,2015/2016,c4b508c8-ea86-47de-9365-d372a3ffd659,1247,1,00:31:51.722000,31,51,Ball Receipt*,Barcelona,Daniel Alves da Silva,Right Back,56,Barcelona,70.7,61.6,,,,,,,,,,,,,,,,,,,,,,,,,,
267533,2016-04-02,Barcelona,Real Madrid,La Liga,2015/2016,8234d44e-c94a-4d82-b980-a13e5add69c2,1248,1,00:31:51.722000,31,51,Carry,Barcelona,Daniel Alves da Silva,Right Back,56,Barcelona,70.7,61.6,0.763058,,,,,,,,,,,71.2,60.0,,,,,,,,,,,,,
267533,2016-04-02,Barcelona,Real Madrid,La Liga,2015/2016,ec11b0fa-98e9-4f4e-bb23-6bd757a18a64,1249,1,00:31:52.485000,31,52,Pass,Barcelona,Daniel Alves da Silva,Right Back,56,Barcelona,71.2,60.0,0.724767,,,,Sergio Busquets i Burgos,78.1,61.6,7.0830784,0.22785705,Ground Pass,,,,,,,,,,,,,,,,
267533,2016-04-02,Barcelona,Real Madrid,La Liga,2015/2016,554661e2-91f3-45fa-bcba-efba9cb088bf,1250,1,00:31:53.210000,31,53,Ball Receipt*,Barcelona,Sergio Busquets i Burgos,Center Defensive Midfield,56,Barcelona,78.1,61.6,,,,,,,,,,,,,,,,,,,,,,,,,,
267533,2016-04-02,Barcelona,Real Madrid,La Liga,2015/2016,5f0dbaec-da99-407a-b799-84bfecf9eb33,1251,1,00:31:53.210000,31,53,Carry,Barcelona,Sergio Busquets i Burgos,Center Defensive Midfield,56,Barcelona,78.1,61.6,0.040002,,,,,,,,,,,78.1,61.6,,,,,,,,,,,,,
267533,2016-04-02,Barcelona,Real Madrid,La Liga,2015/2016,cf494906-f188-480e-96f2-307988e30f8f,1252,1,00:31:53.250000,31,53,Pass,Barcelona,Sergio Busquets i Burgos,Center Defensive Midfield,56,Barcelona,78.1,61.6,0.5925,,,,Daniel Alves da Silva,71.1,60.0,7.180529,-2.9168816,Ground Pass,,,,,,,,,,,,,,,,
267533,2016-04-02,Barcelona,Real Madrid,La Liga,2015/2016,16221892-93dd-4e70-815d-7dd56e23d9d8,1253,1,00:31:53.842000,31,53,Ball Receipt*,Barcelona,Daniel Alves da Silva,Right Back,56,Barcelona,71.1,60.0,,,,,,,,,,,,,,,,,,,,,,,,,,
267533,2016-04-02,Barcelona,Real Madrid,La Liga,2015/2016,0a6b3217-8220-4f99-a7de-106869924956,1254,1,00:31:53.842000,31,53,Carry,Barcelona,Daniel Alves da Silva,Right Back,56,Barcelona,71.1,60.0,0.8477,,,,,,,,,,,69.9,60.0,,,,,,,,,,,,,
267533,2016-04-02,Barcelona,Real Madrid,La Liga,2015/2016,dbd7b0bc-9850-46e5-90bc-887626851048,1255,1,00:31:54.690000,31,54,Pass,Barcelona,Daniel Alves da Silva,Right Back,56,Barcelona,69.9,60.0,0.821,,,,Lionel Andrés Messi Cuccittini,70.1,72.0,12.001667,1.5541312,Ground Pass,,,,,,,,,,,,,,,,
267533,2016-04-02,Barcelona,Real Madrid,La Liga,2015/2016,2498c0a3-cd32-4230-b830-2266496bd7a5,1256,1,00:31:55.511000,31,55,Ball Receipt*,Barcelona,Lionel Andrés Messi Cuccittini,Center Forward,56,Barcelona,70.1,72.0,,,,,,,,,,,,,,,,,,,,,,,,,,
267533,2016-04-02,Barcelona,Real Madrid,La Liga,2015/2016,8fc1cc40-2656-4471-8efe-fdf19d74acac,1257,1,00:31:55.511000,31,55,Carry,Barcelona,Lionel Andrés Messi Cuccittini,Center Forward,56,Barcelona,70.1,72.0,1.3027,,,,,,,,,,,70.9,73.5,,,,,,,,,,,,,
267533,2016-04-02,Barcelona,Real Madrid,La Liga,2015/2016,4c369bde-215a-4f42-b497-91a554cd6513,1258,1,00:31:56.814000,31,56,Pass,Barcelona,Lionel Andrés Messi Cuccittini,Center Forward,56,Barcelona,70.9,73.5,1.5576,,,,Gerard Piqué Bernabéu,51.9,55.2,26.379726,-2.374959,Ground Pass,,,,,,,,,,,,,,,,
267533,2016-04-02,Barcelona,Real Madrid,La Liga,2015/2016,c338770f-3fb4-4127-8b66-65e98a7e5edb,1259,1,00:31:58.371000,31,58,Ball Receipt*,Barcelona,Gerard Piqué Bernabéu,Right Center Back,56,Barcelona,51.9,55.2,,,,,,,,,,,,,,,,,,,,,,,,,,
267533,2016-04-02,Barcelona,Real Madrid,La Liga,2015/2016,1fb29612-0e1f-4f6c-9b2b-c5219a522498,1260,1,00:31:58.371000,31,58,Carry,Barcelona,Gerard Piqué Bernabéu,Right Center Back,56,Barcelona,51.9,55.2,1.3831,,,,,,,,,,,52.9,49.0,,,,,,,,,,,,,
267533,2016-04-02,Barcelona,Real Madrid,La Liga,2015/2016,bf8cdfc9-b82c-4690-8dc1-104351beb38b,1261,1,00:31:59.754000,31,59,Pass,Barcelona,Gerard Piqué Bernabéu,Right Center Back,56,Barcelona,52.9,49.0,1.8509,,,,Andrés Iniesta Luján,58.0,21.2,28.263935,-1.3893605,Ground Pass,,,,,,,,,,,,,,,,
267533,2016-04-02,Barcelona,Real Madrid,La Liga,2015/2016,6f356ec9-c622-4044-a466-acb47ba78d02,1262,1,00:32:01.605000,32,1,Ball Receipt*,Barcelona,Andrés Iniesta Luján,Left Center Midfield,56,Barcelona,58.0,21.2,,,,,,,,,,,,,,,,,,,,,,,,,,
267533,2016-04-02,Barcelona,Real Madrid,La Liga,2015/2016,cf04b9cf-c78a-4a0e-965b-4012e570bb96,1263,1,00:32:01.605000,32,1,Carry,Barcelona,Andrés Iniesta Luján,Left Center Midfield,56,Barcelona,58.0,21.2,1.572878,,,,,,,,,,,64.6,12.4,,,,,,,,,,,,,
267533,2016-04-02,Barcelona,Real Madrid,La Liga,2015/2016,39a2dca5-8e1e-488d-84e0-f22cb34dd3a6,1264,1,00:32:03.178000,32,3,Pass,Barcelona,Andrés Iniesta Luján,Left Center Midfield,56,Barcelona,64.6,12.4,1.283922,,,,Jordi Alba Ramos,77.7,2.8,16.240997,-0.6324178,Ground Pass,,,,,,,,,,,,,,,,
267533,2016-04-02,Barcelona,Real Madrid,La Liga,2015/2016,0a5b1565-1d50-429b-9e81-10c054d5479e,1265,1,00:32:04.462000,32,4,Ball Receipt*,Barcelona,Jordi Alba Ramos,Left Back,56,Barcelona,77.7,2.8,,,,,,,,,,,,,,,,,,,,,,,,,,
267533,2016-04-02,Barcelona,Real Madrid,La Liga,2015/2016,c27d1b40-3e5c-4cbb-94a7-6080c35d46a3,1266,1,00:32:04.462000,32,4,Carry,Barcelona,Jordi Alba Ramos,Left Back,56,Barcelona,77.7,2.8,0.8741,,,,,,,,,,,77.7,2.8,,,,,,,,,,,,,
267533,2016-04-02,Barcelona,Real Madrid,La Liga,2015/2016,ef73aa07-e8d9-41a5-a107-2377086d71a8,1267,1,00:32:05.336000,32,5,Pass,Barcelona,Jordi Alba Ramos,Left Back,56,Barcelona,77.7,2.8,0.7752,,,,Neymar da Silva Santos Junior,82.5,13.7,11.91008,1.155982,Ground Pass,Incomplete,,,,,,,,,,,,,,,
267533,2016-04-02,Barcelona,Real Madrid,La Liga,2015/2016,8a82b31e-8029-4f79-8d26-99fbaed93c26,1268,1,00:32:06.111000,32,6,Ball Receipt*,Barcelona,Neymar da Silva Santos Junior,Left Wing,56,Barcelona,83.2,15.8,,,,,,,,,,,,,,,,,,,,,,,,,,
267533,2016-04-02,Barcelona,Real Madrid,La Liga,2015/2016,891ea0be-651e-492f-abc8-9f7a030ce92a,1269,1,00:32:06.111000,32,6,Interception,Real Madrid,Daniel Carvajal Ramos,Right Back,56,Barcelona,37.6,66.4,0.0,,,,,,,,,,,,,,,,,,,,,,,,,
267533,2016-04-02,Barcelona,Real Madrid,La Liga,2015/2016,ac70c133-e317-48d7-b52f-f8cf425bf90b,1270,1,00:32:06.111000,32,6,Carry,Real Madrid,Daniel Carvajal Ramos,Right Back,56,Barcelona,37.6,66.4,1.4906,True,,,,,,,,,,39.0,72.1,,,,,,,,,,,,,
267533,2016-04-02,Barcelona,Real Madrid,La Liga,2015/2016,2f1331dd-c07a-4f7c-a1c0-3789d52ce7aa,1271,1,00:32:06.601000,32,6,Pressure,Barcelona,Neymar da Silva Santos Junior,Left Wing,56,Barcelona,82.1,7.5,0.690671,,,,,,,,,,,,,,,,,,,,,,,,,
267533,2016-04-02,Barcelona,Real Madrid,La Liga,2015/2016,0f698483-8ca1-4dbe-961a-2e47fb0e4add,1272,1,00:32:07.060000,32,7,Pressure,Barcelona,Jordi Alba Ramos,Left Back,56,Barcelona,80.8,8.0,1.037067,,,,,,,,,,,,,,,,,,,,,,,,,
267533,2016-04-02,Barcelona,Real Madrid,La Liga,2015/2016,527dffbf-0ccb-4787-9ca9-8bc2f67b42c8,1273,1,00:32:07.602000,32,7,Dribbled Past,Barcelona,Jordi Alba Ramos,Left Back,56,Barcelona,81.1,8.0,0.0,,,,,,,,,,,,,,,,,,,,,,,,,
267533,2016-04-02,Barcelona,Real Madrid,La Liga,2015/2016,7ae600e5-df68-4f1a-8eb6-7b1982748ebc,1274,1,00:32:07.602000,32,7,Dribble,Real Madrid,Daniel Carvajal Ramos,Right Back,56,Barcelona,39.0,72.1,0.0,True,,,,,,,,,,,,,,,,,,,,,,,,
267533,2016-04-02,Barcelona,Real Madrid,La Liga,2015/2016,01302f76-2745-434a-a9ec-7cb1fda82da4,1275,1,00:32:07.602000,32,7,Carry,Real Madrid,Daniel Carvajal Ramos,Right Back,56,Barcelona,39.0,72.1,5.4952,True,,,,,,,,,,66.9,51.9,,,,,,,,,,,,,
267533,2016-04-02,Barcelona,Real Madrid,La Liga,2015/2016,01df5cfc-24df-460b-b32d-441bea5f996e,1276,1,00:32:08.398000,32,8,Pressure,Barcelona,Jordi Alba Ramos,Left Back,56,Barcelona,77.8,6.2,2.010623,,,,,,,,,,,,,,,,,,,,,,,,,
267533,2016-04-02,Barcelona,Real Madrid,La Liga,2015/2016,4b2d8bb0-1fbe-4146-a10a-d7de0cfcea59,1277,1,00:32:13.097000,32,13,Pass,Real Madrid,Daniel Carvajal Ramos,Right Back,56,Barcelona,66.9,51.9,1.3945,,,,Karim Benzema,85.2,54.2,18.44397,0.1250275,Ground Pass,Incomplete,,,,,,,,,,,,,,,
267533,2016-04-02,Barcelona,Real Madrid,La Liga,2015/2016,7ecf9dc0-418e-4c15-85aa-d90d64df1281,1278,1,00:32:14.492000,32,14,Ball Receipt*,Real Madrid,Karim Benzema,Center Forward,56,Barcelona,88.5,57.7,,,,,,,,,,,,,,,,,,,,,,,,,,
267533,2016-04-02,Barcelona,Real Madrid,La Liga,2015/2016,13eac01b-440e-40e9-8872-bb7270a42642,1279,1,00:32:14.492000,32,14,Pass,Barcelona,Javier Alejandro Mascherano,Left Center Back,56,Barcelona,34.9,25.9,0.7536,,,,Andrés Iniesta Luján,40.6,25.1,5.7558665,-0.13944006,Ground Pass,,,,,,,,,,,,,,,,
267533,2016-04-02,Barcelona,Real Madrid,La Liga,2015/2016,c0b10df6-0941-4777-8eb2-cc06e1f06048,1280,1,00:32:15.245000,32,15,Ball Receipt*,Barcelona,Andrés Iniesta Luján,Left Center Midfield,56,Barcelona,40.6,25.1,,,,,,,,,,,,,,,,,,,,,,,,,,
267533,2016-04-02,Barcelona,Real Madrid,La Liga,2015/2016,f18bdc78-98ad-498b-9295-738e72b3fbb0,1281,1,00:32:15.245000,32,15,Carry,Barcelona,Andrés Iniesta Luján,Left Center Midfield,56,Barcelona,40.6,25.1,0.04,,,,,,,,,,,40.6,25.1,,,,,,,,,,,,,
267533,2016-04-02,Barcelona,Real Madrid,La Liga,2015/2016,84b6e3e9-219f-4643-a30a-58bd7d88a445,1282,1,00:32:15.285000,32,15,Pass,Barcelona,Andrés Iniesta Luján,Left Center Midfield,56,Barcelona,40.6,25.1,0.929888,,,,Sergio Busquets i Burgos,44.0,20.2,5.964059,-0.9641912,Ground Pass,,,,,,,,,,,,,,,,
267533,2016-04-02,Barcelona,Real Madrid,La Liga,2015/2016,de7d4ca5-e177-4715-8d2b-09503b6b2e83,1283,1,00:32:16.215000,32,16,Ball Receipt*,Barcelona,Sergio Busquets i Burgos,Center Defensive Midfield,56,Barcelona,44.0,20.2,,,,,,,,,,,,,,,,,,,,,,,,,,
267533,2016-04-02,Barcelona,Real Madrid,La Liga,2015/2016,56db24d3-f9d4-4225-be44-fc4f28e6943f,1284,1,00:32:16.215000,32,16,Carry,Barcelona,Sergio Busquets i Burgos,Center Defensive Midfield,56,Barcelona,44.0,20.2,1.685941,,,,,,,,,,,49.5,19.6,,,,,,,,,,,,,
267533,2016-04-02,Barcelona,Real Madrid,La Liga,2015/2016,20c748d5-cbd5-4f46-8151-a4d78380631c,1285,1,00:32:17.901000,32,17,Pass,Barcelona,Sergio Busquets i Burgos,Center Defensive Midfield,56,Barcelona,49.5,19.6,1.164778,,,,Andrés Iniesta Luján,51.6,8.6,11.198661,-1.3821571,Ground Pass,,,,,,,,,,,,,,,,
267533,2016-04-02,Barcelona,Real Madrid,La Liga,2015/2016,a16dbc3d-929e-47e1-b889-ccd637651480,1286,1,00:32:19.066000,32,19,Ball Receipt*,Barcelona,Andrés Iniesta Luján,Left Center Midfield,56,Barcelona,51.6,8.6,,,,,,,,,,,,,,,,,,,,,,,,,,
267533,2016-04-02,Barcelona,Real Madrid,La Liga,2015/2016,32674de1-483c-4783-92fa-0e08951309cb,1287,1,00:32:19.066000,32,19,Carry,Barcelona,Andrés Iniesta Luján,Left Center Midfield,56,Barcelona,51.6,8.6,3.484893,True,,,,,,,,,,62.9,27.3,,,,,,,,,,,,,
267533,2016-04-02,Barcelona,Real Madrid,La Liga,2015/2016,b3044754-752d-4408-a693-e2657b5406c5,1288,1,00:32:21.847000,32,21,Pressure,Real Madrid,Carlos Henrique Casimiro,Center Defensive Midfield,56,Barcelona,52.4,52.2,0.701914,,,,,,,,,,,,,,,,,,,,,,,,,
267533,2016-04-02,Barcelona,Real Madrid,La Liga,2015/2016,738f81ee-76a1-45e7-b64d-048e4e416905,1289,1,00:32:22.551000,32,22,Pass,Barcelona,Andrés Iniesta Luján,Left Center Midfield,56,Barcelona,62.9,27.3,0.1693,,,,Luis Alberto Suárez Díaz,64.2,28.6,1.8384776,0.7853982,Ground Pass,Incomplete,,,,,,,,,,,,,,,
267533,2016-04-02,Barcelona,Real Madrid,La Liga,2015/2016,589e6629-2f15-409e-842b-4cd6ba845e35,1290,1,00:32:22.720000,32,22,Ball Receipt*,Barcelona,Luis Alberto Suárez Díaz,Right Wing,56,Barcelona,71.9,38.5,,,,,,,,,,,,,,,,,,,,,,,,,,
267533,2016-04-02,Barcelona,Real Madrid,La Liga,2015/2016,c673ed58-9baf-4531-8468-01815015489d,1291,1,00:32:22.720000,32,22,Block,Real Madrid,Carlos Henrique Casimiro,Center Defensive Midfield,56,Barcelona,55.9,51.5,0.0,,,,,,,,,,,,,,,,,,,,,,,,,
267533,2016-04-02,Barcelona,Real Madrid,La Liga,2015/2016,11768c87-b782-4dbc-a159-69c172f78be4,1292,1,00:32:24.074000,32,24,Ball Recovery,Real Madrid,Luka Modrić,Right Center Midfield,57,Real Madrid,53.0,45.7,0.0,,,,,,,,,,,,,,,,,,,,,,,,,
267533,2016-04-02,Barcelona,Real Madrid,La Liga,2015/2016,177db5dc-42e7-4648-b0f8-1f86ecd6b546,1293,1,00:32:24.074000,32,24,Carry,Real Madrid,Luka Modrić,Right Center Midfield,57,Real Madrid,53.0,45.7,2.751634,,,,,,,,,,,58.2,36.0,,,,,,,,,,,,,
267533,2016-04-02,Barcelona,Real Madrid,La Liga,2015/2016,05fc6a76-b31c-42b6-a915-7bd2cbb86fdd,1294,1,00:32:26.825000,32,26,Pass,Real Madrid,Luka Modrić,Right Center Midfield,57,Real Madrid,58.2,36.0,0.84857,,,,Marcelo Vieira da Silva Júnior,60.0,22.9,13.223085,-1.4342468,Ground Pass,,,,,,,,,,,,,,,,
267533,2016-04-02,Barcelona,Real Madrid,La Liga,2015/2016,8a526074-3ca9-469c-918a-0b7065674ac7,1295,1,00:32:27.674000,32,27,Ball Receipt*,Real Madrid,Marcelo Vieira da Silva Júnior,Left Back,57,Real Madrid,60.0,22.9,,,,,,,,,,,,,,,,,,,,,,,,,,
267533,2016-04-02,Barcelona,Real Madrid,La Liga,2015/2016,a47d8f55-bdd1-4ffb-a55a-ad620467faaf,1296,1,00:32:27.674000,32,27,Carry,Real Madrid,Marcelo Vieira da Silva Júnior,Left Back,57,Real Madrid,60.0,22.9,1.272996,,,,,,,,,,,70.7,22.3,,,,,,,,,,,,,
267533,2016-04-02,Barcelona,Real Madrid,La Liga,2015/2016,9cbf54be-2fc6-4fc3-9228-5cf077aa834d,1297,1,00:32:28.947000,32,28,Pass,Real Madrid,Marcelo Vieira da Silva Júnior,Left Back,57,Real Madrid,70.7,22.3,0.737,,,,Karim Benzema,78.9,25.4,8.766413,0.3614409,Ground Pass,,,,,,,,,,,,,,,,
267533,2016-04-02,Barcelona,Real Madrid,La Liga,2015/2016,47571679-26fb-4197-889b-8c9023c6b52c,1298,1,00:32:29.684000,32,29,Ball Receipt*,Real Madrid,Karim Benzema,Center Forward,57,Real Madrid,78.9,25.4,,,,,,,,,,,,,,,,,,,,,,,,,,
267533,2016-04-02,Barcelona,Real Madrid,La Liga,2015/2016,6e6c06bd-2379-4723-b652-773eab7fddb4,1299,1,00:32:29.684000,32,29,Carry,Real Madrid,Karim Benzema,Center Forward,57,Real Madrid,78.9,25.4,2.3389,True,,,,,,,,,,76.9,30.1,,,,,,,,,,,,,
267533,2016-04-02,Barcelona,Real Madrid,La Liga,2015/2016,9b3a89a2-446a-466c-8c30-18edd6cc7bef,1300,1,00:32:30.244000,32,30,Pressure,Barcelona,Ivan Rakitić,Right Center Midfield,57,Real Madrid,42.6,57.2,1.802078,,,,,,,,,,,,,,,,,,,,,,,,,
267533,2016-04-02,Barcelona,Real Madrid,La Liga,2015/2016,e4259c03-90c5-45e4-aa8c-4cfda1b7ee6b,1301,1,00:32:32.023000,32,32,Pass,Real Madrid,Karim Benzema,Center Forward,57,Real Madrid,76.9,30.1,3.8763,True,,,Gareth Frank Bale,105.4,77.3,55.137012,1.0275774,High Pass,,,,,,,,,,,,,,,,
267533,2016-04-02,Barcelona,Real Madrid,La Liga,2015/2016,7db397c0-64d6-41be-976b-7902c18d7c01,1302,1,00:32:35.899000,32,35,Ball Receipt*,Real Madrid,Gareth Frank Bale,Right Wing,57,Real Madrid,105.4,77.3,,,,,,,,,,,,,,,,,,,,,,,,,,
267533,2016-04-02,Barcelona,Real Madrid,La Liga,2015/2016,e8c58cda-5bbe-47cd-a0b9-8c558e56511a,1303,1,00:32:35.899000,32,35,Carry,Real Madrid,Gareth Frank Bale,Right Wing,57,Real Madrid,105.4,77.3,3.7182,,,,,,,,,,,114.5,73.9,,,,,,,,,,,,,
267533,2016-04-02,Barcelona,Real Madrid,La Liga,2015/2016,93fe9782-e895-4fde-b8f8-efb1a6ee36a2,1304,1,00:32:39.617000,32,39,Pass,Real Madrid,Gareth Frank Bale,Right Wing,57,Real Madrid,114.5,73.9,0.0922,,,,Karim Benzema,114.7,70.5,3.4058774,-1.5120405,High Pass,Incomplete,,,,,,,,,,,,,,,
267533,2016-04-02,Barcelona,Real Madrid,La Liga,2015/2016,070b8001-9de4-4d2c-b75a-11e7c40a914e,1305,1,00:32:39.710000,32,39,Ball Receipt*,Real Madrid,Karim Benzema,Center Forward,57,Real Madrid,110.7,38.4,,,,,,,,,,,,,,,,,,,,,,,,,,
267533,2016-04-02,Barcelona,Real Madrid,La Liga,2015/2016,9227f495-8bdc-4e7a-92fd-07c3ac15ea4b,1306,1,00:32:39.710000,32,39,Block,Barcelona,Jordi Alba Ramos,Left Back,57,Real Madrid,5.4,9.6,0.0,,,,,,,,,,,,,,,,,,,,,,,,,
267533,2016-04-02,Barcelona,Real Madrid,La Liga,2015/2016,c56a51ac-17c8-4c72-8820-a5bfd4693c02,1307,1,00:32:42.473000,32,42,Pass,Real Madrid,Carlos Henrique Casimiro,Center Defensive Midfield,57,Real Madrid,86.1,50.9,3.4438,,,,Marcelo Vieira da Silva Júnior,87.2,76.3,25.423807,1.5275162,High Pass,,,,,,,,,,,,,,,,
267533,2016-04-02,Barcelona,Real Madrid,La Liga,2015/2016,58d1d5f9-67c1-4b1c-9bfc-e5a27d10347a,1308,1,00:32:45.917000,32,45,Ball Receipt*,Real Madrid,Marcelo Vieira da Silva Júnior,Left Back,57,Real Madrid,87.2,76.3,,,,,,,,,,,,,,,,,,,,,,,,,,
267533,2016-04-02,Barcelona,Real Madrid,La Liga,2015/2016,eac7f0ea-77a2-4495-9ed3-d2587b66eefe,1309,1,00:32:45.917000,32,45,Carry,Real Madrid,Marcelo Vieira da Silva Júnior,Left Back,57,Real Madrid,87.2,76.3,1.2719,,,,,,,,,,,80.7,75.6,,,,,,,,,,,,,
267533,2016-04-02,Barcelona,Real Madrid,La Liga,2015/2016,cba1cfdc-93b3-413d-8f9a-84cfc5e1b3f4,1310,1,00:32:47.189000,32,47,Pass,Real Madrid,Marcelo Vieira da Silva Júnior,Left Back,57,Real Madrid,80.7,75.6,1.738,,,,Luka Modrić,92.6,56.7,22.334278,-1.0088748,Ground Pass,,,,,,,,,,,,,,,,
267533,2016-04-02,Barcelona,Real Madrid,La Liga,2015/2016,8780c021-bd34-4518-8f48-d07037ad5a11,1311,1,00:32:48.927000,32,48,Ball Receipt*,Real Madrid,Luka Modrić,Right Center Midfield,57,Real Madrid,92.6,56.7,,,,,,,,,,,,,,,,,,,,,,,,,,
267533,2016-04-02,Barcelona,Real Madrid,La Liga,2015/2016,53d90692-81ea-4383-96b6-1f2b4eb40c78,1312,1,00:32:48.927000,32,48,Carry,Real Madrid,Luka Modrić,Right Center Midfield,57,Real Madrid,92.6,56.7,2.6976,,,,,,,,,,,97.4,61.5,,,,,,,,,,,,,
267533,2016-04-02,Barcelona,Real Madrid,La Liga,2015/2016,ba515c5b-04fd-4728-a0c8-5375df5be795,1313,1,00:32:51.624000,32,51,Pass,Real Madrid,Luka Modrić,Right Center Midfield,57,Real Madrid,97.4,61.5,0.95628,,,,Gareth Frank Bale,100.7,76.8,15.651837,1.3583643,Ground Pass,,,,,,,,,,,,,,,,
267533,2016-04-02,Barcelona,Real Madrid,La Liga,2015/2016,1df52235-07d8-4c51-a18a-ca0505f141f0,1314,1,00:32:52.581000,32,52,Ball Receipt*,Real Madrid,Gareth Frank Bale,Right Wing,57,Real Madrid,100.7,76.8,,,,,,,,,,,,,,,,,,,,,,,,,,
267533,2016-04-02,Barcelona,Real Madrid,La Liga,2015/2016,3c32baa0-4327-48d9-9465-b9f860c9f14b,1315,1,00:32:52.581000,32,52,Carry,Real Madrid,Gareth Frank Bale,Right Wing,57,Real Madrid,100.7,76.8,0.596438,,,,,,,,,,,100.7,76.8,,,,,,,,,,,,,
267533,2016-04-02,Barcelona,Real Madrid,La Liga,2015/2016,d213636e-70f2-4712-8e00-3b9fb0d8596b,1316,1,00:32:53.177000,32,53,Pass,Real Madrid,Gareth Frank Bale,Right Wing,57,Real Madrid,100.7,76.8,1.023567,,,,Marcelo Vieira da Silva Júnior,91.4,66.4,13.951702,-2.3004148,Ground Pass,,,,,,,,,,,,,,,,
267533,2016-04-02,Barcelona,Real Madrid,La Liga,2015/2016,a7980ea0-e8c1-4c38-96c8-0fbeb83e271c,1317,1,00:32:54.201000,32,54,Ball Receipt*,Real Madrid,Marcelo Vieira da Silva Júnior,Left Back,57,Real Madrid,91.4,66.4,,,,,,,,,,,,,,,,,,,,,,,,,,
267533,2016-04-02,Barcelona,Real Madrid,La Liga,2015/2016,8da08b92-195c-4e8e-b259-8071e3159ead,1318,1,00:32:54.201000,32,54,Carry,Real Madrid,Marcelo Vieira da Silva Júnior,Left Back,57,Real Madrid,91.4,66.4,2.602215,,,,,,,,,,,90.8,61.3,,,,,,,,,,,,,
267533,2016-04-02,Barcelona,Real Madrid,La Liga,2015/2016,e1c08d5b-9033-4653-823a-8c14a55822fb,1319,1,00:32:56.803000,32,56,Pass,Real Madrid,Marcelo Vieira da Silva Júnior,Left Back,57,Real Madrid,90.8,61.3,0.0813,,,,Luka Modrić,93.4,60.1,2.8635643,-0.43240777,Ground Pass,Incomplete,,,,,,,,,,,,,,,
267533,2016-04-02,Barcelona,Real Madrid,La Liga,2015/2016,2564bd63-9cdc-4f6a-b3cc-43b7211c4209,1320,1,00:32:56.884000,32,56,Ball Receipt*,Real Madrid,Luka Modrić,Right Center Midfield,57,Real Madrid,100.6,56.0,,,,,,,,,,,,,,,,,,,,,,,,,,
267533,2016-04-02,Barcelona,Real Madrid,La Liga,2015/2016,136267e6-8927-45b1-90d6-a5c6243a86fb,1321,1,00:32:56.884000,32,56,Block,Barcelona,Sergio Busquets i Burgos,Center Defensive Midfield,57,Real Madrid,26.7,20.0,0.0,,,,,,,,,,,,,,,,,,,,,,,,,
267533,2016-04-02,Barcelona,Real Madrid,La Liga,2015/2016,fbc47ee9-8757-49dd-bbcc-220a14ecc2d5,1322,1,00:32:58.522000,32,58,Pass,Barcelona,Luis Alberto Suárez Díaz,Right Wing,58,Barcelona,35.4,34.7,0.605966,,,,Lionel Andrés Messi Cuccittini,37.7,42.4,8.036168,1.2805314,Ground Pass,,,,,,,,,,,,,,,,
267533,2016-04-02,Barcelona,Real Madrid,La Liga,2015/2016,0350c469-f4fb-4ffa-924e-a5cb9be3e036,1323,1,00:32:59.128000,32,59,Ball Receipt*,Barcelona,Lionel Andrés Messi Cuccittini,Center Forward,58,Barcelona,37.7,42.4,,,,,,,,,,,,,,,,,,,,,,,,,,
267533,2016-04-02,Barcelona,Real Madrid,La Liga,2015/2016,67e62533-7dec-4056-a6ca-e3cfe726277b,1324,1,00:32:59.128000,32,59,Carry,Barcelona,Lionel Andrés Messi Cuccittini,Center Forward,58,Barcelona,37.7,42.4,1.546773,,,,,,,,,,,43.9,44.8,,,,,,,,,,,,,
267533,2016-04-02,Barcelona,Real Madrid,La Liga,2015/2016,a6b9bde2-55ca-4ac2-a773-a98e25146fc1,1325,1,00:33:00.675000,33,0,Pass,Barcelona,Lionel Andrés Messi Cuccittini,Center Forward,58,Barcelona,43.9,44.8,4.582762,,,,Neymar da Silva Santos Junior,92.9,3.8,63.89053,-0.6967423,High Pass,,,,,,,,,,,,,,,,
267533,2016-04-02,Barcelona,Real Madrid,La Liga,2015/2016,9593cd18-a1b9-4619-adfb-d80819ca7a4c,1326,1,00:33:04.109000,33,4,Pressure,Real Madrid,Kléper Laveran Lima Ferreira,Right Center Back,58,Barcelona,31.1,67.3,2.70337,,,,,,,,,,,,,,,,,,,,,,,,,
267533,2016-04-02,Barcelona,Real Madrid,La Liga,2015/2016,b17bedba-4e3f-418c-93e1-6d2465d247b7,1327,1,00:33:05.258000,33,5,Ball Receipt*,Barcelona,Neymar da Silva Santos Junior,Left Wing,58,Barcelona,92.9,3.8,,True,,,,,,,,,,,,,,,,,,,,,,,,
267533,2016-04-02,Barcelona,Real Madrid,La Liga,2015/2016,d3a0dbd9-34b8-45bf-aaa1-c36e4851f7b1,1328,1,00:33:05.258000,33,5,Carry,Barcelona,Neymar da Silva Santos Junior,Left Wing,58,Barcelona,92.9,3.8,1.640418,True,,,,,,,,,,97.1,3.8,,,,,,,,,,,,,
267533,2016-04-02,Barcelona,Real Madrid,La Liga,2015/2016,ff81c5e9-6ea3-4d03-8e61-9e3133f5c636,1329,1,00:33:06.898000,33,6,Miscontrol,Barcelona,Neymar da Silva Santos Junior,Left Wing,58,Barcelona,97.1,3.8,0.0,,,,,,,,,,,,,,,,,,,,,,,,,
267533,2016-04-02,Barcelona,Real Madrid,La Liga,2015/2016,00b16267-7598-477e-a86d-b61da2da11fe,1330,1,00:33:08.217000,33,8,Ball Recovery,Real Madrid,Kléper Laveran Lima Ferreira,Right Center Back,59,Real Madrid,21.6,63.2,0.0,,,,,,,,,,,,,,,,,,,,,,,,,
267533,2016-04-02,Barcelona,Real Madrid,La Liga,2015/2016,7d4cf280-c908-4227-ab75-220448e7db46,1331,1,00:33:08.217000,33,8,Carry,Real Madrid,Kléper Laveran Lima Ferreira,Right Center Back,59,Real Madrid,21.6,63.2,1.5459,,,,,,,,,,,28.9,68.1,,,,,,,,,,,,,
267533,2016-04-02,Barcelona,Real Madrid,La Liga,2015/2016,9a71b4c9-1e50-41ce-b697-7b8715c98048,1332,1,00:33:09.762000,33,9,Pass,Real Madrid,Kléper Laveran Lima Ferreira,Right Center Back,59,Real Madrid,28.9,68.1,1.2108,,,,Luka Modrić,36.9,58.0,12.884487,-0.9009038,Ground Pass,,,,,,,,,,,,,,,,
267533,2016-04-02,Barcelona,Real Madrid,La Liga,2015/2016,b1c187f5-00e0-420d-a2fe-3f921739e87a,1333,1,00:33:10.973000,33,10,Ball Receipt*,Real Madrid,Luka Modrić,Right Center Midfield,59,Real Madrid,36.9,58.0,,,,,,,,,,,,,,,,,,,,,,,,,,
267533,2016-04-02,Barcelona,Real Madrid,La Liga,2015/2016,608f354c-ff43-4c48-9fd4-c8164cae5baa,1334,1,00:33:10.973000,33,10,Carry,Real Madrid,Luka Modrić,Right Center Midfield,59,Real Madrid,36.9,58.0,1.129,,,,,,,,,,,35.2,56.6,,,,,,,,,,,,,
267533,2016-04-02,Barcelona,Real Madrid,La Liga,2015/2016,dc5af438-5581-4c82-8cd7-39cd72676abd,1335,1,00:33:12.102000,33,12,Pass,Real Madrid,Luka Modrić,Right Center Midfield,59,Real Madrid,35.2,56.6,0.5935,,,,Carlos Henrique Casimiro,29.6,56.3,5.60803,-3.0880723,Ground Pass,,,,,,,,,,,,,,,,
267533,2016-04-02,Barcelona,Real Madrid,La Liga,2015/2016,17744cce-d8b5-4b48-bcce-cc02393d65f3,1336,1,00:33:12.696000,33,12,Ball Receipt*,Real Madrid,Carlos Henrique Casimiro,Center Defensive Midfield,59,Real Madrid,29.6,56.3,,,,,,,,,,,,,,,,,,,,,,,,,,
267533,2016-04-02,Barcelona,Real Madrid,La Liga,2015/2016,c51c8c88-e8df-4d4e-87a8-5fa546c28f44,1337,1,00:33:12.696000,33,12,Pass,Real Madrid,Carlos Henrique Casimiro,Center Defensive Midfield,59,Real Madrid,29.6,56.3,1.687912,,,,Marcelo Vieira da Silva Júnior,42.7,39.4,21.382704,-0.9113938,Ground Pass,,,,,,,,,,,,,,,,
267533,2016-04-02,Barcelona,Real Madrid,La Liga,2015/2016,3c085043-953e-4548-9e0e-5086ff868fc7,1338,1,00:33:14.384000,33,14,Ball Receipt*,Real Madrid,Marcelo Vieira da Silva Júnior,Left Back,59,Real Madrid,42.7,39.4,,,,,,,,,,,,,,,,,,,,,,,,,,
267533,2016-04-02,Barcelona,Real Madrid,La Liga,2015/2016,91592bd1-fedc-433e-9aa8-589dbcf65cea,1339,1,00:33:14.384000,33,14,Carry,Real Madrid,Marcelo Vieira da Silva Júnior,Left Back,59,Real Madrid,42.7,39.4,4.298288,,,,,,,,,,,70.6,28.3,,,,,,,,,,,,,
267533,2016-04-02,Barcelona,Real Madrid,La Liga,2015/2016,cf494365-85c5-4121-837a-6dbfd8fd6196,1340,1,00:33:18.682000,33,18,Pass,Real Madrid,Marcelo Vieira da Silva Júnior,Left Back,59,Real Madrid,70.6,28.3,1.415653,,,,Cristiano Ronaldo dos Santos Aveiro,85.5,8.5,24.780033,-0.925681,Ground Pass,,,,,,,,,,,,,,,,
267533,2016-04-02,Barcelona,Real Madrid,La Liga,2015/2016,8b51f3ca-bfe9-4ddc-a6c1-906bcaa16a1a,1341,1,00:33:20.098000,33,20,Ball Receipt*,Real Madrid,Cristiano Ronaldo dos Santos Aveiro,Left Wing,59,Real Madrid,85.5,8.5,,,,,,,,,,,,,,,,,,,,,,,,,,
267533,2016-04-02,Barcelona,Real Madrid,La Liga,2015/2016,882ebac0-c281-439a-bbcf-87c9fca11f5e,1342,1,00:33:20.098000,33,20,Carry,Real Madrid,Cristiano Ronaldo dos Santos Aveiro,Left Wing,59,Real Madrid,85.5,8.5,2.355202,True,,,,,,,,,,99.0,17.0,,,,,,,,,,,,,
267533,2016-04-02,Barcelona,Real Madrid,La Liga,2015/2016,b3667ae3-3f04-4cfe-88e9-0005dba1cf4c,1343,1,00:33:22.453000,33,22,Dribbled Past,Barcelona,Daniel Alves da Silva,Right Back,59,Real Madrid,21.1,63.1,0.0,,,,,,,,,,,,,,,,,,,,,,,,,
267533,2016-04-02,Barcelona,Real Madrid,La Liga,2015/2016,8847e2af-eca8-4297-b3e3-c447317831c5,1344,1,00:33:22.453000,33,22,Dribble,Real Madrid,Cristiano Ronaldo dos Santos Aveiro,Left Wing,59,Real Madrid,99.0,17.0,0.0,True,,,,,,,,,,,,,,,,,,,,,,,,
267533,2016-04-02,Barcelona,Real Madrid,La Liga,2015/2016,64acc8cb-fb30-4976-a333-e5da48d46459,1345,1,00:33:22.453000,33,22,Carry,Real Madrid,Cristiano Ronaldo dos Santos Aveiro,Left Wing,59,Real Madrid,99.0,17.0,1.701345,True,,,,,,,,,,112.0,18.4,,,,,,,,,,,,,
267533,2016-04-02,Barcelona,Real Madrid,La Liga,2015/2016,de32c4a7-3cbc-46c8-81f4-5df7c31d5a52,1346,1,00:33:24.154000,33,24,Pass,Real Madrid,Cristiano Ronaldo dos Santos Aveiro,Left Wing,59,Real Madrid,112.0,18.4,1.7501,,,,Gareth Frank Bale,104.4,39.4,22.332935,1.918037,Ground Pass,Incomplete,,,,,,,,,,,,,,,
267533,2016-04-02,Barcelona,Real Madrid,La Liga,2015/2016,4b1feabb-9f91-4e46-aa16-f9e75cb5d0aa,1347,1,00:33:25.904000,33,25,Ball Receipt*,Real Madrid,Gareth Frank Bale,Right Wing,59,Real Madrid,102.6,42.0,,,,,,,,,,,,,,,,,,,,,,,,,,
267533,2016-04-02,Barcelona,Real Madrid,La Liga,2015/2016,2a22a5a1-96a4-4b5a-8fdc-ca1ab36d8861,1348,1,00:33:25.904000,33,25,Pass,Barcelona,Jordi Alba Ramos,Left Back,60,Barcelona,15.7,40.7,0.778371,,,,Sergio Busquets i Burgos,15.3,53.3,12.606348,1.6025317,Low Pass,,,,,,,,,,,,,,,,
267533,2016-04-02,Barcelona,Real Madrid,La Liga,2015/2016,56c8efa9-3091-4d42-b7e5-4bf5f88b4893,1349,1,00:33:26.683000,33,26,Ball Receipt*,Barcelona,Sergio Busquets i Burgos,Center Defensive Midfield,60,Barcelona,15.3,53.3,,,,,,,,,,,,,,,,,,,,,,,,,,
267533,2016-04-02,Barcelona,Real Madrid,La Liga,2015/2016,71cce389-e42e-4f9b-ae2a-472a94a2380a,1350,1,00:33:26.683000,33,26,Carry,Barcelona,Sergio Busquets i Burgos,Center Defensive Midfield,60,Barcelona,15.3,53.3,0.894429,,,,,,,,,,,16.3,51.8,,,,,,,,,,,,,
267533,2016-04-02,Barcelona,Real Madrid,La Liga,2015/2016,f20b468b-e019-4daa-84b6-2864e6fd648d,1351,1,00:33:27.577000,33,27,Pass,Barcelona,Sergio Busquets i Burgos,Center Defensive Midfield,60,Barcelona,16.3,51.8,1.47456,,,,Andrés Iniesta Luján,20.1,30.6,21.537874,-1.3934345,High Pass,,,,,,,,,,,,,,,,
267533,2016-04-02,Barcelona,Real Madrid,La Liga,2015/2016,532ea1b6-4ef5-4a34-bd13-c703a7517c63,1352,1,00:33:29.052000,33,29,Ball Receipt*,Barcelona,Andrés Iniesta Luján,Left Center Midfield,60,Barcelona,20.1,30.6,,,,,,,,,,,,,,,,,,,,,,,,,,
267533,2016-04-02,Barcelona,Real Madrid,La Liga,2015/2016,17379fab-e338-4d30-a543-ea2f534ec9b5,1353,1,00:33:29.052000,33,29,Carry,Barcelona,Andrés Iniesta Luján,Left Center Midfield,60,Barcelona,20.1,30.6,7.42265,,,,,,,,,,,43.0,36.8,,,,,,,,,,,,,
267533,2016-04-02,Barcelona,Real Madrid,La Liga,2015/2016,1cf7d7fd-afce-4875-b079-cf39782eb313,1354,1,00:33:36.474000,33,36,Pass,Barcelona,Andrés Iniesta Luján,Left Center Midfield,60,Barcelona,43.0,36.8,1.63879,,,,Daniel Alves da Silva,50.0,66.2,30.221846,1.3370532,Ground Pass,,,,,,,,,,,,,,,,
267533,2016-04-02,Barcelona,Real Madrid,La Liga,2015/2016,ba3e44b4-00a3-4b74-ada2-3311d4c3df15,1355,1,00:33:38.113000,33,38,Ball Receipt*,Barcelona,Daniel Alves da Silva,Right Back,60,Barcelona,50.0,66.2,,,,,,,,,,,,,,,,,,,,,,,,,,
267533,2016-04-02,Barcelona,Real Madrid,La Liga,2015/2016,6a08932c-ff78-4d8a-a57f-a28c5333aca3,1356,1,00:33:38.113000,33,38,Carry,Barcelona,Daniel Alves da Silva,Right Back,60,Barcelona,50.0,66.2,1.166461,,,,,,,,,,,52.9,67.9,,,,,,,,,,,,,
267533,2016-04-02,Barcelona,Real Madrid,La Liga,2015/2016,41936c7a-6d55-4a21-9892-84e8a6d0f8ab,1357,1,00:33:39.279000,33,39,Pass,Barcelona,Daniel Alves da Silva,Right Back,60,Barcelona,52.9,67.9,1.308039,,,,Lionel Andrés Messi Cuccittini,56.4,57.5,10.973149,-1.246164,Ground Pass,,,,,,,,,,,,,,,,
267533,2016-04-02,Barcelona,Real Madrid,La Liga,2015/2016,cd19acce-e69c-44b5-a2d5-7d1bcbd3805d,1358,1,00:33:40.588000,33,40,Ball Receipt*,Barcelona,Lionel Andrés Messi Cuccittini,Center Forward,60,Barcelona,56.4,57.5,,,,,,,,,,,,,,,,,,,,,,,,,,
267533,2016-04-02,Barcelona,Real Madrid,La Liga,2015/2016,571b58c9-8e36-4609-827a-003e814ba0e2,1359,1,00:33:40.588000,33,40,Carry,Barcelona,Lionel Andrés Messi Cuccittini,Center Forward,60,Barcelona,56.4,57.5,4.1083,,,,,,,,,,,60.5,51.0,,,,,,,,,,,,,
267533,2016-04-02,Barcelona,Real Madrid,La Liga,2015/2016,231591be-8a3f-417c-91ea-8a82cde7b83b,1360,1,00:33:44.696000,33,44,Pass,Barcelona,Lionel Andrés Messi Cuccittini,Center Forward,60,Barcelona,60.5,51.0,0.838,,,,Ivan Rakitić,63.2,58.6,8.065358,1.2294405,Ground Pass,,,,,,,,,,,,,,,,
267533,2016-04-02,Barcelona,Real Madrid,La Liga,2015/2016,21816ad1-95ac-4919-b00a-9771386d69a3,1361,1,00:33:45.534000,33,45,Ball Receipt*,Barcelona,Ivan Rakitić,Right Center Midfield,60,Barcelona,63.2,58.6,,,,,,,,,,,,,,,,,,,,,,,,,,
267533,2016-04-02,Barcelona,Real Madrid,La Liga,2015/2016,3aa5938f-9929-46bb-957d-093b6a68323e,1362,1,00:33:45.534000,33,45,Carry,Barcelona,Ivan Rakitić,Right Center Midfield,60,Barcelona,63.2,58.6,0.5403,,,,,,,,,,,63.9,59.0,,,,,,,,,,,,,
267533,2016-04-02,Barcelona,Real Madrid,La Liga,2015/2016,b2322894-ca43-4ae6-b5d3-a2671dc5dffa,1363,1,00:33:46.074000,33,46,Pass,Barcelona,Ivan Rakitić,Right Center Midfield,60,Barcelona,63.9,59.0,0.9481,,,,Lionel Andrés Messi Cuccittini,63.9,51.8,7.2,-1.5707964,Ground Pass,,,,,,,,,,,,,,,,
267533,2016-04-02,Barcelona,Real Madrid,La Liga,2015/2016,49bdac7a-fe4e-4756-ba67-cecaee3074a8,1364,1,00:33:47.022000,33,47,Ball Receipt*,Barcelona,Lionel Andrés Messi Cuccittini,Center Forward,60,Barcelona,63.9,51.8,,,,,,,,,,,,,,,,,,,,,,,,,,
267533,2016-04-02,Barcelona,Real Madrid,La Liga,2015/2016,8dde30ec-b5ee-42f9-b638-cecfae0eccf6,1365,1,00:33:47.022000,33,47,Carry,Barcelona,Lionel Andrés Messi Cuccittini,Center Forward,60,Barcelona,63.9,51.8,2.3325,,,,,,,,,,,68.1,48.2,,,,,,,,,,,,,
267533,2016-04-02,Barcelona,Real Madrid,La Liga,2015/2016,92a551ec-fe2c-432f-9efd-49a21573986f,1366,1,00:33:49.355000,33,49,Pass,Barcelona,Lionel Andrés Messi Cuccittini,Center Forward,60,Barcelona,68.1,48.2,0.997734,,,,Andrés Iniesta Luján,66.1,34.9,13.449535,-1.7200539,Ground Pass,,,,,,,,,,,,,,,,
267533,2016-04-02,Barcelona,Real Madrid,La Liga,2015/2016,2322741c-6e49-43fa-b591-224e6c51ff83,1367,1,00:33:50.352000,33,50,Ball Receipt*,Barcelona,Andrés Iniesta Luján,Left Center Midfield,60,Barcelona,66.1,34.9,,,,,,,,,,,,,,,,,,,,,,,,,,
267533,2016-04-02,Barcelona,Real Madrid,La Liga,2015/2016,ad3a0821-fbea-47c4-8527-111077c48326,1368,1,00:33:50.352000,33,50,Carry,Barcelona,Andrés Iniesta Luján,Left Center Midfield,60,Barcelona,66.1,34.9,1.157466,,,,,,,,,,,66.4,32.7,,,,,,,,,,,,,
267533,2016-04-02,Barcelona,Real Madrid,La Liga,2015/2016,4e163980-b39e-44da-b277-518b02958a97,1369,1,00:33:51.510000,33,51,Pass,Barcelona,Andrés Iniesta Luján,Left Center Midfield,60,Barcelona,66.4,32.7,0.8625,,,,Neymar da Silva Santos Junior,78.8,23.5,15.4402075,-0.6383198,Ground Pass,,,,,,,,,,,,,,,,
267533,2016-04-02,Barcelona,Real Madrid,La Liga,2015/2016,ba5e9246-f240-441b-a7f4-326e1ca25421,1370,1,00:33:52.372000,33,52,Ball Receipt*,Barcelona,Neymar da Silva Santos Junior,Left Wing,60,Barcelona,78.8,23.5,,,,,,,,,,,,,,,,,,,,,,,,,,
267533,2016-04-02,Barcelona,Real Madrid,La Liga,2015/2016,6ee1fb27-b110-4c5d-ba62-bdc30c0433e1,1371,1,00:33:52.372000,33,52,Carry,Barcelona,Neymar da Silva Santos Junior,Left Wing,60,Barcelona,78.8,23.5,0.08,,,,,,,,,,,78.8,23.5,,,,,,,,,,,,,
267533,2016-04-02,Barcelona,Real Madrid,La Liga,2015/2016,2dd5fe6f-2a2d-4e24-a35d-d8be2e4036d1,1372,1,00:33:52.452000,33,52,Pass,Barcelona,Neymar da Silva Santos Junior,Left Wing,60,Barcelona,78.8,23.5,0.847488,,,,Andrés Iniesta Luján,68.3,29.9,12.296747,2.5941997,Ground Pass,,,,,,,,,,,,,,,,
267533,2016-04-02,Barcelona,Real Madrid,La Liga,2015/2016,333ad731-500d-460d-919c-9b03f435cd16,1373,1,00:33:53.300000,33,53,Ball Receipt*,Barcelona,Andrés Iniesta Luján,Left Center Midfield,60,Barcelona,68.3,29.9,,,,,,,,,,,,,,,,,,,,,,,,,,
267533,2016-04-02,Barcelona,Real Madrid,La Liga,2015/2016,b8751684-fc7d-4ef6-b1ed-383bcf49ac30,1374,1,00:33:53.300000,33,53,Carry,Barcelona,Andrés Iniesta Luján,Left Center Midfield,60,Barcelona,68.3,29.9,0.271709,,,,,,,,,,,68.5,31.0,,,,,,,,,,,,,
267533,2016-04-02,Barcelona,Real Madrid,La Liga,2015/2016,a7b2169c-a1e6-4890-b44a-130c61074393,1375,1,00:33:53.572000,33,53,Pass,Barcelona,Andrés Iniesta Luján,Left Center Midfield,60,Barcelona,68.5,31.0,1.473749,,,,Jordi Alba Ramos,73.3,7.9,23.593431,-1.3659196,Ground Pass,,,,,,,,,,,,,,,,
267533,2016-04-02,Barcelona,Real Madrid,La Liga,2015/2016,ecef1ca9-3933-49b4-a1fc-e574d0e545cc,1376,1,00:33:55.045000,33,55,Ball Receipt*,Barcelona,Jordi Alba Ramos,Left Back,60,Barcelona,73.3,7.9,,,,,,,,,,,,,,,,,,,,,,,,,,
267533,2016-04-02,Barcelona,Real Madrid,La Liga,2015/2016,3603a39f-6f38-4004-ac54-935bda7ed112,1377,1,00:33:55.045000,33,55,Carry,Barcelona,Jordi Alba Ramos,Left Back,60,Barcelona,73.3,7.9,0.809915,,,,,,,,,,,72.6,12.3,,,,,,,,,,,,,
267533,2016-04-02,Barcelona,Real Madrid,La Liga,2015/2016,8321e8d2-d39e-44ea-a933-93dcae21be17,1378,1,00:33:55.855000,33,55,Pass,Barcelona,Jordi Alba Ramos,Left Back,60,Barcelona,72.6,12.3,1.113756,,,,Andrés Iniesta Luján,68.0,24.5,13.038404,1.9313623,Ground Pass,,,,,,,,,,,,,,,,
267533,2016-04-02,Barcelona,Real Madrid,La Liga,2015/2016,8a83ae25-676f-4476-a0d7-848d274c8fbb,1379,1,00:33:56.969000,33,56,Ball Receipt*,Barcelona,Andrés Iniesta Luján,Left Center Midfield,60,Barcelona,68.0,24.5,,,,,,,,,,,,,,,,,,,,,,,,,,
267533,2016-04-02,Barcelona,Real Madrid,La Liga,2015/2016,98913622-9315-49ef-b351-66641f1ac5bc,1380,1,00:33:56.969000,33,56,Carry,Barcelona,Andrés Iniesta Luján,Left Center Midfield,60,Barcelona,68.0,24.5,1.064534,,,,,,,,,,,69.1,25.9,,,,,,,,,,,,,
267533,2016-04-02,Barcelona,Real Madrid,La Liga,2015/2016,16aa80c0-087f-4aa8-97c5-d1ed022c4612,1381,1,00:33:58.034000,33,58,Pass,Barcelona,Andrés Iniesta Luján,Left Center Midfield,60,Barcelona,69.1,25.9,0.621349,,,,Neymar da Silva Santos Junior,75.9,29.2,7.558439,0.45181385,Ground Pass,,,,,,,,,,,,,,,,
267533,2016-04-02,Barcelona,Real Madrid,La Liga,2015/2016,5df24fa1-6d1c-486b-9ee7-ad0e04f14f34,1382,1,00:33:58.615000,33,58,Pressure,Real Madrid,Carlos Henrique Casimiro,Center Defensive Midfield,60,Barcelona,41.0,49.1,1.582473,,,,,,,,,,,,,,,,,,,,,,,,,
267533,2016-04-02,Barcelona,Real Madrid,La Liga,2015/2016,1e3250a6-ce1b-4adc-8d86-f828f257d07d,1383,1,00:33:58.655000,33,58,Ball Receipt*,Barcelona,Neymar da Silva Santos Junior,Left Wing,60,Barcelona,75.9,29.2,,True,,,,,,,,,,,,,,,,,,,,,,,,
267533,2016-04-02,Barcelona,Real Madrid,La Liga,2015/2016,8d4566bc-f263-412b-a76c-bc6dd144299c,1384,1,00:33:58.655000,33,58,Carry,Barcelona,Neymar da Silva Santos Junior,Left Wing,60,Barcelona,75.9,29.2,1.9801,True,,,,,,,,,,70.7,34.4,,,,,,,,,,,,,
267533,2016-04-02,Barcelona,Real Madrid,La Liga,2015/2016,6561f7b8-ea09-4064-bb08-d06c9ca0f075,1385,1,00:34:00.635000,34,0,Pass,Barcelona,Neymar da Silva Santos Junior,Left Wing,60,Barcelona,70.7,34.4,1.346662,,,,Javier Alejandro Mascherano,57.4,30.6,13.832209,-2.863293,Ground Pass,,,,,,,,,,,,,,,,
267533,2016-04-02,Barcelona,Real Madrid,La Liga,2015/2016,6d6f2ecc-c556-4f67-bded-85e2f4b8eb88,1386,1,00:34:01.982000,34,1,Ball Receipt*,Barcelona,Javier Alejandro Mascherano,Left Center Back,60,Barcelona,57.4,30.6,,,,,,,,,,,,,,,,,,,,,,,,,,
267533,2016-04-02,Barcelona,Real Madrid,La Liga,2015/2016,8610a7ba-d6f0-44bf-aee9-20b79582130a,1387,1,00:34:01.982000,34,1,Carry,Barcelona,Javier Alejandro Mascherano,Left Center Back,60,Barcelona,57.4,30.6,2.440138,,,,,,,,,,,58.1,34.0,,,,,,,,,,,,,
267533,2016-04-02,Barcelona,Real Madrid,La Liga,2015/2016,87a6a85c-d39d-4df1-a41b-e3d943fb73c0,1388,1,00:34:04.422000,34,4,Pass,Barcelona,Javier Alejandro Mascherano,Left Center Back,60,Barcelona,58.1,34.0,0.70977,,,,Ivan Rakitić,68.1,49.5,18.445868,0.9978302,Ground Pass,,,,,,,,,,,,,,,,
267533,2016-04-02,Barcelona,Real Madrid,La Liga,2015/2016,6c3617c2-525a-4f24-8fde-a4e3609d71ca,1389,1,00:34:05.132000,34,5,Ball Receipt*,Barcelona,Ivan Rakitić,Right Center Midfield,60,Barcelona,68.1,49.5,,,,,,,,,,,,,,,,,,,,,,,,,,
267533,2016-04-02,Barcelona,Real Madrid,La Liga,2015/2016,35193d04-df27-4d3c-bc10-df5e3a988bab,1390,1,00:34:05.132000,34,5,Carry,Barcelona,Ivan Rakitić,Right Center Midfield,60,Barcelona,68.1,49.5,0.28003,,,,,,,,,,,65.7,51.4,,,,,,,,,,,,,
267533,2016-04-02,Barcelona,Real Madrid,La Liga,2015/2016,8e60e884-30ce-487f-9f7f-c582f1cc2bca,1391,1,00:34:05.412000,34,5,Pass,Barcelona,Ivan Rakitić,Right Center Midfield,60,Barcelona,65.7,51.4,1.533338,,,,Gerard Piqué Bernabéu,51.6,47.6,14.603082,-2.8783436,Ground Pass,,,,,,,,,,,,,,,,
267533,2016-04-02,Barcelona,Real Madrid,La Liga,2015/2016,18133b1a-d3dd-4016-9ee5-e11654e109ff,1392,1,00:34:06.945000,34,6,Ball Receipt*,Barcelona,Gerard Piqué Bernabéu,Right Center Back,60,Barcelona,51.6,47.6,,,,,,,,,,,,,,,,,,,,,,,,,,
267533,2016-04-02,Barcelona,Real Madrid,La Liga,2015/2016,dfdf6828-38e9-461f-94bb-c1e6f0d9b8bb,1393,1,00:34:06.945000,34,6,Carry,Barcelona,Gerard Piqué Bernabéu,Right Center Back,60,Barcelona,51.6,47.6,0.239961,,,,,,,,,,,51.6,47.6,,,,,,,,,,,,,
267533,2016-04-02,Barcelona,Real Madrid,La Liga,2015/2016,a9a86ffc-ee83-4987-84e1-8d53f4622367,1394,1,00:34:07.185000,34,7,Pass,Barcelona,Gerard Piqué Bernabéu,Right Center Back,60,Barcelona,51.6,47.6,2.037401,,,,Javier Alejandro Mascherano,57.4,32.1,16.549622,-1.2127329,Ground Pass,,,,,,,,,,,,,,,,
267533,2016-04-02,Barcelona,Real Madrid,La Liga,2015/2016,1539c470-3306-40a7-9b1c-dae7adda5670,1395,1,00:34:09.222000,34,9,Ball Receipt*,Barcelona,Javier Alejandro Mascherano,Left Center Back,60,Barcelona,57.4,32.1,,,,,,,,,,,,,,,,,,,,,,,,,,
267533,2016-04-02,Barcelona,Real Madrid,La Liga,2015/2016,27cae07a-2493-40d5-b2a3-b9e117f712a9,1396,1,00:34:09.222000,34,9,Carry,Barcelona,Javier Alejandro Mascherano,Left Center Back,60,Barcelona,57.4,32.1,2.838,,,,,,,,,,,59.0,34.7,,,,,,,,,,,,,
267533,2016-04-02,Barcelona,Real Madrid,La Liga,2015/2016,96d2d50c-0d85-4b02-b614-1650d66d6d62,1397,1,00:34:12.060000,34,12,Pass,Barcelona,Javier Alejandro Mascherano,Left Center Back,60,Barcelona,59.0,34.7,2.380899,,,,Daniel Alves da Silva,90.4,69.3,46.72387,0.8338451,High Pass,Incomplete,,,,,,,,,,,,,,,
267533,2016-04-02,Barcelona,Real Madrid,La Liga,2015/2016,93edd284-c85c-49e3-81f2-c74ed8eb4815,1398,1,00:34:14.441000,34,14,Ball Receipt*,Barcelona,Daniel Alves da Silva,Right Back,60,Barcelona,93.8,74.5,,,,,,,,,,,,,,,,,,,,,,,,,,
267533,2016-04-02,Barcelona,Real Madrid,La Liga,2015/2016,40d7d8b2-c449-4a93-b667-268ce42b48f4,1399,1,00:34:14.441000,34,14,Interception,Real Madrid,Marcelo Vieira da Silva Júnior,Left Back,60,Barcelona,29.7,10.8,0.0,,,,,,,,,,,,,,,,,,,,,,,,,
267533,2016-04-02,Barcelona,Real Madrid,La Liga,2015/2016,a529a9a3-9a75-410a-823e-4b7bf71b3d95,1400,1,00:34:21.383000,34,21,Pass,Barcelona,Daniel Alves da Silva,Right Back,61,Barcelona,91.6,80.0,2.448341,,True,,Ivan Rakitić,77.8,76.9,14.143904,-2.920623,Low Pass,,,,,,,,,,,,,,,,
267533,2016-04-02,Barcelona,Real Madrid,La Liga,2015/2016,3592cb8b-3f75-40d7-a721-b814c6c60d9f,1401,1,00:34:23.831000,34,23,Ball Receipt*,Barcelona,Ivan Rakitić,Right Center Midfield,61,Barcelona,77.8,76.9,,,,,,,,,,,,,,,,,,,,,,,,,,
267533,2016-04-02,Barcelona,Real Madrid,La Liga,2015/2016,f5c55d21-46d8-4594-8c0c-0eca342441e8,1402,1,00:34:25.310000,34,25,Pass,Barcelona,Ivan Rakitić,Right Center Midfield,61,Barcelona,75.3,73.4,1.747641,,,,Gerard Piqué Bernabéu,57.7,64.4,19.76765,-2.6688955,Ground Pass,,,,,,,,,,,,,,,,
267533,2016-04-02,Barcelona,Real Madrid,La Liga,2015/2016,e5666e95-b414-4818-bb95-32de767a180a,1403,1,00:34:27.057000,34,27,Ball Receipt*,Barcelona,Gerard Piqué Bernabéu,Right Center Back,61,Barcelona,57.7,64.4,,,,,,,,,,,,,,,,,,,,,,,,,,
267533,2016-04-02,Barcelona,Real Madrid,La Liga,2015/2016,79b763f0-aa5c-4348-a99a-ff12fd256309,1404,1,00:34:27.057000,34,27,Carry,Barcelona,Gerard Piqué Bernabéu,Right Center Back,61,Barcelona,57.7,64.4,1.262,,,,,,,,,,,60.1,59.0,,,,,,,,,,,,,
267533,2016-04-02,Barcelona,Real Madrid,La Liga,2015/2016,7c579e1d-074d-437e-9d64-d6e9e89ac088,1405,1,00:34:28.319000,34,28,Pass,Barcelona,Gerard Piqué Bernabéu,Right Center Back,61,Barcelona,60.1,59.0,1.680599,,,,Javier Alejandro Mascherano,60.5,34.5,24.503265,-1.5544713,Ground Pass,,,,,,,,,,,,,,,,
267533,2016-04-02,Barcelona,Real Madrid,La Liga,2015/2016,96a83844-b9ae-41d8-bc0d-3b2e1a9e5052,1406,1,00:34:30,34,30,Ball Receipt*,Barcelona,Javier Alejandro Mascherano,Left Center Back,61,Barcelona,60.5,34.5,,,,,,,,,,,,,,,,,,,,,,,,,,
267533,2016-04-02,Barcelona,Real Madrid,La Liga,2015/2016,00059867-0d7d-4592-9ff4-3d6a296b97d0,1407,1,00:34:30,34,30,Carry,Barcelona,Javier Alejandro Mascherano,Left Center Back,61,Barcelona,60.5,34.5,3.404186,,,,,,,,,,,70.7,28.2,,,,,,,,,,,,,
267533,2016-04-02,Barcelona,Real Madrid,La Liga,2015/2016,0b8de8b1-0e38-4009-8eee-47ed8acaf420,1408,1,00:34:33.404000,34,33,Pass,Barcelona,Javier Alejandro Mascherano,Left Center Back,61,Barcelona,70.7,28.2,0.576515,,,,Neymar da Silva Santos Junior,78.3,29.2,7.6655073,0.1308274,Ground Pass,,,,,,,,,,,,,,,,
267533,2016-04-02,Barcelona,Real Madrid,La Liga,2015/2016,c08a35a7-f56c-4245-a855-d27c2193b5a4,1409,1,00:34:33.981000,34,33,Ball Receipt*,Barcelona,Neymar da Silva Santos Junior,Left Wing,61,Barcelona,78.3,29.2,,,,,,,,,,,,,,,,,,,,,,,,,,
267533,2016-04-02,Barcelona,Real Madrid,La Liga,2015/2016,a254c24e-f632-4565-967e-4bbf89434699,1410,1,00:34:33.981000,34,33,Carry,Barcelona,Neymar da Silva Santos Junior,Left Wing,61,Barcelona,78.3,29.2,0.039999,,,,,,,,,,,78.7,29.3,,,,,,,,,,,,,
267533,2016-04-02,Barcelona,Real Madrid,La Liga,2015/2016,5ec635fe-08fd-4182-b168-8b0f9e50a855,1411,1,00:34:34.021000,34,34,Pass,Barcelona,Neymar da Silva Santos Junior,Left Wing,61,Barcelona,78.7,29.3,0.699301,,,,Javier Alejandro Mascherano,68.8,27.9,9.9985,-3.00111,Ground Pass,,,,,,,,,,,,,,,,
267533,2016-04-02,Barcelona,Real Madrid,La Liga,2015/2016,c301e6d4-50d4-4ecf-aec9-77fff85bc836,1412,1,00:34:34.720000,34,34,Ball Receipt*,Barcelona,Javier Alejandro Mascherano,Left Center Back,61,Barcelona,68.8,27.9,,,,,,,,,,,,,,,,,,,,,,,,,,
267533,2016-04-02,Barcelona,Real Madrid,La Liga,2015/2016,24bde33c-42a3-456e-b9b3-3a1e366fec75,1413,1,00:34:34.720000,34,34,Carry,Barcelona,Javier Alejandro Mascherano,Left Center Back,61,Barcelona,68.8,27.9,0.9892,,,,,,,,,,,69.1,29.6,,,,,,,,,,,,,
267533,2016-04-02,Barcelona,Real Madrid,La Liga,2015/2016,0e2ab434-f576-419b-838a-3f5a2dd9da3c,1414,1,00:34:35.709000,34,35,Pass,Barcelona,Javier Alejandro Mascherano,Left Center Back,61,Barcelona,69.1,29.6,1.7093,,,,Gerard Piqué Bernabéu,61.1,51.3,23.12769,1.9240003,Ground Pass,,,,,,,,,,,,,,,,
267533,2016-04-02,Barcelona,Real Madrid,La Liga,2015/2016,834a4d3c-2c5c-4e1b-9c62-1b9cd85f123b,1415,1,00:34:37.418000,34,37,Ball Receipt*,Barcelona,Gerard Piqué Bernabéu,Right Center Back,61,Barcelona,61.1,51.3,,,,,,,,,,,,,,,,,,,,,,,,,,
267533,2016-04-02,Barcelona,Real Madrid,La Liga,2015/2016,f9634ffc-8950-469a-9512-7ab889202104,1416,1,00:34:37.418000,34,37,Carry,Barcelona,Gerard Piqué Bernabéu,Right Center Back,61,Barcelona,61.1,51.3,4.480164,,,,,,,,,,,67.7,51.0,,,,,,,,,,,,,
267533,2016-04-02,Barcelona,Real Madrid,La Liga,2015/2016,286933f4-93c1-4b6d-b74c-a780c8c2ae83,1417,1,00:34:41.899000,34,41,Pass,Barcelona,Gerard Piqué Bernabéu,Right Center Back,61,Barcelona,67.7,51.0,1.669136,,,,Javier Alejandro Mascherano,62.5,32.7,19.024458,-1.847652,Ground Pass,,,,,,,,,,,,,,,,
267533,2016-04-02,Barcelona,Real Madrid,La Liga,2015/2016,ad9ad381-7b0b-4712-9f73-45c30ec9e903,1418,1,00:34:43.568000,34,43,Ball Receipt*,Barcelona,Javier Alejandro Mascherano,Left Center Back,61,Barcelona,62.5,32.7,,,,,,,,,,,,,,,,,,,,,,,,,,
267533,2016-04-02,Barcelona,Real Madrid,La Liga,2015/2016,2afdd05d-0eba-4622-a2f0-2b8bfdc087d9,1419,1,00:34:43.568000,34,43,Carry,Barcelona,Javier Alejandro Mascherano,Left Center Back,61,Barcelona,62.5,32.7,0.0959,,,,,,,,,,,62.5,32.7,,,,,,,,,,,,,
267533,2016-04-02,Barcelona,Real Madrid,La Liga,2015/2016,2d57d1f2-b5e1-4093-81a5-0f1c31fa78e7,1420,1,00:34:43.664000,34,43,Pass,Barcelona,Javier Alejandro Mascherano,Left Center Back,61,Barcelona,62.5,32.7,1.572142,,,,Jordi Alba Ramos,75.3,7.2,28.532263,-1.1055813,Ground Pass,,,,,,,,,,,,,,,,
267533,2016-04-02,Barcelona,Real Madrid,La Liga,2015/2016,a08cf1c6-4201-40af-b3d1-e81c6a0b5adf,1421,1,00:34:45.236000,34,45,Ball Receipt*,Barcelona,Jordi Alba Ramos,Left Back,61,Barcelona,75.3,7.2,,,,,,,,,,,,,,,,,,,,,,,,,,
267533,2016-04-02,Barcelona,Real Madrid,La Liga,2015/2016,0d2bb156-d4de-499b-970b-877640c3ed9e,1422,1,00:34:45.236000,34,45,Carry,Barcelona,Jordi Alba Ramos,Left Back,61,Barcelona,75.3,7.2,3.313846,,,,,,,,,,,83.0,12.8,,,,,,,,,,,,,
267533,2016-04-02,Barcelona,Real Madrid,La Liga,2015/2016,c29460fe-0e78-49ae-bccc-b6a3f2946829,1423,1,00:34:48.550000,34,48,Pass,Barcelona,Jordi Alba Ramos,Left Back,61,Barcelona,83.0,12.8,1.211412,,,,Andrés Iniesta Luján,71.9,15.4,11.400438,2.9115064,Ground Pass,,,,,,,,,,,,,,,,
267533,2016-04-02,Barcelona,Real Madrid,La Liga,2015/2016,62b57020-816d-473a-894a-eba49226b2d7,1424,1,00:34:49.761000,34,49,Ball Receipt*,Barcelona,Andrés Iniesta Luján,Left Center Midfield,61,Barcelona,71.9,15.4,,,,,,,,,,,,,,,,,,,,,,,,,,
267533,2016-04-02,Barcelona,Real Madrid,La Liga,2015/2016,038f4e64-5e99-46aa-b4c5-7174bfc0932c,1425,1,00:34:49.761000,34,49,Carry,Barcelona,Andrés Iniesta Luján,Left Center Midfield,61,Barcelona,71.9,15.4,0.457573,,,,,,,,,,,72.2,19.0,,,,,,,,,,,,,
267533,2016-04-02,Barcelona,Real Madrid,La Liga,2015/2016,f0b24713-7ccf-45f3-a41b-401dcf97f1c6,1426,1,00:34:50.219000,34,50,Pass,Barcelona,Andrés Iniesta Luján,Left Center Midfield,61,Barcelona,72.2,19.0,0.636776,,,,Sergio Busquets i Burgos,72.2,27.5,8.5,1.5707964,Ground Pass,,,,,,,,,,,,,,,,
267533,2016-04-02,Barcelona,Real Madrid,La Liga,2015/2016,7544a197-9ca8-4ba6-a568-e9cb19585904,1427,1,00:34:50.855000,34,50,Ball Receipt*,Barcelona,Sergio Busquets i Burgos,Center Defensive Midfield,61,Barcelona,72.2,27.5,,,,,,,,,,,,,,,,,,,,,,,,,,
267533,2016-04-02,Barcelona,Real Madrid,La Liga,2015/2016,f726c8d6-dbcb-4797-a572-28dfbc3b6b85,1428,1,00:34:50.855000,34,50,Carry,Barcelona,Sergio Busquets i Burgos,Center Defensive Midfield,61,Barcelona,72.2,27.5,0.144828,,,,,,,,,,,72.2,27.5,,,,,,,,,,,,,
267533,2016-04-02,Barcelona,Real Madrid,La Liga,2015/2016,ededdcbf-89da-49dc-86c3-691025110490,1429,1,00:34:51,34,51,Pass,Barcelona,Sergio Busquets i Burgos,Center Defensive Midfield,61,Barcelona,72.2,27.5,1.360423,,,,Javier Alejandro Mascherano,61.9,27.2,10.304368,-3.1124747,Ground Pass,,,,,,,,,,,,,,,,
267533,2016-04-02,Barcelona,Real Madrid,La Liga,2015/2016,a50c0580-db10-4006-9497-e207bc24da07,1430,1,00:34:52.361000,34,52,Ball Receipt*,Barcelona,Javier Alejandro Mascherano,Left Center Back,61,Barcelona,61.9,27.2,,,,,,,,,,,,,,,,,,,,,,,,,,
267533,2016-04-02,Barcelona,Real Madrid,La Liga,2015/2016,71dc94f9-d18e-4112-b33b-7989f4ab0b84,1431,1,00:34:52.361000,34,52,Carry,Barcelona,Javier Alejandro Mascherano,Left Center Back,61,Barcelona,61.9,27.2,1.109684,,,,,,,,,,,61.3,31.6,,,,,,,,,,,,,
267533,2016-04-02,Barcelona,Real Madrid,La Liga,2015/2016,8d2913b4-a839-45a1-b5fa-07e81bb67e82,1432,1,00:34:53.470000,34,53,Pass,Barcelona,Javier Alejandro Mascherano,Left Center Back,61,Barcelona,61.3,31.6,1.267015,,,,Gerard Piqué Bernabéu,61.5,46.9,15.301307,1.5577252,Ground Pass,,,,,,,,,,,,,,,,
267533,2016-04-02,Barcelona,Real Madrid,La Liga,2015/2016,7f2f3a0a-ea41-4d86-9f35-1948711065de,1433,1,00:34:54.737000,34,54,Ball Receipt*,Barcelona,Gerard Piqué Bernabéu,Right Center Back,61,Barcelona,61.5,46.9,,,,,,,,,,,,,,,,,,,,,,,,,,
267533,2016-04-02,Barcelona,Real Madrid,La Liga,2015/2016,dc3e2947-5370-4eb8-824a-40b33128f234,1434,1,00:34:54.737000,34,54,Carry,Barcelona,Gerard Piqué Bernabéu,Right Center Back,61,Barcelona,61.5,46.9,3.64195,,,,,,,,,,,66.1,49.0,,,,,,,,,,,,,
267533,2016-04-02,Barcelona,Real Madrid,La Liga,2015/2016,87cc81e7-c036-41fc-9d72-36f3af652049,1435,1,00:34:58.379000,34,58,Pass,Barcelona,Gerard Piqué Bernabéu,Right Center Back,61,Barcelona,66.1,49.0,0.963129,,,,Lionel Andrés Messi Cuccittini,68.3,57.8,9.070832,1.3258177,Ground Pass,,,,,,,,,,,,,,,,
267533,2016-04-02,Barcelona,Real Madrid,La Liga,2015/2016,37973511-651c-4232-b2a6-ebddff6d60db,1436,1,00:34:59.342000,34,59,Ball Receipt*,Barcelona,Lionel Andrés Messi Cuccittini,Center Forward,61,Barcelona,68.3,57.8,,,,,,,,,,,,,,,,,,,,,,,,,,
267533,2016-04-02,Barcelona,Real Madrid,La Liga,2015/2016,dc0ed6a9-e54b-4bfc-a9b6-70d693f9fa85,1437,1,00:34:59.342000,34,59,Carry,Barcelona,Lionel Andrés Messi Cuccittini,Center Forward,61,Barcelona,68.3,57.8,1.308922,,,,,,,,,,,69.5,54.2,,,,,,,,,,,,,
267533,2016-04-02,Barcelona,Real Madrid,La Liga,2015/2016,9cca446b-dd65-4070-8ff5-ec909acf8b4a,1438,1,00:35:00.651000,35,0,Pass,Barcelona,Lionel Andrés Messi Cuccittini,Center Forward,61,Barcelona,69.5,54.2,0.8371,,,,Sergio Busquets i Burgos,78.1,41.3,15.50387,-0.98279375,Ground Pass,,,,,,,,,,,,,,,,
267533,2016-04-02,Barcelona,Real Madrid,La Liga,2015/2016,b5a94ca1-09ad-4185-ac3e-4bdb9833ff8b,1439,1,00:35:01.488000,35,1,Ball Receipt*,Barcelona,Sergio Busquets i Burgos,Center Defensive Midfield,61,Barcelona,78.1,41.3,,,,,,,,,,,,,,,,,,,,,,,,,,
267533,2016-04-02,Barcelona,Real Madrid,La Liga,2015/2016,b7dce960-9e60-4616-b273-b1b84a123fda,1440,1,00:35:01.488000,35,1,Carry,Barcelona,Sergio Busquets i Burgos,Center Defensive Midfield,61,Barcelona,78.1,41.3,0.12,,,,,,,,,,,78.1,41.3,,,,,,,,,,,,,
267533,2016-04-02,Barcelona,Real Madrid,La Liga,2015/2016,d851d191-a236-4e95-a536-9e973492baf4,1441,1,00:35:01.608000,35,1,Pass,Barcelona,Sergio Busquets i Burgos,Center Defensive Midfield,61,Barcelona,78.1,41.3,0.967174,,,,Ivan Rakitić,84.2,55.2,15.179591,1.1572542,Ground Pass,,,,,,,,,,,,,,,,
267533,2016-04-02,Barcelona,Real Madrid,La Liga,2015/2016,de52ae22-9212-4977-b2f6-6a15d7597bbe,1442,1,00:35:02.576000,35,2,Ball Receipt*,Barcelona,Ivan Rakitić,Right Center Midfield,61,Barcelona,84.2,55.2,,,,,,,,,,,,,,,,,,,,,,,,,,
267533,2016-04-02,Barcelona,Real Madrid,La Liga,2015/2016,367d8bfd-78b9-4e46-a006-bf61b8d6cbd9,1443,1,00:35:02.576000,35,2,Carry,Barcelona,Ivan Rakitić,Right Center Midfield,61,Barcelona,84.2,55.2,2.513325,True,,,,,,,,,,84.2,66.9,,,,,,,,,,,,,
267533,2016-04-02,Barcelona,Real Madrid,La Liga,2015/2016,1ff42a13-2204-467c-83cc-65daa71789fc,1444,1,00:35:03.830000,35,3,Pressure,Real Madrid,Cristiano Ronaldo dos Santos Aveiro,Left Wing,61,Barcelona,33.5,16.3,2.363702,,,,,,,,,,,,,,,,,,,,,,,,,
267533,2016-04-02,Barcelona,Real Madrid,La Liga,2015/2016,90152870-97aa-4c5c-9007-1e0af1e67220,1445,1,00:35:05.089000,35,5,Foul Committed,Real Madrid,Cristiano Ronaldo dos Santos Aveiro,Left Wing,61,Barcelona,35.9,13.2,0.0,,,,,,,,,,,,,,,,,,,,,,,,,
267533,2016-04-02,Barcelona,Real Madrid,La Liga,2015/2016,1d9d9b1c-29db-4c26-9592-da28dbf19782,1446,1,00:35:05.089000,35,5,Foul Won,Barcelona,Ivan Rakitić,Right Center Midfield,61,Barcelona,84.2,66.9,0.0,True,,,,,,,,,,,,,,,,,,,,,True,,,
267533,2016-04-02,Barcelona,Real Madrid,La Liga,2015/2016,5e5bee56-b7c0-4880-b149-3bf8df5d0f25,1447,1,00:35:05.089000,35,5,Carry,Barcelona,Ivan Rakitić,Right Center Midfield,61,Barcelona,84.2,66.9,0.527943,True,,,,,,,,,,83.0,71.0,,,,,,,,,,,,,
267533,2016-04-02,Barcelona,Real Madrid,La Liga,2015/2016,b80ac853-2686-47f5-ba96-0b99145b75c1,1448,1,00:35:05.617000,35,5,Miscontrol,Barcelona,Ivan Rakitić,Right Center Midfield,61,Barcelona,83.0,71.0,0.0,True,,,,,,,,,,,,,,,,,,,,,,,,
267533,2016-04-02,Barcelona,Real Madrid,La Liga,2015/2016,1164441b-919b-49df-a4b5-a4f77103f52e,1449,1,00:35:07.299000,35,7,Ball Recovery,Barcelona,Daniel Alves da Silva,Right Back,61,Barcelona,86.3,72.3,0.0,,,,,,,,,,,,,,,,,,,,,,,,,
267533,2016-04-02,Barcelona,Real Madrid,La Liga,2015/2016,0a2167d1-32a4-42fd-94a4-8e480d1a7bba,1450,1,00:35:07.299000,35,7,Carry,Barcelona,Daniel Alves da Silva,Right Back,61,Barcelona,86.3,72.3,1.295095,,,,,,,,,,,84.9,64.4,,,,,,,,,,,,,
267533,2016-04-02,Barcelona,Real Madrid,La Liga,2015/2016,64f99112-60e5-41e5-abba-134785a8ab87,1451,1,00:35:08.594000,35,8,Pass,Barcelona,Daniel Alves da Silva,Right Back,61,Barcelona,84.9,64.4,0.776304,,,,Lionel Andrés Messi Cuccittini,79.7,58.6,7.7897367,-2.301703,Ground Pass,,,,,,,,,,,,,,,,
267533,2016-04-02,Barcelona,Real Madrid,La Liga,2015/2016,66df35b4-8109-4bed-af27-38c97f253517,1452,1,00:35:09.371000,35,9,Ball Receipt*,Barcelona,Lionel Andrés Messi Cuccittini,Center Forward,61,Barcelona,79.7,58.6,,,,,,,,,,,,,,,,,,,,,,,,,,
267533,2016-04-02,Barcelona,Real Madrid,La Liga,2015/2016,4eb11ca3-2f81-46ab-a9fc-6bb20b7b07c2,1453,1,00:35:09.371000,35,9,Carry,Barcelona,Lionel Andrés Messi Cuccittini,Center Forward,61,Barcelona,79.7,58.6,0.742627,,,,,,,,,,,77.3,56.8,,,,,,,,,,,,,
267533,2016-04-02,Barcelona,Real Madrid,La Liga,2015/2016,ec7219bd-9f4d-416c-924c-60cbd3c1ec3c,1454,1,00:35:10.113000,35,10,Pass,Barcelona,Lionel Andrés Messi Cuccittini,Center Forward,61,Barcelona,77.3,56.8,1.958074,,,,Andrés Iniesta Luján,83.0,31.3,26.129293,-1.350882,Ground Pass,,,,,,,,,,,,,,,,
267533,2016-04-02,Barcelona,Real Madrid,La Liga,2015/2016,6518b076-606d-4b2c-8303-8aae3b3374f7,1455,1,00:35:12.071000,35,12,Ball Receipt*,Barcelona,Andrés Iniesta Luján,Left Center Midfield,61,Barcelona,83.0,31.3,,,,,,,,,,,,,,,,,,,,,,,,,,
267533,2016-04-02,Barcelona,Real Madrid,La Liga,2015/2016,94ae9e5c-192c-49b8-9248-50be557de0fc,1456,1,00:35:12.071000,35,12,Carry,Barcelona,Andrés Iniesta Luján,Left Center Midfield,61,Barcelona,83.0,31.3,1.7486,,,,,,,,,,,92.4,28.7,,,,,,,,,,,,,
267533,2016-04-02,Barcelona,Real Madrid,La Liga,2015/2016,6d1142d8-498b-4b36-b1a7-ce67c5e6e6e9,1457,1,00:35:13.820000,35,13,Pass,Barcelona,Andrés Iniesta Luján,Left Center Midfield,61,Barcelona,92.4,28.7,0.580863,,,,Luis Alberto Suárez Díaz,98.5,33.0,7.4632435,0.61401904,Ground Pass,,,,,,,,,,,,,,,,
267533,2016-04-02,Barcelona,Real Madrid,La Liga,2015/2016,fb7114ce-e3f3-418c-84c9-c7288049cc74,1458,1,00:35:14.401000,35,14,Ball Receipt*,Barcelona,Luis Alberto Suárez Díaz,Right Wing,61,Barcelona,98.5,33.0,,,,,,,,,,,,,,,,,,,,,,,,,,
267533,2016-04-02,Barcelona,Real Madrid,La Liga,2015/2016,92ab57ac-e899-47b8-8ead-3e87d3397f32,1459,1,00:35:14.401000,35,14,Pass,Barcelona,Luis Alberto Suárez Díaz,Right Wing,61,Barcelona,98.5,33.0,0.4757,,,,Neymar da Silva Santos Junior,105.6,27.8,8.800569,-0.63213795,Low Pass,Incomplete,,,,,,,,,,,,,,,
267533,2016-04-02,Barcelona,Real Madrid,La Liga,2015/2016,6b5ed49f-8772-4f60-b55e-467b59e9a95d,1460,1,00:35:14.877000,35,14,Ball Receipt*,Barcelona,Neymar da Silva Santos Junior,Left Wing,61,Barcelona,105.2,23.1,,,,,,,,,,,,,,,,,,,,,,,,,,
267533,2016-04-02,Barcelona,Real Madrid,La Liga,2015/2016,5b76c86d-d9c4-4648-a437-14b30666a217,1461,1,00:35:14.877000,35,14,Clearance,Real Madrid,Daniel Carvajal Ramos,Right Back,61,Barcelona,14.5,52.3,0.0,True,,,,,,,,,,,,,,,,,,,,,,,,
267533,2016-04-02,Barcelona,Real Madrid,La Liga,2015/2016,3a4a3f8c-36f0-4459-8e5b-7c1f7ff74a23,1462,1,00:35:16.764000,35,16,Pressure,Real Madrid,Gareth Frank Bale,Right Wing,61,Barcelona,22.4,63.2,0.83622,,,,,,,,,,,,,,,,,,,,,,,,,
267533,2016-04-02,Barcelona,Real Madrid,La Liga,2015/2016,8fb426ab-58cd-4ce9-9731-ccc0c3f27456,1463,1,00:35:17.621000,35,17,Ball Recovery,Barcelona,Jordi Alba Ramos,Left Back,61,Barcelona,98.7,8.2,0.0,,,True,,,,,,,,,,,,,,,,,,,,,,
267533,2016-04-02,Barcelona,Real Madrid,La Liga,2015/2016,28b84e24-c576-427a-8146-0745afaa09e1,1464,1,00:35:31.146000,35,31,Pass,Real Madrid,Daniel Carvajal Ramos,Right Back,62,Real Madrid,21.4,80.0,1.7228,,,,Karim Benzema,49.2,61.5,33.392963,-0.58717203,High Pass,,,,,,,,,,,,,,,,
267533,2016-04-02,Barcelona,Real Madrid,La Liga,2015/2016,65247c1a-201e-4fe3-9884-9f79eaecbeaa,1465,1,00:35:32.869000,35,32,Ball Receipt*,Real Madrid,Karim Benzema,Center Forward,62,Real Madrid,49.2,61.5,,,,,,,,,,,,,,,,,,,,,,,,,,
267533,2016-04-02,Barcelona,Real Madrid,La Liga,2015/2016,65a0f9a6-cfec-4104-a35c-1fecd6a1e7f9,1466,1,00:35:32.869000,35,32,Carry,Real Madrid,Karim Benzema,Center Forward,62,Real Madrid,49.2,61.5,0.057899,,,,,,,,,,,49.2,61.5,,,,,,,,,,,,,
267533,2016-04-02,Barcelona,Real Madrid,La Liga,2015/2016,24a7712b-ad72-47f3-95be-aea4aa8999b2,1467,1,00:35:32.926000,35,32,Miscontrol,Real Madrid,Karim Benzema,Center Forward,62,Real Madrid,49.2,61.5,0.0,,,,,,,,,,,,,,,,,,,,,,,,,
267533,2016-04-02,Barcelona,Real Madrid,La Liga,2015/2016,c6491c0f-3d64-47d0-8c23-d22f9aa08f6e,1468,1,00:35:34.476000,35,34,Ball Recovery,Barcelona,Sergio Busquets i Burgos,Center Defensive Midfield,62,Real Madrid,82.6,23.5,0.0,,,,,,,,,,,,,,,,,,,,,,,,,
267533,2016-04-02,Barcelona,Real Madrid,La Liga,2015/2016,5fb3dc4d-2921-4773-899a-ef61a3e21d91,1469,1,00:35:34.476000,35,34,Carry,Barcelona,Sergio Busquets i Burgos,Center Defensive Midfield,62,Real Madrid,82.6,23.5,1.531831,,,,,,,,,,,83.0,28.6,,,,,,,,,,,,,
267533,2016-04-02,Barcelona,Real Madrid,La Liga,2015/2016,aa4c8203-2662-46b6-b78f-a37761692271,1470,1,00:35:36.008000,35,36,Pass,Barcelona,Sergio Busquets i Burgos,Center Defensive Midfield,62,Real Madrid,83.0,28.6,1.316062,,,,Ivan Rakitić,78.3,39.3,11.686745,1.9846766,Ground Pass,,,,,,,,,,,,,,,,
267533,2016-04-02,Barcelona,Real Madrid,La Liga,2015/2016,b388d6a2-4e86-46e6-897f-6ae9641c82bb,1471,1,00:35:37.324000,35,37,Ball Receipt*,Barcelona,Ivan Rakitić,Right Center Midfield,62,Real Madrid,78.3,39.3,,,,,,,,,,,,,,,,,,,,,,,,,,
267533,2016-04-02,Barcelona,Real Madrid,La Liga,2015/2016,b469a3a9-72dd-4541-b7b0-b5b4765dbf88,1472,1,00:35:37.324000,35,37,Carry,Barcelona,Ivan Rakitić,Right Center Midfield,62,Real Madrid,78.3,39.3,0.65361,,,,,,,,,,,78.3,39.3,,,,,,,,,,,,,
267533,2016-04-02,Barcelona,Real Madrid,La Liga,2015/2016,49619e99-a333-4f4d-bad5-6138462e590a,1473,1,00:35:37.977000,35,37,Pass,Barcelona,Ivan Rakitić,Right Center Midfield,62,Real Madrid,78.3,39.3,1.892644,,,,Neymar da Silva Santos Junior,98.7,19.0,28.779333,-0.78294116,High Pass,Pass Offside,,,,,,,,,,,,,,,
267533,2016-04-02,Barcelona,Real Madrid,La Liga,2015/2016,0e26b27f-8605-4047-ae93-8c1d26e7b7cb,1474,1,00:35:39.870000,35,39,Ball Receipt*,Barcelona,Neymar da Silva Santos Junior,Left Wing,62,Real Madrid,98.7,19.0,,,,,,,,,,,,,,,,,,,,,,,,,,
267533,2016-04-02,Barcelona,Real Madrid,La Liga,2015/2016,185a6db6-7d8c-435f-a549-a1c8655971e4,1475,1,00:35:55.617000,35,55,Pass,Real Madrid,Kléper Laveran Lima Ferreira,Right Center Back,63,Real Madrid,21.0,57.1,1.610889,,True,,Marcelo Vieira da Silva Júnior,42.8,6.7,54.91266,-1.1625569,Low Pass,,,,,,,,,,,,,,,,
267533,2016-04-02,Barcelona,Real Madrid,La Liga,2015/2016,c97abe4a-7aaa-47ca-a9a2-9da99e7f7676,1476,1,00:35:57.228000,35,57,Ball Receipt*,Real Madrid,Marcelo Vieira da Silva Júnior,Left Back,63,Real Madrid,42.8,6.7,,,,,,,,,,,,,,,,,,,,,,,,,,
267533,2016-04-02,Barcelona,Real Madrid,La Liga,2015/2016,3b67996d-e509-44d7-af37-ee85ebbe4cd5,1477,1,00:35:59.192000,35,59,Pressure,Barcelona,Ivan Rakitić,Right Center Midfield,63,Real Madrid,76.0,74.0,1.947784,,,,,,,,,,,,,,,,,,,,,,,,,
267533,2016-04-02,Barcelona,Real Madrid,La Liga,2015/2016,6c023e5f-c9f9-4665-a230-9980fffacf32,1478,1,00:36:00.724000,36,0,Pass,Real Madrid,Marcelo Vieira da Silva Júnior,Left Back,63,Real Madrid,44.7,18.7,1.3873,True,,,Toni Kroos,55.2,16.5,10.728001,-0.20653607,Ground Pass,,,,,,,,,,,,,,,,
267533,2016-04-02,Barcelona,Real Madrid,La Liga,2015/2016,8fa37998-76f7-473f-8f99-ce79859df934,1479,1,00:36:02.085000,36,2,Pressure,Barcelona,Ivan Rakitić,Right Center Midfield,63,Real Madrid,67.3,62.6,0.674349,,,,,,,,,,,,,,,,,,,,,,,,,
267533,2016-04-02,Barcelona,Real Madrid,La Liga,2015/2016,c8d30834-eb79-4693-93b6-f8cf6dc088ad,1480,1,00:36:02.112000,36,2,Ball Receipt*,Real Madrid,Toni Kroos,Left Center Midfield,63,Real Madrid,55.2,16.5,,True,,,,,,,,,,,,,,,,,,,,,,,,
267533,2016-04-02,Barcelona,Real Madrid,La Liga,2015/2016,4c54a419-419d-4838-98ec-a918cf8ad522,1481,1,00:36:02.112000,36,2,Carry,Real Madrid,Toni Kroos,Left Center Midfield,63,Real Madrid,55.2,16.5,0.0404,True,,,,,,,,,,57.3,18.4,,,,,,,,,,,,,
267533,2016-04-02,Barcelona,Real Madrid,La Liga,2015/2016,d874fd74-cd4f-438f-bd56-18bb220aef53,1482,1,00:36:02.152000,36,2,Pass,Real Madrid,Toni Kroos,Left Center Midfield,63,Real Madrid,57.3,18.4,0.742366,True,,,Marcelo Vieira da Silva Júnior,55.4,26.8,8.612201,1.7932436,Ground Pass,,,,,,,,,,,,,,,,
267533,2016-04-02,Barcelona,Real Madrid,La Liga,2015/2016,873cb6e1-b12a-46d1-8446-3c20aaa75b60,1483,1,00:36:02.894000,36,2,Ball Receipt*,Real Madrid,Marcelo Vieira da Silva Júnior,Left Back,63,Real Madrid,55.4,26.8,,,,,,,,,,,,,,,,,,,,,,,,,,
267533,2016-04-02,Barcelona,Real Madrid,La Liga,2015/2016,f685e07f-75e0-4768-8c1b-112c693f44be,1484,1,00:36:02.894000,36,2,Carry,Real Madrid,Marcelo Vieira da Silva Júnior,Left Back,63,Real Madrid,55.4,26.8,1.388534,,,,,,,,,,,63.0,27.3,,,,,,,,,,,,,
267533,2016-04-02,Barcelona,Real Madrid,La Liga,2015/2016,87479752-024a-46ee-9105-06d493955645,1485,1,00:36:04.283000,36,4,Pass,Real Madrid,Marcelo Vieira da Silva Júnior,Left Back,63,Real Madrid,63.0,27.3,2.4316,,,,Gareth Frank Bale,94.0,58.9,44.26692,0.79498255,High Pass,Incomplete,,,,,,,,,,,,,,,
267533,2016-04-02,Barcelona,Real Madrid,La Liga,2015/2016,24ec080e-df48-4223-a428-545c00bf9677,1486,1,00:36:06.715000,36,6,Ball Receipt*,Real Madrid,Gareth Frank Bale,Right Wing,63,Real Madrid,84.7,62.9,,,,,,,,,,,,,,,,,,,,,,,,,,
267533,2016-04-02,Barcelona,Real Madrid,La Liga,2015/2016,5c9879eb-d66c-4b52-812b-a4a2e0696d27,1487,1,00:36:06.715000,36,6,Pass,Barcelona,Jordi Alba Ramos,Left Back,64,Barcelona,26.1,21.2,2.343049,,,,Claudio Andrés Bravo Muñoz,5.4,27.3,21.580084,2.8550181,Low Pass,,,,,,,,,,,,,,,,
267533,2016-04-02,Barcelona,Real Madrid,La Liga,2015/2016,4858c7ed-60cb-4239-9326-d1fa5169322d,1488,1,00:36:09.058000,36,9,Ball Receipt*,Barcelona,Claudio Andrés Bravo Muñoz,Goalkeeper,64,Barcelona,5.4,27.3,,,,,,,,,,,,,,,,,,,,,,,,,,
267533,2016-04-02,Barcelona,Real Madrid,La Liga,2015/2016,43d376c7-b322-4fb2-9bcb-51d9a7a5445a,1489,1,00:36:09.058000,36,9,Carry,Barcelona,Claudio Andrés Bravo Muñoz,Goalkeeper,64,Barcelona,5.4,27.3,1.848949,,,,,,,,,,,9.8,32.5,,,,,,,,,,,,,
267533,2016-04-02,Barcelona,Real Madrid,La Liga,2015/2016,1312e747-388c-46e8-9e51-f0597528f959,1490,1,00:36:10.906000,36,10,Pass,Barcelona,Claudio Andrés Bravo Muñoz,Goalkeeper,64,Barcelona,9.8,32.5,1.732002,,,,Gerard Piqué Bernabéu,16.0,49.5,18.095303,1.221081,Ground Pass,,,,,,,,,,,,,,,,
267533,2016-04-02,Barcelona,Real Madrid,La Liga,2015/2016,e2a9fcc1-0722-4821-b72d-fbe634dd468d,1491,1,00:36:12.639000,36,12,Ball Receipt*,Barcelona,Gerard Piqué Bernabéu,Right Center Back,64,Barcelona,16.0,49.5,,,,,,,,,,,,,,,,,,,,,,,,,,
267533,2016-04-02,Barcelona,Real Madrid,La Liga,2015/2016,924a7139-ad10-4728-ab2d-efc9a47a46f4,1492,1,00:36:12.639000,36,12,Carry,Barcelona,Gerard Piqué Bernabéu,Right Center Back,64,Barcelona,16.0,49.5,2.751642,,,,,,,,,,,29.7,51.4,,,,,,,,,,,,,
267533,2016-04-02,Barcelona,Real Madrid,La Liga,2015/2016,092e6ceb-f31c-4d30-a641-c6681bdca827,1493,1,00:36:15.390000,36,15,Pass,Barcelona,Gerard Piqué Bernabéu,Right Center Back,64,Barcelona,29.7,51.4,1.512524,,,,Sergio Busquets i Burgos,35.4,41.7,11.250778,-1.0395229,Ground Pass,,,,,,,,,,,,,,,,
267533,2016-04-02,Barcelona,Real Madrid,La Liga,2015/2016,6fd61a2e-13a2-4260-b782-25b573c4c715,1494,1,00:36:16.903000,36,16,Ball Receipt*,Barcelona,Sergio Busquets i Burgos,Center Defensive Midfield,64,Barcelona,35.4,41.7,,,,,,,,,,,,,,,,,,,,,,,,,,
267533,2016-04-02,Barcelona,Real Madrid,La Liga,2015/2016,91d928fe-c4b6-45a0-a831-dfd008f5b222,1495,1,00:36:16.903000,36,16,Carry,Barcelona,Sergio Busquets i Burgos,Center Defensive Midfield,64,Barcelona,35.4,41.7,1.583934,,,,,,,,,,,41.1,43.3,,,,,,,,,,,,,
267533,2016-04-02,Barcelona,Real Madrid,La Liga,2015/2016,529b6155-1c24-4682-b390-69a5a211875c,1496,1,00:36:18.487000,36,18,Pass,Barcelona,Sergio Busquets i Burgos,Center Defensive Midfield,64,Barcelona,41.1,43.3,1.349381,,,,Gerard Piqué Bernabéu,35.9,55.6,13.354026,1.9707718,Ground Pass,,,,,,,,,,,,,,,,
267533,2016-04-02,Barcelona,Real Madrid,La Liga,2015/2016,3ba49721-bedf-46c8-a9e5-411d13e7c8d3,1497,1,00:36:19.836000,36,19,Ball Receipt*,Barcelona,Gerard Piqué Bernabéu,Right Center Back,64,Barcelona,35.9,55.6,,,,,,,,,,,,,,,,,,,,,,,,,,
267533,2016-04-02,Barcelona,Real Madrid,La Liga,2015/2016,8e1dec92-5e19-4c52-acd3-3b63197353b8,1498,1,00:36:19.836000,36,19,Carry,Barcelona,Gerard Piqué Bernabéu,Right Center Back,64,Barcelona,35.9,55.6,2.668364,,,,,,,,,,,37.4,53.0,,,,,,,,,,,,,
267533,2016-04-02,Barcelona,Real Madrid,La Liga,2015/2016,7e2de1fd-a9ef-4746-97b6-af90cc0cf468,1499,1,00:36:22.504000,36,22,Pass,Barcelona,Gerard Piqué Bernabéu,Right Center Back,64,Barcelona,37.4,53.0,1.492294,,,,Javier Alejandro Mascherano,41.6,27.9,25.448969,-1.4050016,Ground Pass,,,,,,,,,,,,,,,,
267533,2016-04-02,Barcelona,Real Madrid,La Liga,2015/2016,e6462abb-a981-4ce4-a88e-0e5df1f1b9e7,1500,1,00:36:23.997000,36,23,Ball Receipt*,Barcelona,Javier Alejandro Mascherano,Left Center Back,64,Barcelona,41.6,27.9,,,,,,,,,,,,,,,,,,,,,,,,,,
267533,2016-04-02,Barcelona,Real Madrid,La Liga,2015/2016,b0a07115-9d5c-48d6-88fd-6ef5dbc06075,1501,1,00:36:23.997000,36,23,Carry,Barcelona,Javier Alejandro Mascherano,Left Center Back,64,Barcelona,41.6,27.9,1.573961,,,,,,,,,,,43.5,24.0,,,,,,,,,,,,,
267533,2016-04-02,Barcelona,Real Madrid,La Liga,2015/2016,70d101e9-7550-4cca-8e39-fa0bfe02b30a,1502,1,00:36:25.571000,36,25,Pass,Barcelona,Javier Alejandro Mascherano,Left Center Back,64,Barcelona,43.5,24.0,0.9829,,,,Andrés Iniesta Luján,56.0,24.1,12.5004,0.007999829,Ground Pass,,,,,,,,,,,,,,,,
267533,2016-04-02,Barcelona,Real Madrid,La Liga,2015/2016,aeed39ff-46e0-4668-bd04-e54e74ad372e,1503,1,00:36:26.554000,36,26,Ball Receipt*,Barcelona,Andrés Iniesta Luján,Left Center Midfield,64,Barcelona,56.0,24.1,,,,,,,,,,,,,,,,,,,,,,,,,,
267533,2016-04-02,Barcelona,Real Madrid,La Liga,2015/2016,f2b7db6a-dc05-4a7d-80b9-e2b1eec257f9,1504,1,00:36:26.554000,36,26,Carry,Barcelona,Andrés Iniesta Luján,Left Center Midfield,64,Barcelona,56.0,24.1,0.08,,,,,,,,,,,56.1,22.1,,,,,,,,,,,,,
267533,2016-04-02,Barcelona,Real Madrid,La Liga,2015/2016,a8bebf9a-8fad-496e-83e9-fe0bc57457eb,1505,1,00:36:26.634000,36,26,Pass,Barcelona,Andrés Iniesta Luján,Left Center Midfield,64,Barcelona,56.1,22.1,1.4011,,,,Javier Alejandro Mascherano,46.6,27.8,11.078809,2.6011732,Ground Pass,,,,,,,,,,,,,,,,
267533,2016-04-02,Barcelona,Real Madrid,La Liga,2015/2016,9d8a96d3-2c87-4848-839e-c6415b9f0e74,1506,1,00:36:28.035000,36,28,Ball Receipt*,Barcelona,Javier Alejandro Mascherano,Left Center Back,64,Barcelona,46.6,27.8,,,,,,,,,,,,,,,,,,,,,,,,,,
267533,2016-04-02,Barcelona,Real Madrid,La Liga,2015/2016,36e08d62-3148-47ad-b19a-7e9d97bef31d,1507,1,00:36:28.035000,36,28,Carry,Barcelona,Javier Alejandro Mascherano,Left Center Back,64,Barcelona,46.6,27.8,2.9589,,,,,,,,,,,53.6,33.5,,,,,,,,,,,,,
267533,2016-04-02,Barcelona,Real Madrid,La Liga,2015/2016,0078f1ed-d0f7-4ffa-9238-569759575b5a,1508,1,00:36:30.994000,36,30,Pass,Barcelona,Javier Alejandro Mascherano,Left Center Back,64,Barcelona,53.6,33.5,2.5034,,,,Gerard Piqué Bernabéu,49.2,50.3,17.366634,1.8269477,Ground Pass,,,,,,,,,,,,,,,,
267533,2016-04-02,Barcelona,Real Madrid,La Liga,2015/2016,8056e641-e87c-4fea-9395-12c7b9804ef2,1509,1,00:36:33.497000,36,33,Ball Receipt*,Barcelona,Gerard Piqué Bernabéu,Right Center Back,64,Barcelona,49.2,50.3,,,,,,,,,,,,,,,,,,,,,,,,,,
267533,2016-04-02,Barcelona,Real Madrid,La Liga,2015/2016,ce9b420f-6535-4aed-bfa5-21b0fa33d4c4,1510,1,00:36:33.497000,36,33,Carry,Barcelona,Gerard Piqué Bernabéu,Right Center Back,64,Barcelona,49.2,50.3,3.01525,,,,,,,,,,,58.5,51.4,,,,,,,,,,,,,
267533,2016-04-02,Barcelona,Real Madrid,La Liga,2015/2016,f9850979-df2f-494b-b7ba-af9f659f0c90,1511,1,00:36:36.512000,36,36,Pass,Barcelona,Gerard Piqué Bernabéu,Right Center Back,64,Barcelona,58.5,51.4,0.82745,,,,Sergio Busquets i Burgos,68.3,40.7,14.509652,-0.82927245,Ground Pass,,,,,,,,,,,,,,,,
267533,2016-04-02,Barcelona,Real Madrid,La Liga,2015/2016,980bc385-8ce8-4957-a0c5-42af72678487,1512,1,00:36:37.340000,36,37,Ball Receipt*,Barcelona,Sergio Busquets i Burgos,Center Defensive Midfield,64,Barcelona,68.3,40.7,,,,,,,,,,,,,,,,,,,,,,,,,,
267533,2016-04-02,Barcelona,Real Madrid,La Liga,2015/2016,2eac05c9-bdfe-432b-a0bd-5629121e5ab4,1513,1,00:36:37.340000,36,37,Carry,Barcelona,Sergio Busquets i Burgos,Center Defensive Midfield,64,Barcelona,68.3,40.7,0.012300001,,,,,,,,,,,69.5,42.7,,,,,,,,,,,,,
267533,2016-04-02,Barcelona,Real Madrid,La Liga,2015/2016,7423ab2c-2c6b-4a73-ba12-eecee4cff949,1514,1,00:36:37.352000,36,37,Pass,Barcelona,Sergio Busquets i Burgos,Center Defensive Midfield,64,Barcelona,69.5,42.7,0.8485,,,,Ivan Rakitić,78.1,53.4,13.727709,0.89378005,Ground Pass,,,,,,,,,,,,,,,,
267533,2016-04-02,Barcelona,Real Madrid,La Liga,2015/2016,2cda59bf-cdea-43ac-9b52-e78ed1946b15,1515,1,00:36:38.075000,36,38,Pressure,Real Madrid,Carlos Henrique Casimiro,Center Defensive Midfield,64,Barcelona,42.0,31.6,0.765315,,,,,,,,,,,,,,,,,,,,,,,,,
267533,2016-04-02,Barcelona,Real Madrid,La Liga,2015/2016,50568216-f1ee-4f3c-91e0-a0058de5cea7,1516,1,00:36:38.200000,36,38,Ball Receipt*,Barcelona,Ivan Rakitić,Right Center Midfield,64,Barcelona,78.1,53.4,,True,,,,,,,,,,,,,,,,,,,,,,,,
267533,2016-04-02,Barcelona,Real Madrid,La Liga,2015/2016,33554b3b-4a00-418c-aa1a-60e2db029bfd,1517,1,00:36:38.200000,36,38,Carry,Barcelona,Ivan Rakitić,Right Center Midfield,64,Barcelona,78.1,53.4,0.6879,True,,,,,,,,,,79.1,52.8,,,,,,,,,,,,,
267533,2016-04-02,Barcelona,Real Madrid,La Liga,2015/2016,270cc847-98a0-4ca2-844a-a3a36f07159d,1518,1,00:36:38.888000,36,38,Pass,Barcelona,Ivan Rakitić,Right Center Midfield,64,Barcelona,79.1,52.8,0.7375,,,,Lionel Andrés Messi Cuccittini,75.4,49.6,4.89183,-2.428532,Ground Pass,,,,,,,,,,,,,,,,
267533,2016-04-02,Barcelona,Real Madrid,La Liga,2015/2016,d5a76b20-ab67-4366-97b8-0c05bbdbd770,1519,1,00:36:39.186000,36,39,Pressure,Real Madrid,Toni Kroos,Left Center Midfield,64,Barcelona,44.8,33.0,3.693507,,,,,,,,,,,,,,,,,,,,,,,,,
267533,2016-04-02,Barcelona,Real Madrid,La Liga,2015/2016,36a2684f-b457-4b3b-bdfc-ce4e85e7d83d,1520,1,00:36:39.626000,36,39,Ball Receipt*,Barcelona,Lionel Andrés Messi Cuccittini,Center Forward,64,Barcelona,75.4,49.6,,True,,,,,,,,,,,,,,,,,,,,,,,,
267533,2016-04-02,Barcelona,Real Madrid,La Liga,2015/2016,f4c8fbda-2115-4c8f-b6b0-ba99343e4058,1521,1,00:36:39.626000,36,39,Carry,Barcelona,Lionel Andrés Messi Cuccittini,Center Forward,64,Barcelona,75.4,49.6,3.8586,True,,,,,,,,,,86.3,74.1,,,,,,,,,,,,,
267533,2016-04-02,Barcelona,Real Madrid,La Liga,2015/2016,5513c4bc-c528-41d2-bf62-3fdbfdfa9786,1522,1,00:36:43.484000,36,43,Pass,Barcelona,Lionel Andrés Messi Cuccittini,Center Forward,64,Barcelona,86.3,74.1,0.7905,,,,Daniel Alves da Silva,80.2,75.5,6.258594,2.9159913,Ground Pass,,,,,,,,,,,,,,,,
267533,2016-04-02,Barcelona,Real Madrid,La Liga,2015/2016,293c0a33-2f2a-4c21-ac73-4d9878d66098,1523,1,00:36:44.275000,36,44,Ball Receipt*,Barcelona,Daniel Alves da Silva,Right Back,64,Barcelona,80.2,75.5,,,,,,,,,,,,,,,,,,,,,,,,,,
267533,2016-04-02,Barcelona,Real Madrid,La Liga,2015/2016,cf70952f-c4f6-4d07-8705-e918034bbbb6,1524,1,00:36:44.275000,36,44,Carry,Barcelona,Daniel Alves da Silva,Right Back,64,Barcelona,80.2,75.5,0.9007,,,,,,,,,,,81.2,71.1,,,,,,,,,,,,,
267533,2016-04-02,Barcelona,Real Madrid,La Liga,2015/2016,7a9a05c1-03d3-4bdc-aaf5-9be32b621de7,1525,1,00:36:45.176000,36,45,Pass,Barcelona,Daniel Alves da Silva,Right Back,64,Barcelona,81.2,71.1,1.313002,,,,Lionel Andrés Messi Cuccittini,86.4,75.9,7.0767226,0.7454195,Ground Pass,,,,,,,,,,,,,,,,
267533,2016-04-02,Barcelona,Real Madrid,La Liga,2015/2016,c8f55ddb-43f9-4034-9fd2-2a38beda9e63,1526,1,00:36:46.489000,36,46,Ball Receipt*,Barcelona,Lionel Andrés Messi Cuccittini,Center Forward,64,Barcelona,86.4,75.9,,,,,,,,,,,,,,,,,,,,,,,,,,
267533,2016-04-02,Barcelona,Real Madrid,La Liga,2015/2016,9d33b0cf-4817-432d-9e73-6251699b1726,1527,1,00:36:46.489000,36,46,Carry,Barcelona,Lionel Andrés Messi Cuccittini,Center Forward,64,Barcelona,86.4,75.9,3.712042,True,,,,,,,,,,83.5,60.6,,,,,,,,,,,,,
267533,2016-04-02,Barcelona,Real Madrid,La Liga,2015/2016,aa936518-57c6-49a5-a9c0-931e4cf51d94,1528,1,00:36:48.017000,36,48,Pressure,Real Madrid,Toni Kroos,Left Center Midfield,64,Barcelona,33.7,11.3,1.168021,,,,,,,,,,,,,,,,,,,,,,,,,
267533,2016-04-02,Barcelona,Real Madrid,La Liga,2015/2016,943a8f1b-c183-48f7-87e5-4f6bd5438170,1529,1,00:36:50.201000,36,50,Miscontrol,Barcelona,Lionel Andrés Messi Cuccittini,Center Forward,64,Barcelona,83.5,60.6,0.0,,,,,,,,,,,,,,,,,,,,,,,,,
267533,2016-04-02,Barcelona,Real Madrid,La Liga,2015/2016,a72b687f-8c46-4fcf-b1ce-7eaf20cb82b4,1530,1,00:36:50.863000,36,50,Foul Committed,Barcelona,Lionel Andrés Messi Cuccittini,Center Forward,64,Barcelona,84.9,54.8,0.0,,,,,,,,,,,,,,,,,,,,,,,,,
267533,2016-04-02,Barcelona,Real Madrid,La Liga,2015/2016,eae143d3-3632-4408-b479-83b2488dc3b4,1531,1,00:36:50.863000,36,50,Foul Won,Real Madrid,Carlos Henrique Casimiro,Center Defensive Midfield,64,Barcelona,35.2,25.3,0.0,True,,,,,,,,,,,,,,,,,,,,True,,,,
267533,2016-04-02,Barcelona,Real Madrid,La Liga,2015/2016,6dedcae7-d601-46bd-85d8-06ec24212104,1532,1,00:37:11.506000,37,11,Injury Stoppage,Real Madrid,Carlos Henrique Casimiro,Center Defensive Midfield,64,Barcelona,,,0.0,,,,,,,,,,,,,,,,,,,,,,,,,
267533,2016-04-02,Barcelona,Real Madrid,La Liga,2015/2016,ebc7ab1c-905d-4cc7-beb3-374c1b1b50a5,1533,1,00:37:26.784000,37,26,Pass,Real Madrid,Carlos Henrique Casimiro,Center Defensive Midfield,65,Real Madrid,43.2,28.8,0.928104,,,,Marcelo Vieira da Silva Júnior,43.1,20.2,8.600581,-1.5824237,Ground Pass,,,,,,,,,,,,,,,,
267533,2016-04-02,Barcelona,Real Madrid,La Liga,2015/2016,3425c8dd-21d7-4a96-a8c5-d259ae970c7c,1534,1,00:37:27.712000,37,27,Ball Receipt*,Real Madrid,Marcelo Vieira da Silva Júnior,Left Back,65,Real Madrid,43.1,20.2,,,,,,,,,,,,,,,,,,,,,,,,,,
267533,2016-04-02,Barcelona,Real Madrid,La Liga,2015/2016,487f96b3-6c75-4ee0-9926-edc40ba9cf00,1535,1,00:37:27.712000,37,27,Carry,Real Madrid,Marcelo Vieira da Silva Júnior,Left Back,65,Real Madrid,43.1,20.2,2.862202,,,,,,,,,,,43.1,20.2,,,,,,,,,,,,,
267533,2016-04-02,Barcelona,Real Madrid,La Liga,2015/2016,eb754b73-fe12-4b00-9beb-8d62a272cb28,1536,1,00:37:30.574000,37,30,Pass,Real Madrid,Marcelo Vieira da Silva Júnior,Left Back,65,Real Madrid,43.1,20.2,0.744894,,,,Sergio Ramos García,30.9,25.9,13.465883,2.704517,Ground Pass,,,,,,,,,,,,,,,,
267533,2016-04-02,Barcelona,Real Madrid,La Liga,2015/2016,3f5cf51f-d1ec-44bb-bef2-0621dd8dfb3b,1537,1,00:37:31.205000,37,31,Pressure,Barcelona,Luis Alberto Suárez Díaz,Right Wing,65,Real Madrid,85.4,51.0,0.908687,,,,,,,,,,,,,,,,,,,,,,,,,
267533,2016-04-02,Barcelona,Real Madrid,La Liga,2015/2016,26a80dda-e262-4653-8c31-ef7c172c949e,1538,1,00:37:31.319000,37,31,Ball Receipt*,Real Madrid,Sergio Ramos García,Left Center Back,65,Real Madrid,30.9,25.9,,True,,,,,,,,,,,,,,,,,,,,,,,,
267533,2016-04-02,Barcelona,Real Madrid,La Liga,2015/2016,086d658d-bbc0-46bd-ab24-9932952b0d51,1539,1,00:37:31.319000,37,31,Carry,Real Madrid,Sergio Ramos García,Left Center Back,65,Real Madrid,30.9,25.9,0.655993,True,,,,,,,,,,31.1,25.0,,,,,,,,,,,,,
267533,2016-04-02,Barcelona,Real Madrid,La Liga,2015/2016,c8d7b1c9-6fee-455c-9a3c-4f63f38f995d,1540,1,00:37:31.975000,37,31,Pass,Real Madrid,Sergio Ramos García,Left Center Back,65,Real Madrid,31.1,25.0,2.146507,True,,,Keylor Navas Gamboa,13.8,35.6,20.28916,2.591875,Ground Pass,,,,,,,,,,,,,,,,
267533,2016-04-02,Barcelona,Real Madrid,La Liga,2015/2016,574caa18-541c-4a53-8a89-d54e5b9ee70d,1541,1,00:37:34.122000,37,34,Ball Receipt*,Real Madrid,Keylor Navas Gamboa,Goalkeeper,65,Real Madrid,13.8,35.6,,,,,,,,,,,,,,,,,,,,,,,,,,
267533,2016-04-02,Barcelona,Real Madrid,La Liga,2015/2016,84aef7b6-ada0-4ceb-94a6-c5e8b810c3f8,1542,1,00:37:34.122000,37,34,Carry,Real Madrid,Keylor Navas Gamboa,Goalkeeper,65,Real Madrid,13.8,35.6,1.5053,,,,,,,,,,,16.4,44.2,,,,,,,,,,,,,
267533,2016-04-02,Barcelona,Real Madrid,La Liga,2015/2016,f919bde9-c2af-4a7a-aa54-7e4c5b1c0c78,1543,1,00:37:35.627000,37,35,Pass,Real Madrid,Keylor Navas Gamboa,Goalkeeper,65,Real Madrid,16.4,44.2,1.114726,,,,Kléper Laveran Lima Ferreira,26.8,57.7,17.04142,0.91438514,Ground Pass,,,,,,,,,,,,,,,,
267533,2016-04-02,Barcelona,Real Madrid,La Liga,2015/2016,59999b13-bed0-4777-bb3b-0bb000a12257,1544,1,00:37:36.742000,37,36,Ball Receipt*,Real Madrid,Kléper Laveran Lima Ferreira,Right Center Back,65,Real Madrid,26.8,57.7,,,,,,,,,,,,,,,,,,,,,,,,,,
267533,2016-04-02,Barcelona,Real Madrid,La Liga,2015/2016,9e32358a-bbc3-4991-b24a-e4344b046fa1,1545,1,00:37:36.742000,37,36,Carry,Real Madrid,Kléper Laveran Lima Ferreira,Right Center Back,65,Real Madrid,26.8,57.7,1.952774,,,,,,,,,,,34.3,64.0,,,,,,,,,,,,,
267533,2016-04-02,Barcelona,Real Madrid,La Liga,2015/2016,4751a8a4-2650-41d8-9744-2ad2d4562b10,1546,1,00:37:38.694000,37,38,Pass,Real Madrid,Kléper Laveran Lima Ferreira,Right Center Back,65,Real Madrid,34.3,64.0,1.148293,,,,Daniel Carvajal Ramos,42.7,76.8,15.310127,0.99003994,Ground Pass,,,,,,,,,,,,,,,,
267533,2016-04-02,Barcelona,Real Madrid,La Liga,2015/2016,2613932f-35eb-4780-9cdd-a5f4f4f96814,1547,1,00:37:39.843000,37,39,Ball Receipt*,Real Madrid,Daniel Carvajal Ramos,Right Back,65,Real Madrid,42.7,76.8,,,,,,,,,,,,,,,,,,,,,,,,,,
267533,2016-04-02,Barcelona,Real Madrid,La Liga,2015/2016,2d08e2b9-bbd5-4d65-85ca-aeff9144a9f1,1548,1,00:37:39.843000,37,39,Carry,Real Madrid,Daniel Carvajal Ramos,Right Back,65,Real Madrid,42.7,76.8,0.871607,True,,,,,,,,,,42.4,76.0,,,,,,,,,,,,,
267533,2016-04-02,Barcelona,Real Madrid,La Liga,2015/2016,33669198-a9fe-4dde-93fa-1901da3eaf1f,1549,1,00:37:40.210000,37,40,Pressure,Barcelona,Neymar da Silva Santos Junior,Left Wing,65,Real Madrid,74.3,6.6,0.547573,,,,,,,,,,,,,,,,,,,,,,,,,
267533,2016-04-02,Barcelona,Real Madrid,La Liga,2015/2016,caebfe95-c096-40e1-8046-af3e212aa0d9,1550,1,00:37:40.714000,37,40,Pass,Real Madrid,Daniel Carvajal Ramos,Right Back,65,Real Madrid,42.4,76.0,0.1229,True,,,Luka Modrić,44.4,74.6,2.4413111,-0.61072594,Low Pass,Incomplete,,,,,,,,,,,,,,,
267533,2016-04-02,Barcelona,Real Madrid,La Liga,2015/2016,a1ef293e-bdb3-471a-a0f4-a8f713055ed8,1551,1,00:37:40.837000,37,40,Ball Receipt*,Real Madrid,Luka Modrić,Right Center Midfield,65,Real Madrid,46.8,70.5,,,,,,,,,,,,,,,,,,,,,,,,,,
267533,2016-04-02,Barcelona,Real Madrid,La Liga,2015/2016,31d60e4d-c240-44a9-8671-4698f79d0a8e,1552,1,00:37:40.837000,37,40,Block,Barcelona,Neymar da Silva Santos Junior,Left Wing,65,Real Madrid,75.7,5.5,0.0,,,True,,,,,,,,,,,,,,,,,,,,,,
267533,2016-04-02,Barcelona,Real Madrid,La Liga,2015/2016,ece4f9de-4f8a-435c-9a37-f26ae43d2028,1553,1,00:37:51.848000,37,51,Pass,Real Madrid,Daniel Carvajal Ramos,Right Back,66,Real Madrid,50.8,80.0,1.2081,,,,Gareth Frank Bale,68.9,75.9,18.558556,-0.2227601,High Pass,Incomplete,,,,,,,,,,,,,,,
267533,2016-04-02,Barcelona,Real Madrid,La Liga,2015/2016,99ae0caa-4821-4553-b9d6-001584eb6674,1554,1,00:37:53.056000,37,53,Ball Receipt*,Real Madrid,Gareth Frank Bale,Right Wing,66,Real Madrid,70.1,74.6,,,,,,,,,,,,,,,,,,,,,,,,,,
267533,2016-04-02,Barcelona,Real Madrid,La Liga,2015/2016,c0a2cf44-be07-4c9a-bd21-cbaff1da240f,1555,1,00:37:53.056000,37,53,Ball Recovery,Barcelona,Jordi Alba Ramos,Left Back,67,Barcelona,51.2,4.2,0.0,,,,,,,,,,,,,,,,,,,,,,,,,
267533,2016-04-02,Barcelona,Real Madrid,La Liga,2015/2016,53de0dcb-c86d-415f-a3a5-e2d0f7c99843,1556,1,00:37:53.056000,37,53,Carry,Barcelona,Jordi Alba Ramos,Left Back,67,Barcelona,51.2,4.2,1.2057,,,,,,,,,,,57.7,6.2,,,,,,,,,,,,,
267533,2016-04-02,Barcelona,Real Madrid,La Liga,2015/2016,dc2f4fa7-bbef-4898-8c3f-4bbab516a50b,1557,1,00:37:54.262000,37,54,Pass,Barcelona,Jordi Alba Ramos,Left Back,67,Barcelona,57.7,6.2,0.79601,,,,Luis Alberto Suárez Díaz,71.5,12.4,15.12878,0.42225116,Ground Pass,,,,,,,,,,,,,,,,
267533,2016-04-02,Barcelona,Real Madrid,La Liga,2015/2016,475920ad-783f-4283-9ef6-9ec1425272a5,1558,1,00:37:55.058000,37,55,Ball Receipt*,Barcelona,Luis Alberto Suárez Díaz,Right Wing,67,Barcelona,71.5,12.4,,,,,,,,,,,,,,,,,,,,,,,,,,
267533,2016-04-02,Barcelona,Real Madrid,La Liga,2015/2016,62f1f487-89a6-4979-9eeb-7acb8310a0e9,1559,1,00:37:55.058000,37,55,Carry,Barcelona,Luis Alberto Suárez Díaz,Right Wing,67,Barcelona,71.5,12.4,2.742669,True,,,,,,,,,,81.5,10.6,,,,,,,,,,,,,
267533,2016-04-02,Barcelona,Real Madrid,La Liga,2015/2016,d08ba277-27cc-4a84-b224-17c52d872942,1560,1,00:37:56.232000,37,56,Pressure,Real Madrid,Carlos Henrique Casimiro,Center Defensive Midfield,67,Barcelona,40.9,66.3,0.905477,,,,,,,,,,,,,,,,,,,,,,,,,
267533,2016-04-02,Barcelona,Real Madrid,La Liga,2015/2016,91ab3818-a418-435c-b285-943aa4c2fdfd,1561,1,00:37:57.801000,37,57,Pass,Barcelona,Luis Alberto Suárez Díaz,Right Wing,67,Barcelona,81.5,10.6,1.053716,,,,Neymar da Silva Santos Junior,91.2,5.7,10.867382,-0.4677628,Ground Pass,,,,,,,,,,,,,,,,
267533,2016-04-02,Barcelona,Real Madrid,La Liga,2015/2016,25ce364f-69cc-4403-b544-48bed979823e,1562,1,00:37:58.854000,37,58,Ball Receipt*,Barcelona,Neymar da Silva Santos Junior,Left Wing,67,Barcelona,91.2,5.7,,,,,,,,,,,,,,,,,,,,,,,,,,
267533,2016-04-02,Barcelona,Real Madrid,La Liga,2015/2016,b6f85222-9f23-4efb-a511-4a420b713699,1563,1,00:37:58.854000,37,58,Carry,Barcelona,Neymar da Silva Santos Junior,Left Wing,67,Barcelona,91.2,5.7,2.288905,,,,,,,,,,,86.0,13.4,,,,,,,,,,,,,
267533,2016-04-02,Barcelona,Real Madrid,La Liga,2015/2016,3f44b603-6b86-4731-b3f7-bfaa6c4caee7,1564,1,00:38:01.143000,38,1,Pass,Barcelona,Neymar da Silva Santos Junior,Left Wing,67,Barcelona,86.0,13.4,1.695654,,,,Andrés Iniesta Luján,81.5,18.8,7.029225,2.2655346,Ground Pass,,,,,,,,,,,,,,,,
267533,2016-04-02,Barcelona,Real Madrid,La Liga,2015/2016,fec14c79-37ed-4147-83e5-828d2fef07a8,1565,1,00:38:02.839000,38,2,Ball Receipt*,Barcelona,Andrés Iniesta Luján,Left Center Midfield,67,Barcelona,81.5,18.8,,,,,,,,,,,,,,,,,,,,,,,,,,
267533,2016-04-02,Barcelona,Real Madrid,La Liga,2015/2016,f341c8db-5813-4de4-8281-127dda58934c,1566,1,00:38:02.839000,38,2,Carry,Barcelona,Andrés Iniesta Luján,Left Center Midfield,67,Barcelona,81.5,18.8,1.889816,,,,,,,,,,,83.9,24.8,,,,,,,,,,,,,
267533,2016-04-02,Barcelona,Real Madrid,La Liga,2015/2016,c56e1564-bc00-4bb2-8740-36073030cb22,1567,1,00:38:04.729000,38,4,Pass,Barcelona,Andrés Iniesta Luján,Left Center Midfield,67,Barcelona,83.9,24.8,0.68133,,,,Neymar da Silva Santos Junior,98.1,21.0,14.69966,-0.2614788,Low Pass,Incomplete,,,,,,,,,,,,,,,
267533,2016-04-02,Barcelona,Real Madrid,La Liga,2015/2016,c742d2e7-ac97-4dc6-97fc-e596d585645a,1568,1,00:38:05.410000,38,5,Ball Receipt*,Barcelona,Neymar da Silva Santos Junior,Left Wing,67,Barcelona,99.0,18.0,,,,,,,,,,,,,,,,,,,,,,,,,,
267533,2016-04-02,Barcelona,Real Madrid,La Liga,2015/2016,45ff9f91-690f-4dd6-84da-0fcb6b6a5e31,1569,1,00:38:05.410000,38,5,Interception,Real Madrid,Daniel Carvajal Ramos,Right Back,68,Real Madrid,22.0,59.1,0.0,,,,,,,,,,,,,,,,,,,,,,,,,
267533,2016-04-02,Barcelona,Real Madrid,La Liga,2015/2016,b9215fe6-9551-4ce7-bce4-1a68affeaa25,1570,1,00:38:07.208000,38,7,Pass,Real Madrid,Daniel Carvajal Ramos,Right Back,68,Real Madrid,22.4,61.5,0.7457,,,,Gareth Frank Bale,30.7,63.2,8.472308,0.20202516,High Pass,,,,,,,,,,,,,,,,
267533,2016-04-02,Barcelona,Real Madrid,La Liga,2015/2016,384b8532-d1cb-48c2-a66a-6bb8dfc1f529,1571,1,00:38:07.939000,38,7,Pressure,Barcelona,Sergio Busquets i Burgos,Center Defensive Midfield,68,Real Madrid,86.3,17.8,1.829318,,,,,,,,,,,,,,,,,,,,,,,,,
267533,2016-04-02,Barcelona,Real Madrid,La Liga,2015/2016,e40502c0-6789-41b9-8799-d40ce6f64071,1572,1,00:38:07.954000,38,7,Ball Receipt*,Real Madrid,Gareth Frank Bale,Right Wing,68,Real Madrid,30.7,63.2,,True,,,,,,,,,,,,,,,,,,,,,,,,
267533,2016-04-02,Barcelona,Real Madrid,La Liga,2015/2016,022ae641-f79d-4c42-b936-87137ccaf4a6,1573,1,00:38:07.954000,38,7,Carry,Real Madrid,Gareth Frank Bale,Right Wing,68,Real Madrid,30.7,63.2,3.8729,True,,,,,,,,,,41.0,46.6,,,,,,,,,,,,,
267533,2016-04-02,Barcelona,Real Madrid,La Liga,2015/2016,a9832e90-a367-4535-b822-44284f209591,1574,1,00:38:11.827000,38,11,Pass,Real Madrid,Gareth Frank Bale,Right Wing,68,Real Madrid,41.0,46.6,1.294192,,,,Toni Kroos,44.4,30.1,16.84666,-1.36758,Ground Pass,,,,,,,,,,,,,,,,
267533,2016-04-02,Barcelona,Real Madrid,La Liga,2015/2016,091819e3-d2a5-419f-a5dd-025aecdf77ec,1575,1,00:38:13.121000,38,13,Ball Receipt*,Real Madrid,Toni Kroos,Left Center Midfield,68,Real Madrid,44.4,30.1,,,,,,,,,,,,,,,,,,,,,,,,,,
267533,2016-04-02,Barcelona,Real Madrid,La Liga,2015/2016,9cd85258-c369-4162-aa3b-37c7fad5a55c,1576,1,00:38:13.121000,38,13,Carry,Real Madrid,Toni Kroos,Left Center Midfield,68,Real Madrid,44.4,30.1,4.033708,,,,,,,,,,,78.5,25.4,,,,,,,,,,,,,
267533,2016-04-02,Barcelona,Real Madrid,La Liga,2015/2016,c2891fa6-1a9b-4041-b197-7385c9ef8568,1577,1,00:38:17.155000,38,17,Pass,Real Madrid,Toni Kroos,Left Center Midfield,68,Real Madrid,78.5,25.4,1.12445,,,,Marcelo Vieira da Silva Júnior,82.0,13.7,12.212289,-1.2801238,Ground Pass,,,,,,,,,,,,,,,,
267533,2016-04-02,Barcelona,Real Madrid,La Liga,2015/2016,a71edf9b-cdbb-4a3b-97a4-7c47f65fda52,1578,1,00:38:18.279000,38,18,Ball Receipt*,Real Madrid,Marcelo Vieira da Silva Júnior,Left Back,68,Real Madrid,82.0,13.7,,,,,,,,,,,,,,,,,,,,,,,,,,
267533,2016-04-02,Barcelona,Real Madrid,La Liga,2015/2016,33cf645a-116a-40a5-b6ef-0fbf20c623fd,1579,1,00:38:18.279000,38,18,Carry,Real Madrid,Marcelo Vieira da Silva Júnior,Left Back,68,Real Madrid,82.0,13.7,1.98295,,,,,,,,,,,85.1,20.2,,,,,,,,,,,,,
267533,2016-04-02,Barcelona,Real Madrid,La Liga,2015/2016,fed6a40b-96c4-44d7-8279-b7a8c353eb2b,1580,1,00:38:20.262000,38,20,Pass,Real Madrid,Marcelo Vieira da Silva Júnior,Left Back,68,Real Madrid,85.1,20.2,1.573898,,,,Gareth Frank Bale,105.8,31.1,23.394444,0.48467702,Ground Pass,Incomplete,,,,,,,,,,,,,,,
267533,2016-04-02,Barcelona,Real Madrid,La Liga,2015/2016,1f3842b8-e28a-4bbd-8403-d214ade3b6e4,1581,1,00:38:21.836000,38,21,Ball Receipt*,Real Madrid,Gareth Frank Bale,Right Wing,68,Real Madrid,104.8,25.4,,,,,,,,,,,,,,,,,,,,,,,,,,
267533,2016-04-02,Barcelona,Real Madrid,La Liga,2015/2016,71abed81-71af-4ef1-87c5-b3ce426e290b,1582,1,00:38:21.836000,38,21,Ball Recovery,Barcelona,Gerard Piqué Bernabéu,Right Center Back,68,Real Madrid,14.3,49.0,0.0,,,,,,,,,,,,,,,,,,,,,,,,,
267533,2016-04-02,Barcelona,Real Madrid,La Liga,2015/2016,acc2f69e-dbfe-44cb-a3ca-89e4ad085e28,1583,1,00:38:21.836000,38,21,Carry,Barcelona,Gerard Piqué Bernabéu,Right Center Back,68,Real Madrid,14.3,49.0,1.880285,True,,,,,,,,,,1.1,58.2,,,,,,,,,,,,,
267533,2016-04-02,Barcelona,Real Madrid,La Liga,2015/2016,df7322fe-9ca3-4a8e-a20f-6c7c439bb8b8,1584,1,00:38:22.370000,38,22,Pressure,Real Madrid,Gareth Frank Bale,Right Wing,68,Real Madrid,108.9,26.8,1.336345,,,,,,,,,,,,,,,,,,,,,,,,,
267533,2016-04-02,Barcelona,Real Madrid,La Liga,2015/2016,c40f1bba-3839-42c4-8317-35868a3df9be,1585,1,00:38:23.716000,38,23,Pass,Barcelona,Gerard Piqué Bernabéu,Right Center Back,68,Real Madrid,1.1,58.2,1.393736,,,,,3.6,80.0,21.94288,1.4566162,Ground Pass,Out,,,,,,,,,,,,,,,
267533,2016-04-02,Barcelona,Real Madrid,La Liga,2015/2016,60eb8202-9d12-4ae6-a800-f35c53f6f5e7,1586,1,00:38:54.326000,38,54,Pass,Real Madrid,Gareth Frank Bale,Right Wing,69,Real Madrid,115.4,0.1,1.7523,,,,,116.2,28.8,28.711147,1.5429289,High Pass,Incomplete,,,,,,,,,,,,,,,
267533,2016-04-02,Barcelona,Real Madrid,La Liga,2015/2016,36af71a5-fe6d-4ef5-a24d-9ad91d2e0d46,1587,1,00:38:56.079000,38,56,Clearance,Barcelona,Daniel Alves da Silva,Right Back,69,Real Madrid,3.9,51.3,0.0,True,,,,,,,,,,,,,,,,,,,,,,,,
267533,2016-04-02,Barcelona,Real Madrid,La Liga,2015/2016,9e2a2e05-e8b0-4e16-a2ae-9e5b33c7742f,1588,1,00:38:58.156000,38,58,Duel,Real Madrid,Marcelo Vieira da Silva Júnior,Left Back,69,Real Madrid,102.4,24.5,0.0,True,,,,,,,,,,,,,,,,Aerial Lost,,,,,,,,
267533,2016-04-02,Barcelona,Real Madrid,La Liga,2015/2016,9479d22c-2521-4304-9f20-b45b042bf30d,1589,1,00:38:58.156000,38,58,Clearance,Barcelona,Luis Alberto Suárez Díaz,Right Wing,69,Real Madrid,17.7,55.6,0.0,True,,,,,,,,,,,,,,,,,,,,,,,,
267533,2016-04-02,Barcelona,Real Madrid,La Liga,2015/2016,019dd174-7b8d-4e85-98af-7998dd11757e,1590,1,00:38:59.601000,38,59,Clearance,Barcelona,Neymar da Silva Santos Junior,Left Wing,69,Real Madrid,24.0,47.1,0.0,True,,,,,,,,,,,,,,,,,,,,,,,,
267533,2016-04-02,Barcelona,Real Madrid,La Liga,2015/2016,28d2306d-b763-4b27-adf1-829d9b7495dd,1591,1,00:39:04.841000,39,4,Pass,Real Madrid,Daniel Carvajal Ramos,Right Back,69,Real Madrid,53.2,5.7,2.444077,,,,Keylor Navas Gamboa,16.8,29.8,43.655125,2.5567667,Low Pass,,,,,,,,,,,,,,,,
267533,2016-04-02,Barcelona,Real Madrid,La Liga,2015/2016,6daec4be-700a-40c4-bcf2-1d4adf1eea41,1592,1,00:39:07.285000,39,7,Ball Receipt*,Real Madrid,Keylor Navas Gamboa,Goalkeeper,69,Real Madrid,16.8,29.8,,,,,,,,,,,,,,,,,,,,,,,,,,
267533,2016-04-02,Barcelona,Real Madrid,La Liga,2015/2016,4c16f121-1f5f-4389-8920-fcaa4d5b9294,1593,1,00:39:07.285000,39,7,Carry,Real Madrid,Keylor Navas Gamboa,Goalkeeper,69,Real Madrid,16.8,29.8,1.897923,True,,,,,,,,,,16.4,28.8,,,,,,,,,,,,,
267533,2016-04-02,Barcelona,Real Madrid,La Liga,2015/2016,9aca5f79-25a1-4d82-9a92-42a39bb3fd97,1594,1,00:39:08.449000,39,8,Pressure,Barcelona,Luis Alberto Suárez Díaz,Right Wing,69,Real Madrid,94.3,49.5,1.09174,,,,,,,,,,,,,,,,,,,,,,,,,
267533,2016-04-02,Barcelona,Real Madrid,La Liga,2015/2016,8c190288-dc7a-4d6b-9380-870d9398963f,1595,1,00:39:09.183000,39,9,Pass,Real Madrid,Keylor Navas Gamboa,Goalkeeper,69,Real Madrid,16.4,28.8,4.478724,True,,,,84.1,0.2,73.493195,-0.39971048,High Pass,Out,,,,,,,,,,,,,,,
267533,2016-04-02,Barcelona,Real Madrid,La Liga,2015/2016,3f7be481-9396-4da8-8326-8e67d66eb4eb,1596,1,00:39:20.867000,39,20,Pass,Barcelona,Daniel Alves da Silva,Right Back,70,Barcelona,35.3,80.0,3.0458,,True,,Gerard Piqué Bernabéu,38.1,58.6,21.5824,-1.4406942,Low Pass,,,,,,,,,,,,,,,,
267533,2016-04-02,Barcelona,Real Madrid,La Liga,2015/2016,bc5ecdd5-1b67-4fc4-87c3-22d978cf0612,1597,1,00:39:23.913000,39,23,Ball Receipt*,Barcelona,Gerard Piqué Bernabéu,Right Center Back,70,Barcelona,38.1,58.6,,,,,,,,,,,,,,,,,,,,,,,,,,
267533,2016-04-02,Barcelona,Real Madrid,La Liga,2015/2016,529f4877-9344-4bf7-a02c-58a01f9a7227,1598,1,00:39:29.104000,39,29,Pass,Barcelona,Gerard Piqué Bernabéu,Right Center Back,70,Barcelona,51.4,56.2,1.045638,,,,Luis Alberto Suárez Díaz,76.0,45.2,26.947355,-0.42048505,Ground Pass,,,,,,,,,,,,,,,,
267533,2016-04-02,Barcelona,Real Madrid,La Liga,2015/2016,a23ea8db-829c-42c1-863f-4da6a401d74c,1599,1,00:39:30.149000,39,30,Ball Receipt*,Barcelona,Luis Alberto Suárez Díaz,Right Wing,70,Barcelona,76.0,45.2,,,,,,,,,,,,,,,,,,,,,,,,,,
267533,2016-04-02,Barcelona,Real Madrid,La Liga,2015/2016,687ab56c-86b5-40d6-8ea3-8e05f260e2b9,1600,1,00:39:30.149000,39,30,Carry,Barcelona,Luis Alberto Suárez Díaz,Right Wing,70,Barcelona,76.0,45.2,0.077962,,,,,,,,,,,75.4,46.9,,,,,,,,,,,,,
267533,2016-04-02,Barcelona,Real Madrid,La Liga,2015/2016,a2309f31-8a73-4b0b-9530-136f95a2e35b,1601,1,00:39:30.227000,39,30,Pass,Barcelona,Luis Alberto Suárez Díaz,Right Wing,70,Barcelona,75.4,46.9,1.260156,,,,Lionel Andrés Messi Cuccittini,76.9,65.8,18.95943,1.4915973,Ground Pass,,,,,,,,,,,,,,,,
267533,2016-04-02,Barcelona,Real Madrid,La Liga,2015/2016,67c2829e-463c-43a7-a688-19ade6ae6e40,1602,1,00:39:31.488000,39,31,Ball Receipt*,Barcelona,Lionel Andrés Messi Cuccittini,Center Forward,70,Barcelona,76.9,65.8,,,,,,,,,,,,,,,,,,,,,,,,,,
267533,2016-04-02,Barcelona,Real Madrid,La Liga,2015/2016,57c5b26d-7670-4444-b0b3-e2d3aa044e1a,1603,1,00:39:31.488000,39,31,Carry,Barcelona,Lionel Andrés Messi Cuccittini,Center Forward,70,Barcelona,76.9,65.8,1.446582,,,,,,,,,,,76.4,64.8,,,,,,,,,,,,,
267533,2016-04-02,Barcelona,Real Madrid,La Liga,2015/2016,13bec9b3-77de-4e58-8731-865351632dc9,1604,1,00:39:32.934000,39,32,Pass,Barcelona,Lionel Andrés Messi Cuccittini,Center Forward,70,Barcelona,76.4,64.8,0.956476,,,,Ivan Rakitić,70.7,55.2,11.164677,-2.1066077,Ground Pass,,,,,,,,,,,,,,,,
267533,2016-04-02,Barcelona,Real Madrid,La Liga,2015/2016,cdab40d6-df07-4436-b722-4f33ae0bbc79,1605,1,00:39:33.891000,39,33,Ball Receipt*,Barcelona,Ivan Rakitić,Right Center Midfield,70,Barcelona,70.7,55.2,,,,,,,,,,,,,,,,,,,,,,,,,,
267533,2016-04-02,Barcelona,Real Madrid,La Liga,2015/2016,347aafeb-4f71-45a4-b22e-951baf285baa,1606,1,00:39:33.891000,39,33,Carry,Barcelona,Ivan Rakitić,Right Center Midfield,70,Barcelona,70.7,55.2,0.414002,,,,,,,,,,,71.1,52.8,,,,,,,,,,,,,
267533,2016-04-02,Barcelona,Real Madrid,La Liga,2015/2016,61871f89-c51b-4f6f-a740-f458c4e9aff4,1607,1,00:39:34.305000,39,34,Pass,Barcelona,Ivan Rakitić,Right Center Midfield,70,Barcelona,71.1,52.8,1.286007,,,,Sergio Busquets i Burgos,68.0,39.9,13.267253,-1.8066344,Ground Pass,,,,,,,,,,,,,,,,
267533,2016-04-02,Barcelona,Real Madrid,La Liga,2015/2016,48e0741f-b42f-451a-b277-2a0292a68872,1608,1,00:39:35.591000,39,35,Ball Receipt*,Barcelona,Sergio Busquets i Burgos,Center Defensive Midfield,70,Barcelona,68.0,39.9,,,,,,,,,,,,,,,,,,,,,,,,,,
267533,2016-04-02,Barcelona,Real Madrid,La Liga,2015/2016,8e12e895-8071-4835-99c1-3ab41a736a2d,1609,1,00:39:35.591000,39,35,Carry,Barcelona,Sergio Busquets i Burgos,Center Defensive Midfield,70,Barcelona,68.0,39.9,2.877477,,,,,,,,,,,75.3,36.9,,,,,,,,,,,,,
267533,2016-04-02,Barcelona,Real Madrid,La Liga,2015/2016,3fe61481-b6be-4beb-a49b-3478ef99914a,1610,1,00:39:38.468000,39,38,Pass,Barcelona,Sergio Busquets i Burgos,Center Defensive Midfield,70,Barcelona,75.3,36.9,0.5116,,,,Ivan Rakitić,75.9,45.1,8.221922,1.4977558,Ground Pass,,,,,,,,,,,,,,,,
267533,2016-04-02,Barcelona,Real Madrid,La Liga,2015/2016,a4696daa-4535-4d44-91d3-f29d3774af8d,1611,1,00:39:38.980000,39,38,Ball Receipt*,Barcelona,Ivan Rakitić,Right Center Midfield,70,Barcelona,75.9,45.1,,,,,,,,,,,,,,,,,,,,,,,,,,
267533,2016-04-02,Barcelona,Real Madrid,La Liga,2015/2016,a64335ee-e953-4c74-9d7f-6533843f2a2d,1612,1,00:39:38.980000,39,38,Carry,Barcelona,Ivan Rakitić,Right Center Midfield,70,Barcelona,75.9,45.1,0.08,,,,,,,,,,,75.9,44.3,,,,,,,,,,,,,
267533,2016-04-02,Barcelona,Real Madrid,La Liga,2015/2016,fa05b89d-c278-4803-8b4f-54bcf9a4f51b,1613,1,00:39:39.060000,39,39,Pass,Barcelona,Ivan Rakitić,Right Center Midfield,70,Barcelona,75.9,44.3,0.732501,,,,Sergio Busquets i Burgos,68.0,37.9,10.167104,-2.4607074,Ground Pass,,,,,,,,,,,,,,,,
267533,2016-04-02,Barcelona,Real Madrid,La Liga,2015/2016,f63ab519-df79-4bf2-9cdd-472d74294f08,1614,1,00:39:39.792000,39,39,Ball Receipt*,Barcelona,Sergio Busquets i Burgos,Center Defensive Midfield,70,Barcelona,68.0,37.9,,,,,,,,,,,,,,,,,,,,,,,,,,
267533,2016-04-02,Barcelona,Real Madrid,La Liga,2015/2016,4ad77b84-1825-4222-b4ff-0e41d903d8a8,1615,1,00:39:39.792000,39,39,Carry,Barcelona,Sergio Busquets i Burgos,Center Defensive Midfield,70,Barcelona,68.0,37.9,2.780471,,,,,,,,,,,68.0,38.9,,,,,,,,,,,,,
267533,2016-04-02,Barcelona,Real Madrid,La Liga,2015/2016,becafa19-0c30-43bc-9059-a01c0bdac3a3,1616,1,00:39:42.573000,39,42,Pass,Barcelona,Sergio Busquets i Burgos,Center Defensive Midfield,70,Barcelona,68.0,38.9,1.125512,,,,Lionel Andrés Messi Cuccittini,77.7,49.9,14.665947,0.8481177,Ground Pass,,,,,,,,,,,,,,,,
267533,2016-04-02,Barcelona,Real Madrid,La Liga,2015/2016,a8fd819c-0f41-49b2-a504-a7b760fcc881,1617,1,00:39:43.698000,39,43,Ball Receipt*,Barcelona,Lionel Andrés Messi Cuccittini,Center Forward,70,Barcelona,77.7,49.9,,,,,,,,,,,,,,,,,,,,,,,,,,
267533,2016-04-02,Barcelona,Real Madrid,La Liga,2015/2016,dcc98707-f477-498f-9485-fd92daf67d45,1618,1,00:39:43.698000,39,43,Carry,Barcelona,Lionel Andrés Messi Cuccittini,Center Forward,70,Barcelona,77.7,49.9,2.187241,True,,,,,,,,,,74.0,42.4,,,,,,,,,,,,,
267533,2016-04-02,Barcelona,Real Madrid,La Liga,2015/2016,6ee1c5d8-4649-4fb0-a83a-94bb4255a047,1619,1,00:39:44.751000,39,44,Pressure,Real Madrid,Gareth Frank Bale,Right Wing,70,Barcelona,45.5,31.5,1.10323,,,,,,,,,,,,,,,,,,,,,,,,,
267533,2016-04-02,Barcelona,Real Madrid,La Liga,2015/2016,9f753193-d947-4e6b-9ac4-d5d1d5f264bc,1620,1,00:39:45.885000,39,45,Pass,Barcelona,Lionel Andrés Messi Cuccittini,Center Forward,70,Barcelona,74.0,42.4,1.371753,,,,,104.2,28.6,33.203613,-0.4286215,High Pass,Unknown,,,,,,,,,,,,,,,
267533,2016-04-02,Barcelona,Real Madrid,La Liga,2015/2016,a71c91c9-40f7-4d3c-bcb3-2204cb135c81,1621,1,00:39:46.382000,39,46,Pressure,Real Madrid,Cristiano Ronaldo dos Santos Aveiro,Left Wing,70,Barcelona,24.9,60.5,2.634419,,,,,,,,,,,,,,,,,,,,,,,,,
267533,2016-04-02,Barcelona,Real Madrid,La Liga,2015/2016,ed4ee56b-431e-46b0-abd8-e0b73dd29aa4,1622,1,00:39:49.150000,39,49,Foul Committed,Barcelona,Jordi Alba Ramos,Left Back,70,Barcelona,109.1,27.8,0.0,,,,,,,,,,,,,,,,,,,,,,,,,
267533,2016-04-02,Barcelona,Real Madrid,La Liga,2015/2016,61a4b14b-0271-4343-8f3b-d251a7c6237e,1623,1,00:39:49.150000,39,49,Foul Won,Real Madrid,Cristiano Ronaldo dos Santos Aveiro,Left Wing,70,Barcelona,11.0,52.3,0.0,True,,,,,,,,,,,,,,,,,,,,True,,,,
267533,2016-04-02,Barcelona,Real Madrid,La Liga,2015/2016,9a6610cf-0168-4a64-aeaa-496267895df1,1624,1,00:40:16.620000,40,16,Pass,Real Madrid,Keylor Navas Gamboa,Goalkeeper,71,Real Madrid,14.5,46.7,4.0188,,,,Karim Benzema,71.4,28.3,59.801086,-0.31276083,High Pass,Incomplete,,,,,,,,,,,,,,,
267533,2016-04-02,Barcelona,Real Madrid,La Liga,2015/2016,67a01f37-2ed3-4ce1-8b1c-ae59cab8074d,1625,1,00:40:20.639000,40,20,Ball Receipt*,Real Madrid,Karim Benzema,Center Forward,71,Real Madrid,71.4,28.3,,,,,,,,,,,,,,,,,,,,,,,,,,
267533,2016-04-02,Barcelona,Real Madrid,La Liga,2015/2016,a4892ef9-05b2-4d9f-8cbc-26b76b2e472b,1626,1,00:40:20.639000,40,20,Duel,Real Madrid,Karim Benzema,Center Forward,71,Real Madrid,71.4,28.3,0.0,True,,,,,,,,,,,,,,,,Aerial Lost,,,,,,,,
267533,2016-04-02,Barcelona,Real Madrid,La Liga,2015/2016,2e8987f7-2385-41d2-b5eb-91cab979e0b6,1627,1,00:40:20.639000,40,20,Pass,Barcelona,Sergio Busquets i Burgos,Center Defensive Midfield,72,Barcelona,48.7,51.8,1.0549,True,,,Ivan Rakitić,50.9,63.0,11.414026,1.3768371,High Pass,,,,,,,,,,,,,,,,
267533,2016-04-02,Barcelona,Real Madrid,La Liga,2015/2016,55d4e77c-27b3-4c2a-80e3-14ed0d6f012a,1628,1,00:40:21.694000,40,21,Ball Receipt*,Barcelona,Ivan Rakitić,Right Center Midfield,72,Barcelona,50.9,63.0,,,,,,,,,,,,,,,,,,,,,,,,,,
267533,2016-04-02,Barcelona,Real Madrid,La Liga,2015/2016,028e3073-b667-4602-a8e4-e2fb26c7bd91,1629,1,00:40:21.694000,40,21,Carry,Barcelona,Ivan Rakitić,Right Center Midfield,72,Barcelona,50.9,63.0,0.7689,,,,,,,,,,,50.9,65.5,,,,,,,,,,,,,
267533,2016-04-02,Barcelona,Real Madrid,La Liga,2015/2016,9aed4d0b-87ea-4df2-8687-89ab0779225d,1630,1,00:40:22.463000,40,22,Pass,Barcelona,Ivan Rakitić,Right Center Midfield,72,Barcelona,50.9,65.5,0.730913,,,,Daniel Alves da Silva,39.2,62.6,12.054045,-2.898626,Low Pass,,,,,,,,,,,,,,,,
267533,2016-04-02,Barcelona,Real Madrid,La Liga,2015/2016,41370c2b-ead3-49f3-a3ee-b28a58ec2a55,1631,1,00:40:23.194000,40,23,Ball Receipt*,Barcelona,Daniel Alves da Silva,Right Back,72,Barcelona,39.2,62.6,,,,,,,,,,,,,,,,,,,,,,,,,,
267533,2016-04-02,Barcelona,Real Madrid,La Liga,2015/2016,87ca6046-d29a-4576-b7c6-80ba77a1cabc,1632,1,00:40:23.194000,40,23,Carry,Barcelona,Daniel Alves da Silva,Right Back,72,Barcelona,39.2,62.6,4.418787,,,,,,,,,,,45.6,57.5,,,,,,,,,,,,,
267533,2016-04-02,Barcelona,Real Madrid,La Liga,2015/2016,790c724d-8563-4f27-b76e-6a4a4b357b25,1633,1,00:40:27.613000,40,27,Pass,Barcelona,Daniel Alves da Silva,Right Back,72,Barcelona,45.6,57.5,0.926997,,,,Sergio Busquets i Burgos,50.8,50.0,9.126335,-0.96455866,Ground Pass,,,,,,,,,,,,,,,,
267533,2016-04-02,Barcelona,Real Madrid,La Liga,2015/2016,36b43c92-38f4-4dbe-876b-c704c63db11b,1634,1,00:40:28.540000,40,28,Ball Receipt*,Barcelona,Sergio Busquets i Burgos,Center Defensive Midfield,72,Barcelona,50.8,50.0,,,,,,,,,,,,,,,,,,,,,,,,,,
267533,2016-04-02,Barcelona,Real Madrid,La Liga,2015/2016,5c45e077-17cc-4c3b-b2a1-db55a3be2231,1635,1,00:40:28.540000,40,28,Carry,Barcelona,Sergio Busquets i Burgos,Center Defensive Midfield,72,Barcelona,50.8,50.0,1.952106,,,,,,,,,,,43.5,46.5,,,,,,,,,,,,,
267533,2016-04-02,Barcelona,Real Madrid,La Liga,2015/2016,3ad31972-7d77-4565-ae15-d7d27c23a39f,1636,1,00:40:30.492000,40,30,Pass,Barcelona,Sergio Busquets i Burgos,Center Defensive Midfield,72,Barcelona,43.5,46.5,1.216197,,,,Javier Alejandro Mascherano,44.0,28.9,17.607101,-1.5423949,Ground Pass,,,,,,,,,,,,,,,,
267533,2016-04-02,Barcelona,Real Madrid,La Liga,2015/2016,733750c2-6c92-4154-875e-9d8ad76c732c,1637,1,00:40:31.708000,40,31,Ball Receipt*,Barcelona,Javier Alejandro Mascherano,Left Center Back,72,Barcelona,44.0,28.9,,,,,,,,,,,,,,,,,,,,,,,,,,
267533,2016-04-02,Barcelona,Real Madrid,La Liga,2015/2016,7513059d-8316-44ce-9602-6a9a33416e31,1638,1,00:40:31.708000,40,31,Carry,Barcelona,Javier Alejandro Mascherano,Left Center Back,72,Barcelona,44.0,28.9,6.934078,,,,,,,,,,,64.3,30.6,,,,,,,,,,,,,
267533,2016-04-02,Barcelona,Real Madrid,La Liga,2015/2016,5359ee65-f819-4541-a714-34cb336ccc1f,1639,1,00:40:38.642000,40,38,Pass,Barcelona,Javier Alejandro Mascherano,Left Center Back,72,Barcelona,64.3,30.6,1.093138,,,,Andrés Iniesta Luján,81.1,14.6,23.2,-0.76101273,Ground Pass,,,,,,,,,,,,,,,,
267533,2016-04-02,Barcelona,Real Madrid,La Liga,2015/2016,e3e9f309-13a9-43e9-8868-dd388f7d22b7,1640,1,00:40:39.735000,40,39,Ball Receipt*,Barcelona,Andrés Iniesta Luján,Left Center Midfield,72,Barcelona,81.1,14.6,,,,,,,,,,,,,,,,,,,,,,,,,,
267533,2016-04-02,Barcelona,Real Madrid,La Liga,2015/2016,dee2094e-8423-4d25-bf7a-1b642c14a432,1641,1,00:40:39.735000,40,39,Carry,Barcelona,Andrés Iniesta Luján,Left Center Midfield,72,Barcelona,81.1,14.6,4.086084,,,,,,,,,,,92.9,24.1,,,,,,,,,,,,,
267533,2016-04-02,Barcelona,Real Madrid,La Liga,2015/2016,d41f67c4-80bf-48ea-bfab-14b7bc49c4ef,1642,1,00:40:43.821000,40,43,Pass,Barcelona,Andrés Iniesta Luján,Left Center Midfield,72,Barcelona,92.9,24.1,0.9195,,,,Luis Alberto Suárez Díaz,105.3,34.4,16.119864,0.6931497,High Pass,Incomplete,,,,,,,,,,,,,,,
267533,2016-04-02,Barcelona,Real Madrid,La Liga,2015/2016,b0daca9b-750a-4862-87b9-2e351c60e85d,1643,1,00:40:44.741000,40,44,Ball Receipt*,Barcelona,Luis Alberto Suárez Díaz,Right Wing,72,Barcelona,102.9,35.1,,,,,,,,,,,,,,,,,,,,,,,,,,
267533,2016-04-02,Barcelona,Real Madrid,La Liga,2015/2016,6d636274-60b3-4499-a520-1a17658a847c,1644,1,00:40:44.741000,40,44,Clearance,Real Madrid,Kléper Laveran Lima Ferreira,Right Center Back,72,Barcelona,14.8,45.7,0.0,True,,,,,,,,,,,,,,,,,,,,,,,,
267533,2016-04-02,Barcelona,Real Madrid,La Liga,2015/2016,2f6805cb-7a56-4fa8-b17a-f8c43ad099cd,1645,1,00:40:47.628000,40,47,Pass,Real Madrid,Marcelo Vieira da Silva Júnior,Left Back,73,Real Madrid,11.4,24.0,1.858122,,,,Carlos Henrique Casimiro,15.5,29.2,6.6219335,0.9031307,High Pass,,,,,,,,,,,,,,,,
267533,2016-04-02,Barcelona,Real Madrid,La Liga,2015/2016,fe4e8b0d-9879-4c88-979f-dcbdd77b9dde,1646,1,00:40:49.486000,40,49,Ball Receipt*,Real Madrid,Carlos Henrique Casimiro,Center Defensive Midfield,73,Real Madrid,15.5,29.2,,,,,,,,,,,,,,,,,,,,,,,,,,
267533,2016-04-02,Barcelona,Real Madrid,La Liga,2015/2016,d5b72477-4746-4c1f-b8b5-5666a07f9912,1647,1,00:40:49.486000,40,49,Carry,Real Madrid,Carlos Henrique Casimiro,Center Defensive Midfield,73,Real Madrid,15.5,29.2,0.039978,,,,,,,,,,,15.4,29.2,,,,,,,,,,,,,
267533,2016-04-02,Barcelona,Real Madrid,La Liga,2015/2016,455ad8db-c12d-4430-9462-b5f0e948c3f8,1648,1,00:40:49.526000,40,49,Pass,Real Madrid,Carlos Henrique Casimiro,Center Defensive Midfield,73,Real Madrid,15.4,29.2,2.4063,,,,Cristiano Ronaldo dos Santos Aveiro,48.6,12.3,37.25386,-0.47085038,High Pass,,,,,,,,,,,,,,,,
267533,2016-04-02,Barcelona,Real Madrid,La Liga,2015/2016,74ef4ac9-7263-42bf-93ca-4e2a773f3373,1649,1,00:40:51.932000,40,51,Ball Receipt*,Real Madrid,Cristiano Ronaldo dos Santos Aveiro,Left Wing,73,Real Madrid,48.6,12.3,,,,,,,,,,,,,,,,,,,,,,,,,,
267533,2016-04-02,Barcelona,Real Madrid,La Liga,2015/2016,dfa560c0-2a27-48d9-aeaa-f9b8b1e53287,1650,1,00:40:51.932000,40,51,Carry,Real Madrid,Cristiano Ronaldo dos Santos Aveiro,Left Wing,73,Real Madrid,48.6,12.3,2.346167,,,,,,,,,,,70.7,6.1,,,,,,,,,,,,,
267533,2016-04-02,Barcelona,Real Madrid,La Liga,2015/2016,8506016c-d1e0-449d-96de-cde5a84f2af5,1651,1,00:40:54.278000,40,54,Pass,Real Madrid,Cristiano Ronaldo dos Santos Aveiro,Left Wing,73,Real Madrid,70.7,6.1,2.542132,,,,Karim Benzema,69.6,27.7,21.62799,1.6216784,Ground Pass,Incomplete,,,,,,,,,,,,,,,
267533,2016-04-02,Barcelona,Real Madrid,La Liga,2015/2016,a80377ac-139b-4806-86d7-d5ba568bf106,1652,1,00:40:56.820000,40,56,Ball Receipt*,Real Madrid,Karim Benzema,Center Forward,73,Real Madrid,71.4,20.9,,,,,,,,,,,,,,,,,,,,,,,,,,
267533,2016-04-02,Barcelona,Real Madrid,La Liga,2015/2016,f328426f-54dc-47fc-9fc3-9a25995b4ad3,1653,1,00:40:56.820000,40,56,Ball Recovery,Barcelona,Javier Alejandro Mascherano,Left Center Back,74,Barcelona,50.5,52.4,0.0,,,,,,,,,,,,,,,,,,,,,,,,,
267533,2016-04-02,Barcelona,Real Madrid,La Liga,2015/2016,8d7d3a6e-5281-4f47-9d96-943de5ccd56b,1654,1,00:40:56.820000,40,56,Carry,Barcelona,Javier Alejandro Mascherano,Left Center Back,74,Barcelona,50.5,52.4,3.611401,,,,,,,,,,,63.3,46.2,,,,,,,,,,,,,
267533,2016-04-02,Barcelona,Real Madrid,La Liga,2015/2016,ad06965d-18a5-4568-a10a-89c1e499a879,1655,1,00:41:00.432000,41,0,Pass,Barcelona,Javier Alejandro Mascherano,Left Center Back,74,Barcelona,63.3,46.2,1.5302,,,,Ivan Rakitić,64.3,60.6,14.43468,1.5014632,Ground Pass,,,,,,,,,,,,,,,,
267533,2016-04-02,Barcelona,Real Madrid,La Liga,2015/2016,47fb0d71-2172-445c-9fcd-1ea743b24b19,1656,1,00:41:01.962000,41,1,Ball Receipt*,Barcelona,Ivan Rakitić,Right Center Midfield,74,Barcelona,64.3,60.6,,,,,,,,,,,,,,,,,,,,,,,,,,
267533,2016-04-02,Barcelona,Real Madrid,La Liga,2015/2016,da81865a-5ece-49c3-aad9-93f0a980b5ab,1657,1,00:41:01.962000,41,1,Carry,Barcelona,Ivan Rakitić,Right Center Midfield,74,Barcelona,64.3,60.6,0.428202,,,,,,,,,,,64.3,62.0,,,,,,,,,,,,,
267533,2016-04-02,Barcelona,Real Madrid,La Liga,2015/2016,34a6e2b9-0e36-4e0a-b03b-ae526674167f,1658,1,00:41:02.390000,41,2,Pass,Barcelona,Ivan Rakitić,Right Center Midfield,74,Barcelona,64.3,62.0,1.541798,,,,Daniel Alves da Silva,57.4,60.4,7.0830784,-2.9137356,Ground Pass,,,,,,,,,,,,,,,,
267533,2016-04-02,Barcelona,Real Madrid,La Liga,2015/2016,78d818a8-49e7-457e-866b-5854a9bf7f7f,1659,1,00:41:03.932000,41,3,Ball Receipt*,Barcelona,Daniel Alves da Silva,Right Back,74,Barcelona,57.4,60.4,,,,,,,,,,,,,,,,,,,,,,,,,,
267533,2016-04-02,Barcelona,Real Madrid,La Liga,2015/2016,bb7c5210-6278-44b5-b8b7-de0deaae5591,1660,1,00:41:03.932000,41,3,Carry,Barcelona,Daniel Alves da Silva,Right Back,74,Barcelona,57.4,60.4,0.694893,,,,,,,,,,,57.7,57.5,,,,,,,,,,,,,
267533,2016-04-02,Barcelona,Real Madrid,La Liga,2015/2016,ab2658c7-af3b-46b8-964c-d71b6bd2110a,1661,1,00:41:04.627000,41,4,Pass,Barcelona,Daniel Alves da Silva,Right Back,74,Barcelona,57.7,57.5,2.053652,,,,Jordi Alba Ramos,52.3,27.9,30.088535,-1.7512443,Low Pass,,,,,,,,,,,,,,,,
267533,2016-04-02,Barcelona,Real Madrid,La Liga,2015/2016,114091bf-655c-4003-a6d2-0be70c619556,1662,1,00:41:06.680000,41,6,Ball Receipt*,Barcelona,Jordi Alba Ramos,Left Back,74,Barcelona,52.3,27.9,,,,,,,,,,,,,,,,,,,,,,,,,,
267533,2016-04-02,Barcelona,Real Madrid,La Liga,2015/2016,c0186434-d4a4-42a0-b9d1-ff25c7b800c4,1663,1,00:41:06.680000,41,6,Carry,Barcelona,Jordi Alba Ramos,Left Back,74,Barcelona,52.3,27.9,0.079955004,,,,,,,,,,,52.3,28.3,,,,,,,,,,,,,
267533,2016-04-02,Barcelona,Real Madrid,La Liga,2015/2016,2ccd2621-62f6-4ea1-9861-03770776ae6f,1664,1,00:41:06.760000,41,6,Pass,Barcelona,Jordi Alba Ramos,Left Back,74,Barcelona,52.3,28.3,0.466618,,,,Lionel Andrés Messi Cuccittini,57.4,35.9,9.1525955,0.97976345,Ground Pass,,,,,,,,,,,,,,,,
267533,2016-04-02,Barcelona,Real Madrid,La Liga,2015/2016,cd427fc2-f629-41ff-ad7a-2bc94f5fcde8,1665,1,00:41:07.227000,41,7,Ball Receipt*,Barcelona,Lionel Andrés Messi Cuccittini,Center Forward,74,Barcelona,57.4,35.9,,,,,,,,,,,,,,,,,,,,,,,,,,
267533,2016-04-02,Barcelona,Real Madrid,La Liga,2015/2016,43946906-6741-4c71-82fa-a6e296ba4461,1666,1,00:41:07.227000,41,7,Carry,Barcelona,Lionel Andrés Messi Cuccittini,Center Forward,74,Barcelona,57.4,35.9,2.271546,,,,,,,,,,,57.4,33.4,,,,,,,,,,,,,
267533,2016-04-02,Barcelona,Real Madrid,La Liga,2015/2016,a510a2dd-e2c4-4346-996d-c98e80c9657b,1667,1,00:41:09.498000,41,9,Pass,Barcelona,Lionel Andrés Messi Cuccittini,Center Forward,74,Barcelona,57.4,33.4,0.926484,,,,Jordi Alba Ramos,58.4,21.0,12.440257,-1.4903253,Ground Pass,,,,,,,,,,,,,,,,
267533,2016-04-02,Barcelona,Real Madrid,La Liga,2015/2016,5632d3a8-4758-467f-aaa2-492087304c7f,1668,1,00:41:10.425000,41,10,Ball Receipt*,Barcelona,Jordi Alba Ramos,Left Back,74,Barcelona,58.4,21.0,,,,,,,,,,,,,,,,,,,,,,,,,,
267533,2016-04-02,Barcelona,Real Madrid,La Liga,2015/2016,d6c23203-96ae-4241-b0f9-5096e26176af,1669,1,00:41:10.425000,41,10,Carry,Barcelona,Jordi Alba Ramos,Left Back,74,Barcelona,58.4,21.0,0.931752,,,,,,,,,,,58.4,20.2,,,,,,,,,,,,,
267533,2016-04-02,Barcelona,Real Madrid,La Liga,2015/2016,0fafe047-d9f5-42a7-86ae-022ffa71a576,1670,1,00:41:11.357000,41,11,Pass,Barcelona,Jordi Alba Ramos,Left Back,74,Barcelona,58.4,20.2,0.89089,,,,Andrés Iniesta Luján,61.9,10.6,10.218122,-1.2211893,Ground Pass,,,,,,,,,,,,,,,,
267533,2016-04-02,Barcelona,Real Madrid,La Liga,2015/2016,83335295-55ff-4aa0-9919-178cd6f92b55,1671,1,00:41:12.248000,41,12,Ball Receipt*,Barcelona,Andrés Iniesta Luján,Left Center Midfield,74,Barcelona,61.9,10.6,,,,,,,,,,,,,,,,,,,,,,,,,,
267533,2016-04-02,Barcelona,Real Madrid,La Liga,2015/2016,02ba0211-a493-4302-97c8-a87a335ca5bf,1672,1,00:41:12.248000,41,12,Carry,Barcelona,Andrés Iniesta Luján,Left Center Midfield,74,Barcelona,61.9,10.6,1.219581,,,,,,,,,,,62.5,10.0,,,,,,,,,,,,,
267533,2016-04-02,Barcelona,Real Madrid,La Liga,2015/2016,261aceb6-030d-4f0b-a304-ffb9046a37e8,1673,1,00:41:13.467000,41,13,Pass,Barcelona,Andrés Iniesta Luján,Left Center Midfield,74,Barcelona,62.5,10.0,0.916245,,,,Lionel Andrés Messi Cuccittini,58.4,23.8,14.39618,1.8595918,Ground Pass,,,,,,,,,,,,,,,,
267533,2016-04-02,Barcelona,Real Madrid,La Liga,2015/2016,6ffb2076-3f5f-4fd5-96c6-549aeb73559c,1674,1,00:41:14.383000,41,14,Ball Receipt*,Barcelona,Lionel Andrés Messi Cuccittini,Center Forward,74,Barcelona,58.4,23.8,,,,,,,,,,,,,,,,,,,,,,,,,,
267533,2016-04-02,Barcelona,Real Madrid,La Liga,2015/2016,c826231f-f2a2-4843-aa5f-d394c7d53ca0,1675,1,00:41:14.383000,41,14,Carry,Barcelona,Lionel Andrés Messi Cuccittini,Center Forward,74,Barcelona,58.4,23.8,0.199984,,,,,,,,,,,58.7,24.0,,,,,,,,,,,,,
267533,2016-04-02,Barcelona,Real Madrid,La Liga,2015/2016,b4974550-6d3c-4d0e-a79c-37fa4cba044e,1676,1,00:41:14.583000,41,14,Pass,Barcelona,Lionel Andrés Messi Cuccittini,Center Forward,74,Barcelona,58.7,24.0,0.671117,,,,Jordi Alba Ramos,70.1,18.0,12.882546,-0.48447794,Low Pass,,,,,,,,,,,,,,,,
267533,2016-04-02,Barcelona,Real Madrid,La Liga,2015/2016,f3dbba27-eec4-4b81-9b29-3b181ea76ddb,1677,1,00:41:15.255000,41,15,Ball Receipt*,Barcelona,Jordi Alba Ramos,Left Back,74,Barcelona,70.1,18.0,,,,,,,,,,,,,,,,,,,,,,,,,,
267533,2016-04-02,Barcelona,Real Madrid,La Liga,2015/2016,3f97d54e-36ba-44f5-9b46-be471c499960,1678,1,00:41:15.255000,41,15,Carry,Barcelona,Jordi Alba Ramos,Left Back,74,Barcelona,70.1,18.0,0.079983,,,,,,,,,,,70.1,18.0,,,,,,,,,,,,,
267533,2016-04-02,Barcelona,Real Madrid,La Liga,2015/2016,3f6fdb28-8f81-44e0-8785-2fda308b60fa,1679,1,00:41:15.335000,41,15,Pass,Barcelona,Jordi Alba Ramos,Left Back,74,Barcelona,70.1,18.0,0.751065,,,,Andrés Iniesta Luján,67.7,14.4,4.3266616,-2.158799,Ground Pass,,,,,,,,,,,,,,,,
267533,2016-04-02,Barcelona,Real Madrid,La Liga,2015/2016,123509f6-d5dc-4fad-a4ef-8722614152fe,1680,1,00:41:16.086000,41,16,Ball Receipt*,Barcelona,Andrés Iniesta Luján,Left Center Midfield,74,Barcelona,67.7,14.4,,,,,,,,,,,,,,,,,,,,,,,,,,
267533,2016-04-02,Barcelona,Real Madrid,La Liga,2015/2016,c1055a27-2d17-4fa6-ad42-81e5083ccca4,1681,1,00:41:16.086000,41,16,Carry,Barcelona,Andrés Iniesta Luján,Left Center Midfield,74,Barcelona,67.7,14.4,0.080035,,,,,,,,,,,68.0,14.6,,,,,,,,,,,,,
267533,2016-04-02,Barcelona,Real Madrid,La Liga,2015/2016,92834761-ee67-430c-9523-896a74ab8333,1682,1,00:41:16.166000,41,16,Pass,Barcelona,Andrés Iniesta Luján,Left Center Midfield,74,Barcelona,68.0,14.6,0.71253,,,,Jordi Alba Ramos,72.6,16.9,5.1429563,0.4636476,Ground Pass,,,,,,,,,,,,,,,,
267533,2016-04-02,Barcelona,Real Madrid,La Liga,2015/2016,37caf51f-025f-4976-8b2d-0a17c97fdb47,1683,1,00:41:16.878000,41,16,Ball Receipt*,Barcelona,Jordi Alba Ramos,Left Back,74,Barcelona,72.6,16.9,,,,,,,,,,,,,,,,,,,,,,,,,,
267533,2016-04-02,Barcelona,Real Madrid,La Liga,2015/2016,15b5b76f-f933-4e0d-afaf-17d88d185ac4,1684,1,00:41:16.878000,41,16,Carry,Barcelona,Jordi Alba Ramos,Left Back,74,Barcelona,72.6,16.9,0.03997,,,,,,,,,,,72.6,16.9,,,,,,,,,,,,,
267533,2016-04-02,Barcelona,Real Madrid,La Liga,2015/2016,d7d96fe7-60f5-4657-9727-494c419aca1c,1685,1,00:41:16.918000,41,16,Pass,Barcelona,Jordi Alba Ramos,Left Back,74,Barcelona,72.6,16.9,0.162184,,,,Andrés Iniesta Luján,70.7,18.0,2.1954498,2.616797,Ground Pass,,,,,,,,,,,,,,,,
267533,2016-04-02,Barcelona,Real Madrid,La Liga,2015/2016,317d34ba-a193-4873-a5ac-63815073a2b5,1686,1,00:41:17.080000,41,17,Ball Receipt*,Barcelona,Andrés Iniesta Luján,Left Center Midfield,74,Barcelona,70.7,18.0,,,,,,,,,,,,,,,,,,,,,,,,,,
267533,2016-04-02,Barcelona,Real Madrid,La Liga,2015/2016,cc502b8f-7b33-4116-9d33-9ccf199289b3,1687,1,00:41:17.080000,41,17,Carry,Barcelona,Andrés Iniesta Luján,Left Center Midfield,74,Barcelona,70.7,18.0,1.46995,True,,,,,,,,,,77.8,16.2,,,,,,,,,,,,,
267533,2016-04-02,Barcelona,Real Madrid,La Liga,2015/2016,a44f8ad1-21ac-47a9-b842-abae144df2a3,1688,1,00:41:17.179000,41,17,Pressure,Real Madrid,Luka Modrić,Right Center Midfield,74,Barcelona,50.8,61.1,0.6931,,,,,,,,,,,,,,,,,,,,,,,,,
267533,2016-04-02,Barcelona,Real Madrid,La Liga,2015/2016,4e2be4e8-9903-469e-b64d-366cb209a508,1689,1,00:41:17.927000,41,17,Pressure,Real Madrid,Carlos Henrique Casimiro,Center Defensive Midfield,74,Barcelona,42.4,61.9,1.258852,,,,,,,,,,,,,,,,,,,,,,,,,
267533,2016-04-02,Barcelona,Real Madrid,La Liga,2015/2016,ee8bf095-c392-4658-a9d9-8cb51b99e7d5,1690,1,00:41:18.550000,41,18,Dribbled Past,Real Madrid,Carlos Henrique Casimiro,Center Defensive Midfield,74,Barcelona,42.3,63.9,0.0,,,,,,,,,,,,,,,,,,,,,,,,,
267533,2016-04-02,Barcelona,Real Madrid,La Liga,2015/2016,250107cf-3ba3-4bec-9fa9-710654ff1db9,1691,1,00:41:18.550000,41,18,Dribble,Barcelona,Andrés Iniesta Luján,Left Center Midfield,74,Barcelona,77.8,16.2,0.0,True,,,,,,,,,,,,,,,,,,,,,,,,
267533,2016-04-02,Barcelona,Real Madrid,La Liga,2015/2016,cd6cfee9-9287-4329-b5f6-54cfeb6d1deb,1692,1,00:41:18.550000,41,18,Carry,Barcelona,Andrés Iniesta Luján,Left Center Midfield,74,Barcelona,77.8,16.2,1.916148,True,,,,,,,,,,92.2,18.6,,,,,,,,,,,,,
267533,2016-04-02,Barcelona,Real Madrid,La Liga,2015/2016,4f1b303d-4453-465e-b065-c898c9c95dd0,1693,1,00:41:20.265000,41,20,Pressure,Real Madrid,Luka Modrić,Right Center Midfield,74,Barcelona,31.6,58.1,0.382853,,,,,,,,,,,,,,,,,,,,,,,,,
267533,2016-04-02,Barcelona,Real Madrid,La Liga,2015/2016,886b1682-7a1b-4825-935d-296d2aa493b2,1694,1,00:41:20.466000,41,20,Pass,Barcelona,Andrés Iniesta Luján,Left Center Midfield,74,Barcelona,92.2,18.6,1.55117,True,,,Neymar da Silva Santos Junior,102.9,16.1,10.988175,-0.22952735,Ground Pass,,,,,,,,,,,,,,,,
267533,2016-04-02,Barcelona,Real Madrid,La Liga,2015/2016,0562438f-842e-46a8-8072-6711d7b33bde,1695,1,00:41:22.018000,41,22,Ball Receipt*,Barcelona,Neymar da Silva Santos Junior,Left Wing,74,Barcelona,102.9,16.1,,,,,,,,,,,,,,,,,,,,,,,,,,
267533,2016-04-02,Barcelona,Real Madrid,La Liga,2015/2016,3f5d752f-4734-465d-8823-502851c13540,1696,1,00:41:22.018000,41,22,Carry,Barcelona,Neymar da Silva Santos Junior,Left Wing,74,Barcelona,102.9,16.1,1.326708,,,,,,,,,,,107.1,23.0,,,,,,,,,,,,,
267533,2016-04-02,Barcelona,Real Madrid,La Liga,2015/2016,48441fbf-8132-43e4-a247-f9520eab4dbf,1697,1,00:41:23.344000,41,23,Pass,Barcelona,Neymar da Silva Santos Junior,Left Wing,74,Barcelona,107.1,23.0,3.54024,,,,Daniel Alves da Silva,101.4,56.4,33.882885,1.7398266,High Pass,,,,,,,,,,,,,,,,
267533,2016-04-02,Barcelona,Real Madrid,La Liga,2015/2016,20aa0bb9-130d-460f-bee8-488291d38d94,1698,1,00:41:26.885000,41,26,Ball Receipt*,Barcelona,Daniel Alves da Silva,Right Back,74,Barcelona,101.4,56.4,,,,,,,,,,,,,,,,,,,,,,,,,,
267533,2016-04-02,Barcelona,Real Madrid,La Liga,2015/2016,33fa3c9a-db7e-4c7f-ba55-e00a9fc9c5db,1699,1,00:41:26.925000,41,26,Shot,Barcelona,Daniel Alves da Silva,Right Back,74,Barcelona,102.1,57.2,0.7553,,,,,,,,,,,,,0.026042616,Off T,Right Foot,Normal,,,,,,,,,
267533,2016-04-02,Barcelona,Real Madrid,La Liga,2015/2016,4dce110c-b585-455f-acbd-a174f2ff688f,1700,1,00:41:27.680000,41,27,Goal Keeper,Real Madrid,Keylor Navas Gamboa,Goalkeeper,74,Barcelona,3.5,36.7,0.0,,,,,,,,,,,,,,,,,,,,,,,,,
267533,2016-04-02,Barcelona,Real Madrid,La Liga,2015/2016,c2be7899-c934-477d-b813-ed288abdbcef,1701,1,00:41:42.712000,41,42,Pass,Real Madrid,Keylor Navas Gamboa,Goalkeeper,75,Real Madrid,7.0,44.1,3.015881,,True,,Cristiano Ronaldo dos Santos Aveiro,46.8,38.7,40.16466,-0.13485491,High Pass,,,,,,,,,,,,,,,,
267533,2016-04-02,Barcelona,Real Madrid,La Liga,2015/2016,55db3799-a815-4df3-80c0-34663521c792,1702,1,00:41:45.728000,41,45,Ball Receipt*,Real Madrid,Cristiano Ronaldo dos Santos Aveiro,Left Wing,75,Real Madrid,46.8,38.7,,,,,,,,,,,,,,,,,,,,,,,,,,
267533,2016-04-02,Barcelona,Real Madrid,La Liga,2015/2016,841f3700-b214-42e5-b970-bc19c811cbd8,1703,1,00:41:45.930000,41,45,Pass,Real Madrid,Cristiano Ronaldo dos Santos Aveiro,Left Wing,75,Real Madrid,46.8,38.7,1.169634,,True,,Luka Modrić,41.7,39.8,5.217279,2.9291606,Ground Pass,,,,,,,,,,,,,,,,
267533,2016-04-02,Barcelona,Real Madrid,La Liga,2015/2016,c268634c-aeb8-49ea-8b95-54ddf211d69d,1704,1,00:41:47.099000,41,47,Ball Receipt*,Real Madrid,Luka Modrić,Right Center Midfield,75,Real Madrid,41.7,39.8,,,,,,,,,,,,,,,,,,,,,,,,,,
267533,2016-04-02,Barcelona,Real Madrid,La Liga,2015/2016,1474cc95-9a02-430b-8391-34e4d43c28e7,1705,1,00:41:47.229000,41,47,Pass,Real Madrid,Luka Modrić,Right Center Midfield,75,Real Madrid,41.4,39.8,0.689449,,,,Carlos Henrique Casimiro,38.9,34.9,5.500909,-2.042574,Ground Pass,,,,,,,,,,,,,,,,
267533,2016-04-02,Barcelona,Real Madrid,La Liga,2015/2016,d61d5787-9adf-48dc-9b8e-7a01bf897db0,1706,1,00:41:47.919000,41,47,Ball Receipt*,Real Madrid,Carlos Henrique Casimiro,Center Defensive Midfield,75,Real Madrid,38.9,34.9,,,,,,,,,,,,,,,,,,,,,,,,,,
267533,2016-04-02,Barcelona,Real Madrid,La Liga,2015/2016,5423c1cd-4bb6-414a-a164-4849b58546d2,1707,1,00:41:47.919000,41,47,Carry,Real Madrid,Carlos Henrique Casimiro,Center Defensive Midfield,75,Real Madrid,38.9,34.9,0.039951,,,,,,,,,,,38.9,35.0,,,,,,,,,,,,,
267533,2016-04-02,Barcelona,Real Madrid,La Liga,2015/2016,f0b160e2-e69d-4122-beb3-8177f3d93492,1708,1,00:41:47.959000,41,47,Pass,Real Madrid,Carlos Henrique Casimiro,Center Defensive Midfield,75,Real Madrid,38.9,35.0,2.324564,,,,Daniel Carvajal Ramos,47.6,72.1,38.10643,1.340457,High Pass,,,,,,,,,,,,,,,,
267533,2016-04-02,Barcelona,Real Madrid,La Liga,2015/2016,12f1d567-14e7-48df-af21-38bfb5788e53,1709,1,00:41:50.283000,41,50,Ball Receipt*,Real Madrid,Daniel Carvajal Ramos,Right Back,75,Real Madrid,47.6,72.1,,,,,,,,,,,,,,,,,,,,,,,,,,
267533,2016-04-02,Barcelona,Real Madrid,La Liga,2015/2016,2bf7cec1-312a-424d-87ee-8462a9b9b46c,1710,1,00:41:50.283000,41,50,Carry,Real Madrid,Daniel Carvajal Ramos,Right Back,75,Real Madrid,47.6,72.1,2.904809,True,,,,,,,,,,63.0,78.2,,,,,,,,,,,,,
267533,2016-04-02,Barcelona,Real Madrid,La Liga,2015/2016,310f6e6d-0927-4927-a0ba-4436d273ac20,1711,1,00:41:51.555000,41,51,Pressure,Barcelona,Neymar da Silva Santos Junior,Left Wing,75,Real Madrid,66.7,6.6,1.249948,,,,,,,,,,,,,,,,,,,,,,,,,
267533,2016-04-02,Barcelona,Real Madrid,La Liga,2015/2016,a24bfbda-32c3-4445-a417-0f11d1ebc9cb,1712,1,00:41:53.188000,41,53,Foul Committed,Barcelona,Neymar da Silva Santos Junior,Left Wing,75,Real Madrid,57.1,1.9,0.0,,,,,,,,,,,,,,,,,,,,,,,,,
267533,2016-04-02,Barcelona,Real Madrid,La Liga,2015/2016,5ac55938-d07a-4ef7-8704-a588c9632337,1713,1,00:41:53.188000,41,53,Foul Won,Real Madrid,Daniel Carvajal Ramos,Right Back,75,Real Madrid,63.0,78.2,0.0,True,,,,,,,,,,,,,,,,,,,,,,,,
267533,2016-04-02,Barcelona,Real Madrid,La Liga,2015/2016,c5a39528-10ad-487d-aef6-ba284b6d882f,1714,1,00:42:14.476000,42,14,Pass,Real Madrid,Luka Modrić,Right Center Midfield,76,Real Madrid,65.5,73.6,0.979261,,,,Kléper Laveran Lima Ferreira,57.2,70.8,8.759566,-2.816232,Ground Pass,,,,,,,,,,,,,,,,
267533,2016-04-02,Barcelona,Real Madrid,La Liga,2015/2016,1902f450-43b5-457c-94a9-759da51a39fa,1715,1,00:42:15.456000,42,15,Ball Receipt*,Real Madrid,Kléper Laveran Lima Ferreira,Right Center Back,76,Real Madrid,57.2,70.8,,,,,,,,,,,,,,,,,,,,,,,,,,
267533,2016-04-02,Barcelona,Real Madrid,La Liga,2015/2016,4ef0f9df-e272-4548-8214-3db1da7ba855,1716,1,00:42:15.456000,42,15,Carry,Real Madrid,Kléper Laveran Lima Ferreira,Right Center Back,76,Real Madrid,57.2,70.8,0.040039,,,,,,,,,,,57.2,70.8,,,,,,,,,,,,,
267533,2016-04-02,Barcelona,Real Madrid,La Liga,2015/2016,a22a2de8-562d-42a5-9be7-f35808f5a826,1717,1,00:42:15.496000,42,15,Pass,Real Madrid,Kléper Laveran Lima Ferreira,Right Center Back,76,Real Madrid,57.2,70.8,1.640637,,,,Luka Modrić,62.6,75.3,7.029225,0.69473827,Ground Pass,,,,,,,,,,,,,,,,
267533,2016-04-02,Barcelona,Real Madrid,La Liga,2015/2016,9688c133-8429-474b-919a-2c31ee8cbb24,1718,1,00:42:17.136000,42,17,Ball Receipt*,Real Madrid,Luka Modrić,Right Center Midfield,76,Real Madrid,62.6,75.3,,,,,,,,,,,,,,,,,,,,,,,,,,
267533,2016-04-02,Barcelona,Real Madrid,La Liga,2015/2016,f970664a-9dd0-437f-ae8e-350992915c6f,1719,1,00:42:17.136000,42,17,Carry,Real Madrid,Luka Modrić,Right Center Midfield,76,Real Madrid,62.6,75.3,4.296963,,,,,,,,,,,64.0,69.7,,,,,,,,,,,,,
267533,2016-04-02,Barcelona,Real Madrid,La Liga,2015/2016,7c5e8574-bdac-4ad8-8167-d1b72b3701a9,1720,1,00:42:21.433000,42,21,Pass,Real Madrid,Luka Modrić,Right Center Midfield,76,Real Madrid,64.0,69.7,2.758582,,,,Karim Benzema,102.0,66.9,38.10302,-0.07355129,High Pass,,,,,,,,,,,,,,,,
267533,2016-04-02,Barcelona,Real Madrid,La Liga,2015/2016,d7d8e209-222f-4846-bbe8-299a78e3ea41,1721,1,00:42:24.192000,42,24,Ball Receipt*,Real Madrid,Karim Benzema,Center Forward,76,Real Madrid,102.0,66.9,,,,,,,,,,,,,,,,,,,,,,,,,,
267533,2016-04-02,Barcelona,Real Madrid,La Liga,2015/2016,0b0f0fce-e4b3-488f-b753-34b30ba0b6ca,1722,1,00:42:24.192000,42,24,Carry,Real Madrid,Karim Benzema,Center Forward,76,Real Madrid,102.0,66.9,2.043918,,,,,,,,,,,99.3,74.4,,,,,,,,,,,,,
267533,2016-04-02,Barcelona,Real Madrid,La Liga,2015/2016,e394c629-b102-4355-8b56-d8e6c17645e3,1723,1,00:42:26.236000,42,26,Pass,Real Madrid,Karim Benzema,Center Forward,76,Real Madrid,99.3,74.4,0.9939,,,,Gareth Frank Bale,97.2,67.3,7.4040527,-1.8583722,Ground Pass,,,,,,,,,,,,,,,,
267533,2016-04-02,Barcelona,Real Madrid,La Liga,2015/2016,b11f518d-8151-43d2-98e0-73945fbd2e19,1724,1,00:42:27.230000,42,27,Ball Receipt*,Real Madrid,Gareth Frank Bale,Right Wing,76,Real Madrid,97.2,67.3,,,,,,,,,,,,,,,,,,,,,,,,,,
267533,2016-04-02,Barcelona,Real Madrid,La Liga,2015/2016,92dfb1b8-9e23-4292-be33-509df513bb05,1725,1,00:42:27.230000,42,27,Carry,Real Madrid,Gareth Frank Bale,Right Wing,76,Real Madrid,97.2,67.3,3.0721,,,,,,,,,,,100.6,70.7,,,,,,,,,,,,,
267533,2016-04-02,Barcelona,Real Madrid,La Liga,2015/2016,d56ab32c-714c-4221-bbf6-69046b4a0456,1726,1,00:42:30.302000,42,30,Pass,Real Madrid,Gareth Frank Bale,Right Wing,76,Real Madrid,100.6,70.7,0.809174,,,,Daniel Carvajal Ramos,105.5,75.3,6.720863,0.7538297,Ground Pass,,,,,,,,,,,,,,,,
267533,2016-04-02,Barcelona,Real Madrid,La Liga,2015/2016,14aa5714-f7f9-483e-b089-89fa483abba5,1727,1,00:42:31.111000,42,31,Ball Receipt*,Real Madrid,Daniel Carvajal Ramos,Right Back,76,Real Madrid,105.5,75.3,,,,,,,,,,,,,,,,,,,,,,,,,,
267533,2016-04-02,Barcelona,Real Madrid,La Liga,2015/2016,32c0bccb-79af-460d-ada0-b4d8b38768aa,1728,1,00:42:31.111000,42,31,Carry,Real Madrid,Daniel Carvajal Ramos,Right Back,76,Real Madrid,105.5,75.3,1.146126,,,,,,,,,,,110.6,69.1,,,,,,,,,,,,,
267533,2016-04-02,Barcelona,Real Madrid,La Liga,2015/2016,e79463dd-3dfb-499b-9b55-164be31d46ee,1729,1,00:42:32.257000,42,32,Pass,Real Madrid,Daniel Carvajal Ramos,Right Back,76,Real Madrid,110.6,69.1,1.1249,,,,Cristiano Ronaldo dos Santos Aveiro,115.1,42.8,26.682203,-1.4013346,High Pass,Incomplete,,,,,,,,,,,,,,,
267533,2016-04-02,Barcelona,Real Madrid,La Liga,2015/2016,3fc40d60-5cfe-4d5b-9fdb-e0c7f775a0f0,1730,1,00:42:33.382000,42,33,Ball Receipt*,Real Madrid,Cristiano Ronaldo dos Santos Aveiro,Left Wing,76,Real Madrid,112.7,39.6,,,,,,,,,,,,,,,,,,,,,,,,,,
267533,2016-04-02,Barcelona,Real Madrid,La Liga,2015/2016,3e4f88cb-e71b-4ae6-b6e9-d39c7168bc4f,1731,1,00:42:33.382000,42,33,Clearance,Barcelona,Gerard Piqué Bernabéu,Right Center Back,76,Real Madrid,5.0,37.3,0.0,True,,,,,,,,,,,,,,,,,,,,,,,,
267533,2016-04-02,Barcelona,Real Madrid,La Liga,2015/2016,909ec777-f6ad-4f88-ba56-0dde7a49c5bb,1732,1,00:42:34.741000,42,34,Pass,Real Madrid,Daniel Carvajal Ramos,Right Back,76,Real Madrid,110.9,62.9,1.7397,,,,Karim Benzema,105.9,38.7,24.71113,-1.774541,Low Pass,,,,,,,,,,,,,,,,
267533,2016-04-02,Barcelona,Real Madrid,La Liga,2015/2016,d6a9bbb5-48b7-4415-a5ef-98d6fb91a096,1733,1,00:42:36.480000,42,36,Ball Receipt*,Real Madrid,Karim Benzema,Center Forward,76,Real Madrid,105.9,38.7,,,,,,,,,,,,,,,,,,,,,,,,,,
267533,2016-04-02,Barcelona,Real Madrid,La Liga,2015/2016,644849ae-5257-453b-95bd-65ecbe282d99,1734,1,00:42:36.480000,42,36,Shot,Real Madrid,Karim Benzema,Center Forward,76,Real Madrid,106.2,40.3,0.7865,,,,,,,,,,,,,0.11761501,Off T,Right Foot,Half Volley,,,,,,,,,
267533,2016-04-02,Barcelona,Real Madrid,La Liga,2015/2016,df2a0f10-48eb-4063-b393-0790ace5a947,1735,1,00:42:37.267000,42,37,Goal Keeper,Barcelona,Claudio Andrés Bravo Muñoz,Goalkeeper,76,Real Madrid,1.1,38.5,0.0,,,,,,,,,,,,,,,,,,,,,,,,,
267533,2016-04-02,Barcelona,Real Madrid,La Liga,2015/2016,3ebc7f96-2ba5-430b-90c5-c3e45e14d896,1736,1,00:43:01.697000,43,1,Pass,Barcelona,Claudio Andrés Bravo Muñoz,Goalkeeper,77,Barcelona,6.0,36.0,3.5829,,,,Luis Alberto Suárez Díaz,65.3,42.3,59.633717,0.10584244,High Pass,Incomplete,,,,,,,,,,,,,,,
267533,2016-04-02,Barcelona,Real Madrid,La Liga,2015/2016,6dc49e88-86a1-4faa-b841-e15c356f2190,1737,1,00:43:05.280000,43,5,Ball Receipt*,Barcelona,Luis Alberto Suárez Díaz,Right Wing,77,Barcelona,69.9,42.1,,,,,,,,,,,,,,,,,,,,,,,,,,
267533,2016-04-02,Barcelona,Real Madrid,La Liga,2015/2016,301e614e-7fe4-4942-9e53-cd53a8913c39,1738,1,00:43:05.280000,43,5,Pass,Real Madrid,Carlos Henrique Casimiro,Center Defensive Midfield,78,Real Madrid,54.8,37.8,1.7466,,,,Karim Benzema,75.9,33.0,21.639086,-0.22368143,High Pass,,,,,,,,,,,,,,,,
267533,2016-04-02,Barcelona,Real Madrid,La Liga,2015/2016,3b6f7eeb-3d7f-4c97-a6e3-13a436ea9567,1739,1,00:43:07.027000,43,7,Ball Receipt*,Real Madrid,Karim Benzema,Center Forward,78,Real Madrid,75.9,33.0,,,,,,,,,,,,,,,,,,,,,,,,,,
267533,2016-04-02,Barcelona,Real Madrid,La Liga,2015/2016,9461a6be-a2ef-4b87-a5cd-93b63e868e9f,1740,1,00:43:07.027000,43,7,Duel,Barcelona,Sergio Busquets i Burgos,Center Defensive Midfield,78,Real Madrid,44.2,47.1,0.0,True,,,,,,,,,,,,,,,,Aerial Lost,,,,,,,,
267533,2016-04-02,Barcelona,Real Madrid,La Liga,2015/2016,c70b4f38-abf4-4b95-a2aa-880dc64dc582,1741,1,00:43:07.027000,43,7,Pass,Real Madrid,Karim Benzema,Center Forward,78,Real Madrid,75.9,33.0,0.871594,True,,,Luka Modrić,65.8,40.6,12.640016,2.4965093,High Pass,,,,,,,,,,,,,,,,
267533,2016-04-02,Barcelona,Real Madrid,La Liga,2015/2016,254e15bd-d088-4018-8062-b1c0306a8815,1742,1,00:43:07.898000,43,7,Ball Receipt*,Real Madrid,Luka Modrić,Right Center Midfield,78,Real Madrid,65.8,40.6,,,,,,,,,,,,,,,,,,,,,,,,,,
267533,2016-04-02,Barcelona,Real Madrid,La Liga,2015/2016,6bff0018-650f-4028-a532-d5ee442731da,1743,1,00:43:07.898000,43,7,Carry,Real Madrid,Luka Modrić,Right Center Midfield,78,Real Madrid,65.8,40.6,1.037106,,,,,,,,,,,63.0,37.3,,,,,,,,,,,,,
267533,2016-04-02,Barcelona,Real Madrid,La Liga,2015/2016,d4a60d2b-a3b3-4011-89ac-7bb77fde55d7,1744,1,00:43:08.935000,43,8,Pass,Real Madrid,Luka Modrić,Right Center Midfield,78,Real Madrid,63.0,37.3,0.5698,,,,Carlos Henrique Casimiro,58.2,42.8,7.3,2.2883377,Ground Pass,,,,,,,,,,,,,,,,
267533,2016-04-02,Barcelona,Real Madrid,La Liga,2015/2016,f63ff0db-cc25-4888-b20b-7214180f1b00,1745,1,00:43:09.505000,43,9,Ball Receipt*,Real Madrid,Carlos Henrique Casimiro,Center Defensive Midfield,78,Real Madrid,58.2,42.8,,,,,,,,,,,,,,,,,,,,,,,,,,
267533,2016-04-02,Barcelona,Real Madrid,La Liga,2015/2016,c5c4228a-66f2-4b43-ad41-4d2aa77fa3ff,1746,1,00:43:09.505000,43,9,Pass,Real Madrid,Carlos Henrique Casimiro,Center Defensive Midfield,78,Real Madrid,58.2,42.8,1.599753,,,,,79.6,57.1,25.738104,0.5890802,Low Pass,Incomplete,,,,,,,,,,,,,,,
267533,2016-04-02,Barcelona,Real Madrid,La Liga,2015/2016,03f3c393-02da-4156-81d0-e5b803cb7eca,1747,1,00:43:11.105000,43,11,Pass,Barcelona,Jordi Alba Ramos,Left Back,78,Real Madrid,40.5,23.0,0.876179,,,,Neymar da Silva Santos Junior,64.6,25.4,24.219208,0.099257804,Low Pass,,,,,,,,,,,,,,,,
267533,2016-04-02,Barcelona,Real Madrid,La Liga,2015/2016,4a253da9-0e88-45cb-9de9-8f80b815e4b4,1748,1,00:43:11.981000,43,11,Ball Receipt*,Barcelona,Neymar da Silva Santos Junior,Left Wing,78,Real Madrid,64.6,25.4,,,,,,,,,,,,,,,,,,,,,,,,,,
267533,2016-04-02,Barcelona,Real Madrid,La Liga,2015/2016,8cc0066e-388c-48bb-a018-f2f09673ea9d,1749,1,00:43:11.981000,43,11,Carry,Barcelona,Neymar da Silva Santos Junior,Left Wing,78,Real Madrid,64.6,25.4,1.909568,True,,,,,,,,,,66.7,27.8,,,,,,,,,,,,,
267533,2016-04-02,Barcelona,Real Madrid,La Liga,2015/2016,0f8ca93c-62a2-44a1-a8e0-a12a19bb9def,1750,1,00:43:12.880000,43,12,Pressure,Real Madrid,Carlos Henrique Casimiro,Center Defensive Midfield,78,Real Madrid,56.4,49.9,1.010815,,,,,,,,,,,,,,,,,,,,,,,,,
267533,2016-04-02,Barcelona,Real Madrid,La Liga,2015/2016,bc889204-b269-4b06-b4c9-9cf247e52661,1751,1,00:43:13.891000,43,13,Dribble,Barcelona,Neymar da Silva Santos Junior,Left Wing,78,Real Madrid,66.7,27.8,0.0,True,,,,,,,,,,,,,,,,,,,,,,,,
267533,2016-04-02,Barcelona,Real Madrid,La Liga,2015/2016,3c347809-9a6c-46d2-a406-fd2aa506f377,1752,1,00:43:13.891000,43,13,Duel,Real Madrid,Carlos Henrique Casimiro,Center Defensive Midfield,78,Real Madrid,53.4,52.3,0.0,True,,,,,,,,,,,,,,,,Tackle,Success In Play,,,,,,,
267533,2016-04-02,Barcelona,Real Madrid,La Liga,2015/2016,685dd4ff-ec70-4744-988b-bf1a379b798f,1753,1,00:43:16.294000,43,16,Pass,Real Madrid,Daniel Carvajal Ramos,Right Back,78,Real Madrid,45.2,61.1,1.674833,,,,Gareth Frank Bale,69.9,73.9,27.819597,0.47811607,Ground Pass,,,,,,,,,,,,,,,,
267533,2016-04-02,Barcelona,Real Madrid,La Liga,2015/2016,e998a204-01bd-45c6-9573-16e515c8dbf3,1754,1,00:43:17.969000,43,17,Ball Receipt*,Real Madrid,Gareth Frank Bale,Right Wing,78,Real Madrid,69.9,73.9,,,,,,,,,,,,,,,,,,,,,,,,,,
267533,2016-04-02,Barcelona,Real Madrid,La Liga,2015/2016,4132682d-71e6-45e1-a859-9de95e08f580,1755,1,00:43:17.969000,43,17,Carry,Real Madrid,Gareth Frank Bale,Right Wing,78,Real Madrid,69.9,73.9,5.239067,,,,,,,,,,,105.1,64.0,,,,,,,,,,,,,
267533,2016-04-02,Barcelona,Real Madrid,La Liga,2015/2016,8f220291-8294-4e03-b10b-a652789a05f0,1756,1,00:43:23.208000,43,23,Pass,Real Madrid,Gareth Frank Bale,Right Wing,78,Real Madrid,105.1,64.0,0.0771,,,,Cristiano Ronaldo dos Santos Aveiro,105.5,61.9,2.1377559,-1.3825748,Ground Pass,Incomplete,,,,,,,,,,,,,,,
267533,2016-04-02,Barcelona,Real Madrid,La Liga,2015/2016,76099d5b-ebc2-41f7-b7c9-ea4c3a54db4c,1757,1,00:43:23.285000,43,23,Ball Receipt*,Real Madrid,Cristiano Ronaldo dos Santos Aveiro,Left Wing,78,Real Madrid,107.2,27.7,,,,,,,,,,,,,,,,,,,,,,,,,,
267533,2016-04-02,Barcelona,Real Madrid,La Liga,2015/2016,15828488-9416-4609-8820-86fa79c37530,1758,1,00:43:23.285000,43,23,Block,Barcelona,Jordi Alba Ramos,Left Back,78,Real Madrid,14.6,18.2,0.0,,,True,,,,,,,,,,,,,,,,,,,,,,
267533,2016-04-02,Barcelona,Real Madrid,La Liga,2015/2016,7dd6053f-04a6-4236-ae75-8a727cd9b9db,1759,1,00:43:54.744000,43,54,Pass,Real Madrid,Toni Kroos,Left Center Midfield,79,Real Madrid,120.0,80.0,2.2565,,,,Kléper Laveran Lima Ferreira,110.7,34.4,46.538692,-1.7719846,High Pass,,,,,,,,,,,,,,,,
267533,2016-04-02,Barcelona,Real Madrid,La Liga,2015/2016,256de52c-5f5e-4e52-9ead-3edbc4389b47,1760,1,00:43:57,43,57,Ball Receipt*,Real Madrid,Kléper Laveran Lima Ferreira,Right Center Back,79,Real Madrid,110.7,34.4,,,,,,,,,,,,,,,,,,,,,,,,,,
267533,2016-04-02,Barcelona,Real Madrid,La Liga,2015/2016,d66b43c1-a3e1-49e9-9390-08fc97bd3f67,1761,1,00:43:57,43,57,Duel,Barcelona,Gerard Piqué Bernabéu,Right Center Back,79,Real Madrid,9.4,45.7,0.0,True,,,,,,,,,,,,,,,,Aerial Lost,,,,,,,,
267533,2016-04-02,Barcelona,Real Madrid,La Liga,2015/2016,f092edd8-b5eb-4019-a106-7d6319007198,1762,1,00:43:57,43,57,Pass,Real Madrid,Kléper Laveran Lima Ferreira,Right Center Back,79,Real Madrid,110.7,34.4,0.8186,True,,,Sergio Ramos García,113.0,38.8,4.9648767,1.0891327,High Pass,Unknown,,,,,,,,,,,,,,,
267533,2016-04-02,Barcelona,Real Madrid,La Liga,2015/2016,bc245dab-0937-4841-85ce-c76bccb49cb0,1763,1,00:43:57.819000,43,57,Ball Receipt*,Real Madrid,Sergio Ramos García,Left Center Back,79,Real Madrid,113.0,39.4,,,,,,,,,,,,,,,,,,,,,,,,,,
267533,2016-04-02,Barcelona,Real Madrid,La Liga,2015/2016,4ca12fda-c8de-4495-a31e-e1d6dced6e04,1764,1,00:43:58.059000,43,58,Foul Committed,Real Madrid,Sergio Ramos García,Left Center Back,79,Real Madrid,112.5,38.8,0.0,,,,,,,,,,,,,,,,,,,Dangerous Play,,,,,,
267533,2016-04-02,Barcelona,Real Madrid,La Liga,2015/2016,537767f0-a4a0-40bf-bde6-5a2f643e72de,1765,1,00:43:58.059000,43,58,Foul Won,Barcelona,Ivan Rakitić,Right Center Midfield,79,Real Madrid,7.6,41.3,0.0,True,,,,,,,,,,,,,,,,,,,,True,,,,
267533,2016-04-02,Barcelona,Real Madrid,La Liga,2015/2016,c19289f7-f18e-43f9-8648-623e53408277,1766,1,00:44:01.748000,44,1,Injury Stoppage,Real Madrid,Sergio Ramos García,Left Center Back,79,Real Madrid,,,0.0,,,,,,,,,,,,,,,,,,,,,,,,,
267533,2016-04-02,Barcelona,Real Madrid,La Liga,2015/2016,a7ca561f-1645-487c-8280-4e45e60c335f,1767,1,00:44:38.798000,44,38,Pass,Barcelona,Claudio Andrés Bravo Muñoz,Goalkeeper,80,Barcelona,8.5,41.9,3.81,,True,,Daniel Alves da Silva,28.3,75.5,39.0,1.0382922,Low Pass,,,,,,,,,,,,,,,,
267533,2016-04-02,Barcelona,Real Madrid,La Liga,2015/2016,740ba50c-c7dd-4c67-8153-6fa9af463c22,1768,1,00:44:42.608000,44,42,Ball Receipt*,Barcelona,Daniel Alves da Silva,Right Back,80,Barcelona,28.3,75.5,,,,,,,,,,,,,,,,,,,,,,,,,,
267533,2016-04-02,Barcelona,Real Madrid,La Liga,2015/2016,e62bfa66-8516-4f82-b59e-7d132d9e0e37,1769,1,00:44:44.029000,44,44,Pass,Barcelona,Daniel Alves da Silva,Right Back,80,Barcelona,28.3,76.1,3.131291,,,,Jordi Alba Ramos,53.3,10.6,70.10884,-1.2061826,High Pass,,,,,,,,,,,,,,,,
267533,2016-04-02,Barcelona,Real Madrid,La Liga,2015/2016,32aa4f8d-2a25-4f67-a19c-e0545d31b250,1770,1,00:44:47.161000,44,47,Ball Receipt*,Barcelona,Jordi Alba Ramos,Left Back,80,Barcelona,53.3,10.6,,,,,,,,,,,,,,,,,,,,,,,,,,
267533,2016-04-02,Barcelona,Real Madrid,La Liga,2015/2016,a207efb8-b5ab-4f72-b830-a72092305d26,1771,1,00:44:47.161000,44,47,Carry,Barcelona,Jordi Alba Ramos,Left Back,80,Barcelona,53.3,10.6,4.586672,,,,,,,,,,,60.4,2.1,,,,,,,,,,,,,
267533,2016-04-02,Barcelona,Real Madrid,La Liga,2015/2016,4f503d7c-48af-4c51-9d57-cc5494878725,1772,1,00:44:51.747000,44,51,Pass,Barcelona,Jordi Alba Ramos,Left Back,80,Barcelona,60.4,2.1,1.034411,,,,Andrés Iniesta Luján,50.4,11.4,13.656135,2.392448,Ground Pass,,,,,,,,,,,,,,,,
267533,2016-04-02,Barcelona,Real Madrid,La Liga,2015/2016,c580c6f0-d05e-48ff-8ad7-d0a3bf7aad30,1773,1,00:44:52.782000,44,52,Ball Receipt*,Barcelona,Andrés Iniesta Luján,Left Center Midfield,80,Barcelona,50.4,11.4,,,,,,,,,,,,,,,,,,,,,,,,,,
267533,2016-04-02,Barcelona,Real Madrid,La Liga,2015/2016,4ba16516-3e7e-45af-86ed-ea73ec4572da,1774,1,00:44:52.782000,44,52,Carry,Barcelona,Andrés Iniesta Luján,Left Center Midfield,80,Barcelona,50.4,11.4,1.734389,,,,,,,,,,,48.8,22.4,,,,,,,,,,,,,
267533,2016-04-02,Barcelona,Real Madrid,La Liga,2015/2016,de47f588-6fb7-4a80-8acb-0cb85288fb4b,1775,1,00:44:54.516000,44,54,Pass,Barcelona,Andrés Iniesta Luján,Left Center Midfield,80,Barcelona,48.8,22.4,0.976458,,,,Sergio Busquets i Burgos,52.3,26.5,5.390733,0.8641821,Ground Pass,,,,,,,,,,,,,,,,
267533,2016-04-02,Barcelona,Real Madrid,La Liga,2015/2016,25bc10af-f9d9-47ae-ad7c-eed421067e80,1776,1,00:44:55.492000,44,55,Ball Receipt*,Barcelona,Sergio Busquets i Burgos,Center Defensive Midfield,80,Barcelona,52.3,26.5,,,,,,,,,,,,,,,,,,,,,,,,,,
267533,2016-04-02,Barcelona,Real Madrid,La Liga,2015/2016,c42e1a6b-392d-465d-8290-2c48664783fb,1777,1,00:44:55.492000,44,55,Carry,Barcelona,Sergio Busquets i Burgos,Center Defensive Midfield,80,Barcelona,52.3,26.5,0.080042,,,,,,,,,,,51.9,26.4,,,,,,,,,,,,,
267533,2016-04-02,Barcelona,Real Madrid,La Liga,2015/2016,f648c865-7c3c-4127-aae5-97a295a9c0e4,1778,1,00:44:55.573000,44,55,Pass,Barcelona,Sergio Busquets i Burgos,Center Defensive Midfield,80,Barcelona,51.9,26.4,0.805815,,,,Javier Alejandro Mascherano,41.5,20.2,12.107849,-2.604006,Ground Pass,,,,,,,,,,,,,,,,
267533,2016-04-02,Barcelona,Real Madrid,La Liga,2015/2016,13c936d7-f4e6-4694-a058-0381517c85fd,1779,1,00:44:56.378000,44,56,Ball Receipt*,Barcelona,Javier Alejandro Mascherano,Left Center Back,80,Barcelona,41.5,20.2,,,,,,,,,,,,,,,,,,,,,,,,,,
267533,2016-04-02,Barcelona,Real Madrid,La Liga,2015/2016,df906747-8ad8-4197-ba5f-9d297f7d9188,1780,1,00:44:56.378000,44,56,Carry,Barcelona,Javier Alejandro Mascherano,Left Center Back,80,Barcelona,41.5,20.2,3.595257,,,,,,,,,,,43.5,27.8,,,,,,,,,,,,,
267533,2016-04-02,Barcelona,Real Madrid,La Liga,2015/2016,a8a0f65a-57d2-4ccf-a6c1-b4fd21ffb400,1781,1,00:44:59.974000,44,59,Pass,Barcelona,Javier Alejandro Mascherano,Left Center Back,80,Barcelona,43.5,27.8,0.633066,,,,Sergio Busquets i Burgos,51.2,25.0,8.19329,-0.348771,Ground Pass,,,,,,,,,,,,,,,,
267533,2016-04-02,Barcelona,Real Madrid,La Liga,2015/2016,0f833942-8d52-4435-86f8-8d88940066bc,1782,1,00:45:00.607000,45,0,Ball Receipt*,Barcelona,Sergio Busquets i Burgos,Center Defensive Midfield,80,Barcelona,51.2,25.0,,,,,,,,,,,,,,,,,,,,,,,,,,
267533,2016-04-02,Barcelona,Real Madrid,La Liga,2015/2016,cc5e7e6a-422e-466b-8dea-31b5293d414b,1783,1,00:45:00.607000,45,0,Carry,Barcelona,Sergio Busquets i Burgos,Center Defensive Midfield,80,Barcelona,51.2,25.0,2.562459,,,,,,,,,,,56.0,23.5,,,,,,,,,,,,,
267533,2016-04-02,Barcelona,Real Madrid,La Liga,2015/2016,34d70427-c4f9-4281-a58e-05e0d050555a,1784,1,00:45:03.169000,45,3,Pass,Barcelona,Sergio Busquets i Burgos,Center Defensive Midfield,80,Barcelona,56.0,23.5,2.388803,,,,Javier Alejandro Mascherano,54.0,40.0,16.62077,1.69142,Ground Pass,,,,,,,,,,,,,,,,
267533,2016-04-02,Barcelona,Real Madrid,La Liga,2015/2016,a5023a3a-8078-45b6-adc0-34e0f8ee6a66,1785,1,00:45:05.558000,45,5,Ball Receipt*,Barcelona,Javier Alejandro Mascherano,Left Center Back,80,Barcelona,54.0,40.0,,,,,,,,,,,,,,,,,,,,,,,,,,
267533,2016-04-02,Barcelona,Real Madrid,La Liga,2015/2016,7588c4dc-9245-4b5f-990b-09e7059f8975,1786,1,00:45:05.558000,45,5,Carry,Barcelona,Javier Alejandro Mascherano,Left Center Back,80,Barcelona,54.0,40.0,1.2592,,,,,,,,,,,57.0,41.3,,,,,,,,,,,,,
267533,2016-04-02,Barcelona,Real Madrid,La Liga,2015/2016,28eacfc3-0709-4f51-a6c9-a3bf75cf7d47,1787,1,00:45:06.817000,45,6,Pass,Barcelona,Javier Alejandro Mascherano,Left Center Back,80,Barcelona,57.0,41.3,0.794405,,,,Ivan Rakitić,70.5,51.6,16.980577,0.6517459,Ground Pass,,,,,,,,,,,,,,,,
267533,2016-04-02,Barcelona,Real Madrid,La Liga,2015/2016,3b107e0d-2b4e-442e-a8fd-51ff23d3d720,1788,1,00:45:07.612000,45,7,Ball Receipt*,Barcelona,Ivan Rakitić,Right Center Midfield,80,Barcelona,70.5,51.6,,,,,,,,,,,,,,,,,,,,,,,,,,
267533,2016-04-02,Barcelona,Real Madrid,La Liga,2015/2016,fbb9ae85-5085-4c50-a36f-d6cf7427edf4,1789,1,00:45:07.612000,45,7,Carry,Barcelona,Ivan Rakitić,Right Center Midfield,80,Barcelona,70.5,51.6,1.390379,,,,,,,,,,,69.5,56.9,,,,,,,,,,,,,
267533,2016-04-02,Barcelona,Real Madrid,La Liga,2015/2016,c176ae42-4559-4716-9b3b-5139f2c374cf,1790,1,00:45:09.002000,45,9,Pass,Barcelona,Ivan Rakitić,Right Center Midfield,80,Barcelona,69.5,56.9,1.269616,,,,Daniel Alves da Silva,77.8,76.4,21.192923,1.1683829,Ground Pass,,,,,,,,,,,,,,,,
267533,2016-04-02,Barcelona,Real Madrid,La Liga,2015/2016,b74b8ff3-8a38-421e-a8e2-94692fe91770,1791,1,00:45:10.272000,45,10,Ball Receipt*,Barcelona,Daniel Alves da Silva,Right Back,80,Barcelona,77.8,76.4,,,,,,,,,,,,,,,,,,,,,,,,,,
267533,2016-04-02,Barcelona,Real Madrid,La Liga,2015/2016,ea29bf2f-126e-4d0b-b693-489adf10aaaa,1792,1,00:45:10.272000,45,10,Carry,Barcelona,Daniel Alves da Silva,Right Back,80,Barcelona,77.8,76.4,4.319025,,,,,,,,,,,77.8,63.4,,,,,,,,,,,,,
267533,2016-04-02,Barcelona,Real Madrid,La Liga,2015/2016,8c868f74-4769-4a4e-90b7-e52604096839,1793,1,00:45:14.591000,45,14,Pass,Barcelona,Daniel Alves da Silva,Right Back,80,Barcelona,77.8,63.4,1.231448,,,,Lionel Andrés Messi Cuccittini,69.7,53.4,12.868955,-2.2516053,Ground Pass,,,,,,,,,,,,,,,,
267533,2016-04-02,Barcelona,Real Madrid,La Liga,2015/2016,6db57cfd-334f-4ea7-815b-a2789cad691d,1794,1,00:45:15.822000,45,15,Ball Receipt*,Barcelona,Lionel Andrés Messi Cuccittini,Center Forward,80,Barcelona,69.7,53.4,,,,,,,,,,,,,,,,,,,,,,,,,,
267533,2016-04-02,Barcelona,Real Madrid,La Liga,2015/2016,dc17dbb0-6836-4652-80e8-6a4b5f020694,1795,1,00:45:15.822000,45,15,Carry,Barcelona,Lionel Andrés Messi Cuccittini,Center Forward,80,Barcelona,69.7,53.4,3.460207,,,,,,,,,,,71.9,46.2,,,,,,,,,,,,,
267533,2016-04-02,Barcelona,Real Madrid,La Liga,2015/2016,dcf4b6fb-957b-44b1-b099-9e1cad193acd,1796,1,00:45:19.282000,45,19,Pass,Barcelona,Lionel Andrés Messi Cuccittini,Center Forward,80,Barcelona,71.9,46.2,1.004256,,,,Sergio Busquets i Burgos,77.3,39.7,8.450444,-0.8775732,Ground Pass,,,,,,,,,,,,,,,,
267533,2016-04-02,Barcelona,Real Madrid,La Liga,2015/2016,c37410a6-4fea-4974-8448-f79905da272c,1797,1,00:45:20.286000,45,20,Ball Receipt*,Barcelona,Sergio Busquets i Burgos,Center Defensive Midfield,80,Barcelona,77.3,39.7,,,,,,,,,,,,,,,,,,,,,,,,,,
267533,2016-04-02,Barcelona,Real Madrid,La Liga,2015/2016,a43c3a6a-6db5-4e03-867c-cf42eb27fcc4,1798,1,00:45:20.286000,45,20,Carry,Barcelona,Sergio Busquets i Burgos,Center Defensive Midfield,80,Barcelona,77.3,39.7,0.039964,,,,,,,,,,,78.3,39.7,,,,,,,,,,,,,
267533,2016-04-02,Barcelona,Real Madrid,La Liga,2015/2016,c4c34798-45bb-49f5-8854-7554e1877bae,1799,1,00:45:20.326000,45,20,Pass,Barcelona,Sergio Busquets i Burgos,Center Defensive Midfield,80,Barcelona,78.3,39.7,0.873772,,,,Ivan Rakitić,86.0,47.6,11.031773,0.79821795,Ground Pass,,,,,,,,,,,,,,,,
267533,2016-04-02,Barcelona,Real Madrid,La Liga,2015/2016,0ac266a7-c1a8-4d92-9cfe-bc73f7094e79,1800,1,00:45:21.200000,45,21,Ball Receipt*,Barcelona,Ivan Rakitić,Right Center Midfield,80,Barcelona,86.0,47.6,,,,,,,,,,,,,,,,,,,,,,,,,,
267533,2016-04-02,Barcelona,Real Madrid,La Liga,2015/2016,2f045a6d-bb7c-453e-936b-af0b7f8e3cf9,1801,1,00:45:21.200000,45,21,Carry,Barcelona,Ivan Rakitić,Right Center Midfield,80,Barcelona,86.0,47.6,1.529728,True,,,,,,,,,,94.2,51.2,,,,,,,,,,,,,
267533,2016-04-02,Barcelona,Real Madrid,La Liga,2015/2016,2d15e57c-9bd6-4985-9b56-06f808699a12,1802,1,00:45:21.457000,45,21,Pressure,Real Madrid,Carlos Henrique Casimiro,Center Defensive Midfield,80,Barcelona,33.8,37.4,1.185484,,,,,,,,,,,,,,,,,,,,,,,,,
267533,2016-04-02,Barcelona,Real Madrid,La Liga,2015/2016,69795747-bca8-4f26-a2a0-b2191e6867da,1803,1,00:45:22.730000,45,22,Shot,Barcelona,Ivan Rakitić,Right Center Midfield,80,Barcelona,94.2,51.2,1.0168,,,,,,,,,,,,,0.021532787,Off T,Right Foot,Normal,,,,,,,,,
267533,2016-04-02,Barcelona,Real Madrid,La Liga,2015/2016,55bd62fa-5f0e-46e8-b368-ffbb0f954c22,1804,1,00:45:23.747000,45,23,Goal Keeper,Real Madrid,Keylor Navas Gamboa,Goalkeeper,80,Barcelona,1.8,39.6,0.0,,,,,,,,,,,,,,,,,,,,,,,,,
267533,2016-04-02,Barcelona,Real Madrid,La Liga,2015/2016,2791aace-cdd0-47ed-ba66-0aa23ada86bb,1805,1,00:45:44.130000,45,44,Pass,Real Madrid,Keylor Navas Gamboa,Goalkeeper,81,Real Madrid,7.0,44.1,1.903158,,True,,Kléper Laveran Lima Ferreira,14.4,63.3,20.576685,1.2029246,Ground Pass,,,,,,,,,,,,,,,,
267533,2016-04-02,Barcelona,Real Madrid,La Liga,2015/2016,51706ea7-049f-4f35-b139-ba323cfa0fdb,1806,1,00:45:46.033000,45,46,Ball Receipt*,Real Madrid,Kléper Laveran Lima Ferreira,Right Center Back,81,Real Madrid,14.4,63.3,,,,,,,,,,,,,,,,,,,,,,,,,,
267533,2016-04-02,Barcelona,Real Madrid,La Liga,2015/2016,8d3121ef-ecfa-4f3a-abf5-f1b9377fe464,1807,1,00:45:46.689000,45,46,Pass,Real Madrid,Kléper Laveran Lima Ferreira,Right Center Back,81,Real Madrid,14.2,65.3,1.42095,,,,Daniel Carvajal Ramos,34.5,75.6,22.763567,0.46954146,Ground Pass,,,,,,,,,,,,,,,,
267533,2016-04-02,Barcelona,Real Madrid,La Liga,2015/2016,8a6d1f32-a5e5-4716-9bd2-07902dcb66e2,1808,1,00:45:48.110000,45,48,Ball Receipt*,Real Madrid,Daniel Carvajal Ramos,Right Back,81,Real Madrid,34.5,75.6,,,,,,,,,,,,,,,,,,,,,,,,,,
267533,2016-04-02,Barcelona,Real Madrid,La Liga,2015/2016,07af92fd-6345-4ee1-9708-3b072494a055,1809,1,00:45:48.110000,45,48,Carry,Real Madrid,Daniel Carvajal Ramos,Right Back,81,Real Madrid,34.5,75.6,2.324536,True,,,,,,,,,,44.7,76.0,,,,,,,,,,,,,
267533,2016-04-02,Barcelona,Real Madrid,La Liga,2015/2016,0ad33538-a77b-4d4f-b5f4-89f536338237,1810,1,00:45:49.044000,45,49,Pressure,Barcelona,Neymar da Silva Santos Junior,Left Wing,81,Real Madrid,84.6,5.2,1.344957,,,,,,,,,,,,,,,,,,,,,,,,,
267533,2016-04-02,Barcelona,Real Madrid,La Liga,2015/2016,ca932eca-3df9-4391-97cb-137f9397f9e0,1811,1,00:45:50.435000,45,50,Dispossessed,Real Madrid,Daniel Carvajal Ramos,Right Back,81,Real Madrid,44.7,76.0,0.416644,True,,,,,,,,,,,,,,,,,,,,,,,,
267533,2016-04-02,Barcelona,Real Madrid,La Liga,2015/2016,eb1a0678-f068-478f-997e-3885429c68c1,1812,1,00:45:50.435000,45,50,Duel,Barcelona,Neymar da Silva Santos Junior,Left Wing,81,Real Madrid,75.4,4.1,0.0,True,,,,,,,,,,,,,,,,Tackle,Lost Out,,,,,,,
267533,2016-04-02,Barcelona,Real Madrid,La Liga,2015/2016,eaf4ea2d-797c-49a8-8016-7c5ed2d76816,1813,1,00:45:59.301000,45,59,Pass,Real Madrid,Daniel Carvajal Ramos,Right Back,82,Real Madrid,56.6,80.0,0.7579,,,,Luka Modrić,60.2,71.6,9.138927,-1.1659045,High Pass,,,,,,,,,,,,,,,,
267533,2016-04-02,Barcelona,Real Madrid,La Liga,2015/2016,f03ed091-8d33-404c-bb59-e60a460cbd0f,1814,1,00:46:00.296000,46,0,Half End,Real Madrid,,,82,Real Madrid,,,0.0,,,,,,,,,,,,,,,,,,,,,,,,,
267533,2016-04-02,Barcelona,Real Madrid,La Liga,2015/2016,050920df-c502-45f9-aec1-188746145673,1815,1,00:46:00.296000,46,0,Half End,Barcelona,,,82,Real Madrid,,,0.0,,,,,,,,,,,,,,,,,,,,,,,,,
267533,2016-04-02,Barcelona,Real Madrid,La Liga,2015/2016,8c45f0a7-f1be-4be8-8e4b-b9ec00837147,1816,2,00:00:00,45,0,Half Start,Real Madrid,,,82,Real Madrid,,,0.0,,,,,,,,,,,,,,,,,,,,,,,,,
267533,2016-04-02,Barcelona,Real Madrid,La Liga,2015/2016,7fb73e07-57ec-4b47-93c7-c85ffb482159,1817,2,00:00:00,45,0,Half Start,Barcelona,,,82,Real Madrid,,,0.0,,,,,,,,,,,,,,,,,,,,,,,,,
267533,2016-04-02,Barcelona,Real Madrid,La Liga,2015/2016,48c84869-ad61-4021-b1f2-d925dd349d57,1818,2,00:00:00.558000,45,0,Pass,Real Madrid,Luka Modrić,Right Center Midfield,83,Real Madrid,60.0,40.0,0.3975,,,,Karim Benzema,60.2,39.3,0.728011,-1.2924967,Ground Pass,,,,,,,,,,,,,,,,
267533,2016-04-02,Barcelona,Real Madrid,La Liga,2015/2016,6fe3717f-886c-4de4-92fc-aaf8912dd8c8,1819,2,00:00:00.955000,45,0,Ball Receipt*,Real Madrid,Karim Benzema,Center Forward,83,Real Madrid,60.2,39.3,,,,,,,,,,,,,,,,,,,,,,,,,,
267533,2016-04-02,Barcelona,Real Madrid,La Liga,2015/2016,13ba30e3-1aa8-44c5-9ff8-6f892e401e71,1820,2,00:00:00.955000,45,0,Pass,Real Madrid,Karim Benzema,Center Forward,83,Real Madrid,60.5,41.0,1.1168,,,,Carlos Henrique Casimiro,50.5,54.4,16.720047,2.211905,Ground Pass,,,,,,,,,,,,,,,,
267533,2016-04-02,Barcelona,Real Madrid,La Liga,2015/2016,b3eadd27-bd0b-4189-87b2-53b13c3dc58c,1821,2,00:00:02.072000,45,2,Ball Receipt*,Real Madrid,Carlos Henrique Casimiro,Center Defensive Midfield,83,Real Madrid,50.5,54.4,,,,,,,,,,,,,,,,,,,,,,,,,,
267533,2016-04-02,Barcelona,Real Madrid,La Liga,2015/2016,00397d9e-f0ab-4e3c-bb30-a432cdf893d3,1822,2,00:00:02.072000,45,2,Pass,Real Madrid,Carlos Henrique Casimiro,Center Defensive Midfield,83,Real Madrid,47.1,49.9,1.421,,,,Toni Kroos,42.8,34.4,16.085398,-1.8414104,Ground Pass,,,,,,,,,,,,,,,,
267533,2016-04-02,Barcelona,Real Madrid,La Liga,2015/2016,b9ccc27c-1f2d-497b-8c13-6433215c09d4,1823,2,00:00:03.493000,45,3,Ball Receipt*,Real Madrid,Toni Kroos,Left Center Midfield,83,Real Madrid,42.8,34.4,,,,,,,,,,,,,,,,,,,,,,,,,,
267533,2016-04-02,Barcelona,Real Madrid,La Liga,2015/2016,cb160bda-4fd2-49c1-9183-3366f385de04,1824,2,00:00:03.493000,45,3,Carry,Real Madrid,Toni Kroos,Left Center Midfield,83,Real Madrid,42.8,34.4,1.2443,,,,,,,,,,,43.0,25.5,,,,,,,,,,,,,
267533,2016-04-02,Barcelona,Real Madrid,La Liga,2015/2016,df34806e-8233-4022-8d0f-344832809246,1825,2,00:00:04.737000,45,4,Pass,Real Madrid,Toni Kroos,Left Center Midfield,83,Real Madrid,43.0,25.5,1.1199,,,,Marcelo Vieira da Silva Júnior,42.2,9.0,16.519382,-1.6192433,Ground Pass,,,,,,,,,,,,,,,,
267533,2016-04-02,Barcelona,Real Madrid,La Liga,2015/2016,51d9cf32-8950-4915-9745-9c2d1c989cb6,1826,2,00:00:05.857000,45,5,Ball Receipt*,Real Madrid,Marcelo Vieira da Silva Júnior,Left Back,83,Real Madrid,42.2,9.0,,,,,,,,,,,,,,,,,,,,,,,,,,
267533,2016-04-02,Barcelona,Real Madrid,La Liga,2015/2016,4e41712b-f045-4704-9664-a3c31fc99e72,1827,2,00:00:05.857000,45,5,Carry,Real Madrid,Marcelo Vieira da Silva Júnior,Left Back,83,Real Madrid,42.2,9.0,1.6461,,,,,,,,,,,42.2,9.0,,,,,,,,,,,,,
267533,2016-04-02,Barcelona,Real Madrid,La Liga,2015/2016,afcea0e9-9d9a-4060-93e7-ff7d39817968,1828,2,00:00:07.503000,45,7,Pass,Real Madrid,Marcelo Vieira da Silva Júnior,Left Back,83,Real Madrid,42.2,9.0,0.8731,,,,Toni Kroos,42.2,20.0,11.0,1.5707964,Ground Pass,,,,,,,,,,,,,,,,
267533,2016-04-02,Barcelona,Real Madrid,La Liga,2015/2016,f3ac099e-92c2-453a-81cc-8ea5890e702a,1829,2,00:00:08.376000,45,8,Ball Receipt*,Real Madrid,Toni Kroos,Left Center Midfield,83,Real Madrid,42.2,20.0,,,,,,,,,,,,,,,,,,,,,,,,,,
267533,2016-04-02,Barcelona,Real Madrid,La Liga,2015/2016,8976bfbe-3ede-49de-9ee8-7f1fec1704e6,1830,2,00:00:08.376000,45,8,Carry,Real Madrid,Toni Kroos,Left Center Midfield,83,Real Madrid,42.2,20.0,0.5699,,,,,,,,,,,42.2,20.0,,,,,,,,,,,,,
267533,2016-04-02,Barcelona,Real Madrid,La Liga,2015/2016,397f5483-1e86-4ebc-85e8-4442a319751a,1831,2,00:00:08.946000,45,8,Pass,Real Madrid,Toni Kroos,Left Center Midfield,83,Real Madrid,42.2,20.0,0.911235,,,,Carlos Henrique Casimiro,36.3,38.3,19.227585,1.8826787,Ground Pass,,,,,,,,,,,,,,,,
267533,2016-04-02,Barcelona,Real Madrid,La Liga,2015/2016,abb0d0b2-abfb-49ed-8237-0af43607b302,1832,2,00:00:09.857000,45,9,Ball Receipt*,Real Madrid,Carlos Henrique Casimiro,Center Defensive Midfield,83,Real Madrid,36.3,38.3,,,,,,,,,,,,,,,,,,,,,,,,,,
267533,2016-04-02,Barcelona,Real Madrid,La Liga,2015/2016,133f267f-72a3-453e-a576-4b3b44cb1fab,1833,2,00:00:09.857000,45,9,Carry,Real Madrid,Carlos Henrique Casimiro,Center Defensive Midfield,83,Real Madrid,36.3,38.3,2.265283,,,,,,,,,,,36.4,42.4,,,,,,,,,,,,,
267533,2016-04-02,Barcelona,Real Madrid,La Liga,2015/2016,a7c7c090-9ded-489b-82df-0df6c4b2764e,1834,2,00:00:12.123000,45,12,Pass,Real Madrid,Carlos Henrique Casimiro,Center Defensive Midfield,83,Real Madrid,36.4,42.4,1.247931,,,,Kléper Laveran Lima Ferreira,34.6,61.6,19.284191,1.6642731,Ground Pass,,,,,,,,,,,,,,,,
267533,2016-04-02,Barcelona,Real Madrid,La Liga,2015/2016,dce8b049-3273-4cfd-aa08-2a0f6cc82112,1835,2,00:00:13.371000,45,13,Ball Receipt*,Real Madrid,Kléper Laveran Lima Ferreira,Right Center Back,83,Real Madrid,34.6,61.6,,,,,,,,,,,,,,,,,,,,,,,,,,
267533,2016-04-02,Barcelona,Real Madrid,La Liga,2015/2016,0eb16a04-a358-41e5-8555-52485f1a2e08,1836,2,00:00:13.371000,45,13,Carry,Real Madrid,Kléper Laveran Lima Ferreira,Right Center Back,83,Real Madrid,34.6,61.6,1.729351,,,,,,,,,,,42.5,62.2,,,,,,,,,,,,,
267533,2016-04-02,Barcelona,Real Madrid,La Liga,2015/2016,d6c9c9d4-b405-43d5-8ed6-fbbe277dd0ad,1837,2,00:00:15.100000,45,15,Pass,Real Madrid,Kléper Laveran Lima Ferreira,Right Center Back,83,Real Madrid,42.5,62.2,0.9194,,,,Luka Modrić,55.2,58.5,13.228001,-0.28349173,Low Pass,,,,,,,,,,,,,,,,
267533,2016-04-02,Barcelona,Real Madrid,La Liga,2015/2016,409da3d4-c1c1-4b25-a5ef-8e03714dec52,1838,2,00:00:16.019000,45,16,Ball Receipt*,Real Madrid,Luka Modrić,Right Center Midfield,83,Real Madrid,55.2,58.5,,,,,,,,,,,,,,,,,,,,,,,,,,
267533,2016-04-02,Barcelona,Real Madrid,La Liga,2015/2016,18e080bb-4560-4f94-ba04-b7a3d3139030,1839,2,00:00:16.019000,45,16,Carry,Real Madrid,Luka Modrić,Right Center Midfield,83,Real Madrid,55.2,58.5,1.1612,True,,,,,,,,,,55.4,62.8,,,,,,,,,,,,,
267533,2016-04-02,Barcelona,Real Madrid,La Liga,2015/2016,08785927-7daf-4d77-b76c-7e0df1a12ced,1840,2,00:00:16.164000,45,16,Pressure,Barcelona,Javier Alejandro Mascherano,Left Center Back,83,Real Madrid,62.1,22.9,0.896947,,,,,,,,,,,,,,,,,,,,,,,,,
267533,2016-04-02,Barcelona,Real Madrid,La Liga,2015/2016,705dfc62-1de0-4416-8ff3-b6809d0e939e,1841,2,00:00:17.181000,45,17,Dispossessed,Real Madrid,Luka Modrić,Right Center Midfield,83,Real Madrid,55.4,62.8,0.0,True,,,,,,,,,,,,,,,,,,,,,,,,
267533,2016-04-02,Barcelona,Real Madrid,La Liga,2015/2016,ab8cc94f-e8ed-4ad9-b807-151a72568842,1842,2,00:00:17.181000,45,17,Duel,Barcelona,Javier Alejandro Mascherano,Left Center Back,84,Barcelona,64.7,17.3,0.0,True,,,,,,,,,,,,,,,,Tackle,Success In Play,,,,,,,
267533,2016-04-02,Barcelona,Real Madrid,La Liga,2015/2016,6d82e472-8bb9-4d2d-8556-95e30fff18ef,1843,2,00:00:17.978000,45,17,Ball Recovery,Barcelona,Andrés Iniesta Luján,Left Center Midfield,84,Barcelona,69.9,16.5,0.0,,,,,,,,,,,,,,,,,,,,,,,,,
267533,2016-04-02,Barcelona,Real Madrid,La Liga,2015/2016,409a676a-8312-47d4-be5b-7485c43c9a83,1844,2,00:00:17.978000,45,17,Carry,Barcelona,Andrés Iniesta Luján,Left Center Midfield,84,Barcelona,69.9,16.5,0.919512,,,,,,,,,,,73.4,19.4,,,,,,,,,,,,,
267533,2016-04-02,Barcelona,Real Madrid,La Liga,2015/2016,e7b18f63-2b93-4ccc-baa9-e516901c0745,1845,2,00:00:18.897000,45,18,Pass,Barcelona,Andrés Iniesta Luján,Left Center Midfield,84,Barcelona,73.4,19.4,1.2297,,,,Sergio Busquets i Burgos,68.8,24.6,6.942622,2.2950463,Ground Pass,,,,,,,,,,,,,,,,
267533,2016-04-02,Barcelona,Real Madrid,La Liga,2015/2016,ec053468-7c5a-4602-9fa8-ce7a83fb0ed5,1846,2,00:00:20.127000,45,20,Ball Receipt*,Barcelona,Sergio Busquets i Burgos,Center Defensive Midfield,84,Barcelona,68.8,24.6,,,,,,,,,,,,,,,,,,,,,,,,,,
267533,2016-04-02,Barcelona,Real Madrid,La Liga,2015/2016,b785ca50-f429-46e0-aff3-0b6b240dca8c,1847,2,00:00:20.127000,45,20,Carry,Barcelona,Sergio Busquets i Burgos,Center Defensive Midfield,84,Barcelona,68.8,24.6,0.04,,,,,,,,,,,68.8,24.6,,,,,,,,,,,,,
267533,2016-04-02,Barcelona,Real Madrid,La Liga,2015/2016,9110b315-953c-4ec2-b114-086cd2697cb1,1848,2,00:00:20.167000,45,20,Pass,Barcelona,Sergio Busquets i Burgos,Center Defensive Midfield,84,Barcelona,68.8,24.6,0.812873,,,,Javier Alejandro Mascherano,62.2,19.6,8.280097,-2.4932606,Ground Pass,,,,,,,,,,,,,,,,
267533,2016-04-02,Barcelona,Real Madrid,La Liga,2015/2016,0efd6d25-4dbc-475e-a474-2eb017ae8b32,1849,2,00:00:20.980000,45,20,Ball Receipt*,Barcelona,Javier Alejandro Mascherano,Left Center Back,84,Barcelona,62.2,19.6,,,,,,,,,,,,,,,,,,,,,,,,,,
267533,2016-04-02,Barcelona,Real Madrid,La Liga,2015/2016,6e9fde56-8050-4384-a328-521028941fbf,1850,2,00:00:20.980000,45,20,Carry,Barcelona,Javier Alejandro Mascherano,Left Center Back,84,Barcelona,62.2,19.6,0.188722,,,,,,,,,,,62.2,20.2,,,,,,,,,,,,,
267533,2016-04-02,Barcelona,Real Madrid,La Liga,2015/2016,ccd71018-6af7-431b-a8e5-9ed1d7d7da39,1851,2,00:00:21.168000,45,21,Pass,Barcelona,Javier Alejandro Mascherano,Left Center Back,84,Barcelona,62.2,20.2,1.105505,,,,Ivan Rakitić,64.5,35.6,15.570806,1.4225415,Ground Pass,,,,,,,,,,,,,,,,
267533,2016-04-02,Barcelona,Real Madrid,La Liga,2015/2016,2a10d88d-ec01-46f8-b05d-1b32a161f88e,1852,2,00:00:22.274000,45,22,Ball Receipt*,Barcelona,Ivan Rakitić,Right Center Midfield,84,Barcelona,64.5,35.6,,,,,,,,,,,,,,,,,,,,,,,,,,
267533,2016-04-02,Barcelona,Real Madrid,La Liga,2015/2016,f0a3bdf2-f7fe-47a9-89d4-93ec69839298,1853,2,00:00:22.274000,45,22,Carry,Barcelona,Ivan Rakitić,Right Center Midfield,84,Barcelona,64.5,35.6,0.08,,,,,,,,,,,65.4,36.4,,,,,,,,,,,,,
267533,2016-04-02,Barcelona,Real Madrid,La Liga,2015/2016,cbfda589-ae84-4aaf-9456-dc7ee415c619,1854,2,00:00:22.354000,45,22,Pass,Barcelona,Ivan Rakitić,Right Center Midfield,84,Barcelona,65.4,36.4,0.772219,,,,Sergio Busquets i Burgos,72.1,30.6,8.861715,-0.7135222,Ground Pass,,,,,,,,,,,,,,,,
267533,2016-04-02,Barcelona,Real Madrid,La Liga,2015/2016,534b6ccc-4eae-4970-a190-f67e48ee8019,1855,2,00:00:23.126000,45,23,Ball Receipt*,Barcelona,Sergio Busquets i Burgos,Center Defensive Midfield,84,Barcelona,72.1,30.6,,,,,,,,,,,,,,,,,,,,,,,,,,
267533,2016-04-02,Barcelona,Real Madrid,La Liga,2015/2016,3045f8d1-48c9-4af6-997d-ba59403a5e95,1856,2,00:00:23.126000,45,23,Carry,Barcelona,Sergio Busquets i Burgos,Center Defensive Midfield,84,Barcelona,72.1,30.6,0.242781,,,,,,,,,,,74.1,32.0,,,,,,,,,,,,,
267533,2016-04-02,Barcelona,Real Madrid,La Liga,2015/2016,fc7e9855-2902-4065-b1b2-e9fce4d6df7f,1857,2,00:00:23.369000,45,23,Pass,Barcelona,Sergio Busquets i Burgos,Center Defensive Midfield,84,Barcelona,74.1,32.0,0.808129,,,,Lionel Andrés Messi Cuccittini,76.2,44.6,12.773801,1.4056476,Ground Pass,,,,,,,,,,,,,,,,
267533,2016-04-02,Barcelona,Real Madrid,La Liga,2015/2016,aed33acb-bf1c-4eff-8da6-b1d5fff302dc,1858,2,00:00:24.177000,45,24,Ball Receipt*,Barcelona,Lionel Andrés Messi Cuccittini,Center Forward,84,Barcelona,76.2,44.6,,,,,,,,,,,,,,,,,,,,,,,,,,
267533,2016-04-02,Barcelona,Real Madrid,La Liga,2015/2016,80e84870-f1ba-4214-a0e3-9b46812b0fb4,1859,2,00:00:24.177000,45,24,Carry,Barcelona,Lionel Andrés Messi Cuccittini,Center Forward,84,Barcelona,76.2,44.6,3.314504,,,,,,,,,,,73.0,25.9,,,,,,,,,,,,,
267533,2016-04-02,Barcelona,Real Madrid,La Liga,2015/2016,d2a8b438-5a7f-4180-afec-ee3da261440b,1860,2,00:00:27.492000,45,27,Pass,Barcelona,Lionel Andrés Messi Cuccittini,Center Forward,84,Barcelona,73.0,25.9,1.451723,,,,Jordi Alba Ramos,79.5,9.8,17.362604,-1.1870815,Ground Pass,,,,,,,,,,,,,,,,
267533,2016-04-02,Barcelona,Real Madrid,La Liga,2015/2016,7f7ad1aa-5269-4654-84d6-dc015f1dda83,1861,2,00:00:28.943000,45,28,Ball Receipt*,Barcelona,Jordi Alba Ramos,Left Back,84,Barcelona,79.5,9.8,,,,,,,,,,,,,,,,,,,,,,,,,,
267533,2016-04-02,Barcelona,Real Madrid,La Liga,2015/2016,64f9fb55-8bfd-47eb-8116-98ae3b024ba9,1862,2,00:00:28.943000,45,28,Carry,Barcelona,Jordi Alba Ramos,Left Back,84,Barcelona,79.5,9.8,1.001944,,,,,,,,,,,78.9,12.9,,,,,,,,,,,,,
267533,2016-04-02,Barcelona,Real Madrid,La Liga,2015/2016,620a8b84-3d6c-4f10-928b-fd22a2e1e16d,1863,2,00:00:29.945000,45,29,Pass,Barcelona,Jordi Alba Ramos,Left Back,84,Barcelona,78.9,12.9,0.721692,,,,Lionel Andrés Messi Cuccittini,86.2,22.9,12.381034,0.94021857,Ground Pass,,,,,,,,,,,,,,,,
267533,2016-04-02,Barcelona,Real Madrid,La Liga,2015/2016,7ba74405-89ac-47ee-891d-bbaa8975b247,1864,2,00:00:30.667000,45,30,Ball Receipt*,Barcelona,Lionel Andrés Messi Cuccittini,Center Forward,84,Barcelona,86.2,22.9,,,,,,,,,,,,,,,,,,,,,,,,,,
267533,2016-04-02,Barcelona,Real Madrid,La Liga,2015/2016,6a865bcd-4a54-4711-a502-2a596be121c7,1865,2,00:00:30.667000,45,30,Carry,Barcelona,Lionel Andrés Messi Cuccittini,Center Forward,84,Barcelona,86.2,22.9,1.790993,True,,,,,,,,,,91.4,24.0,,,,,,,,,,,,,
267533,2016-04-02,Barcelona,Real Madrid,La Liga,2015/2016,f1399edf-f7a5-4135-9280-9fd417974f61,1866,2,00:00:31.017000,45,31,Pressure,Real Madrid,Carlos Henrique Casimiro,Center Defensive Midfield,84,Barcelona,29.7,53.3,0.6495,,,,,,,,,,,,,,,,,,,,,,,,,
267533,2016-04-02,Barcelona,Real Madrid,La Liga,2015/2016,3b0519bd-446e-4b97-8c14-66e94630edda,1867,2,00:00:32.458000,45,32,Pass,Barcelona,Lionel Andrés Messi Cuccittini,Center Forward,84,Barcelona,91.4,24.0,1.101921,,,,Neymar da Silva Santos Junior,104.1,12.6,17.066048,-0.7315085,Ground Pass,,,,,,,,,,,,,,,,
267533,2016-04-02,Barcelona,Real Madrid,La Liga,2015/2016,684b5b0c-63fc-46cf-8614-5ad227afb9ed,1868,2,00:00:33.560000,45,33,Ball Receipt*,Barcelona,Neymar da Silva Santos Junior,Left Wing,84,Barcelona,104.1,12.6,,,,,,,,,,,,,,,,,,,,,,,,,,
267533,2016-04-02,Barcelona,Real Madrid,La Liga,2015/2016,f688290d-dfc5-456a-b470-2f91cb0f745b,1869,2,00:00:33.560000,45,33,Carry,Barcelona,Neymar da Silva Santos Junior,Left Wing,84,Barcelona,104.1,12.6,1.649597,,,,,,,,,,,107.8,19.5,,,,,,,,,,,,,
267533,2016-04-02,Barcelona,Real Madrid,La Liga,2015/2016,62046a45-6a73-4b01-ab7c-bb393fb8c2b8,1870,2,00:00:35.209000,45,35,Pass,Barcelona,Neymar da Silva Santos Junior,Left Wing,84,Barcelona,107.8,19.5,0.800908,,,,Lionel Andrés Messi Cuccittini,98.2,22.3,10.0,2.8577986,Ground Pass,,,,,,,,,,,,,,,,
267533,2016-04-02,Barcelona,Real Madrid,La Liga,2015/2016,3cf68557-40b6-4108-bff0-b6e2e2f40abd,1871,2,00:00:36.010000,45,36,Ball Receipt*,Barcelona,Lionel Andrés Messi Cuccittini,Center Forward,84,Barcelona,98.2,22.3,,,,,,,,,,,,,,,,,,,,,,,,,,
267533,2016-04-02,Barcelona,Real Madrid,La Liga,2015/2016,eaa463ba-642d-4813-bd41-3b944d25c116,1872,2,00:00:36.010000,45,36,Carry,Barcelona,Lionel Andrés Messi Cuccittini,Center Forward,84,Barcelona,98.2,22.3,0.188889,,,,,,,,,,,100.7,22.5,,,,,,,,,,,,,
267533,2016-04-02,Barcelona,Real Madrid,La Liga,2015/2016,04c075e2-9f72-4022-85fb-8fe3387752e3,1873,2,00:00:36.199000,45,36,Pass,Barcelona,Lionel Andrés Messi Cuccittini,Center Forward,84,Barcelona,100.7,22.5,1.6699,,,,,114.3,40.9,22.88056,0.9342881,High Pass,Incomplete,,,,,,,,,,,,,,,
267533,2016-04-02,Barcelona,Real Madrid,La Liga,2015/2016,2fb739f6-34f7-4419-9919-7e40d35d8090,1874,2,00:00:37.869000,45,37,Goal Keeper,Real Madrid,Keylor Navas Gamboa,Goalkeeper,84,Barcelona,5.8,39.2,0.0,,,,,,,,,,,,,,,,,,,,,,,,,
267533,2016-04-02,Barcelona,Real Madrid,La Liga,2015/2016,a8c1b0d0-c891-4d29-bce3-3e5100f02c1c,1875,2,00:00:39.421000,45,39,Ball Recovery,Real Madrid,Cristiano Ronaldo dos Santos Aveiro,Left Wing,84,Barcelona,21.1,27.2,0.0,,,,,,,,,,,,,,,,,,,,,,,,,
267533,2016-04-02,Barcelona,Real Madrid,La Liga,2015/2016,687d59b2-e872-4e2d-a342-176fdead098c,1876,2,00:00:39.421000,45,39,Carry,Real Madrid,Cristiano Ronaldo dos Santos Aveiro,Left Wing,84,Barcelona,21.1,27.2,0.90925,,,,,,,,,,,21.3,28.7,,,,,,,,,,,,,
267533,2016-04-02,Barcelona,Real Madrid,La Liga,2015/2016,c812661b-feef-494b-a8ee-fb6eb0c81a0c,1877,2,00:00:40.331000,45,40,Pass,Real Madrid,Cristiano Ronaldo dos Santos Aveiro,Left Wing,84,Barcelona,21.3,28.7,1.0087,,,,Marcelo Vieira da Silva Júnior,9.0,26.8,12.445883,-2.9883325,Ground Pass,,,,,,,,,,,,,,,,
267533,2016-04-02,Barcelona,Real Madrid,La Liga,2015/2016,555f0be9-9c07-4dd2-902e-cb9fb5cbad15,1878,2,00:00:41.339000,45,41,Ball Receipt*,Real Madrid,Marcelo Vieira da Silva Júnior,Left Back,84,Barcelona,9.0,26.8,,,,,,,,,,,,,,,,,,,,,,,,,,
267533,2016-04-02,Barcelona,Real Madrid,La Liga,2015/2016,86a59871-dd85-41b2-a64f-789b85bc8a4e,1879,2,00:00:41.339000,45,41,Pass,Real Madrid,Marcelo Vieira da Silva Júnior,Left Back,84,Barcelona,9.0,26.8,3.8632,,,,,65.6,31.7,56.811707,0.086357124,High Pass,Incomplete,,,,,,,,,,,,,,,
267533,2016-04-02,Barcelona,Real Madrid,La Liga,2015/2016,b8e7e4ce-c19a-47ad-9748-d0b94d0ddf93,1880,2,00:00:45.202000,45,45,Pass,Barcelona,Gerard Piqué Bernabéu,Right Center Back,84,Barcelona,54.5,48.4,1.573076,,,,Daniel Alves da Silva,70.9,61.3,20.865522,0.6665076,High Pass,,,,,,,,,,,,,,,,
267533,2016-04-02,Barcelona,Real Madrid,La Liga,2015/2016,073d4029-1ac0-4ce5-9631-e908fb1d92c4,1881,2,00:00:46.645000,45,46,Pressure,Real Madrid,Cristiano Ronaldo dos Santos Aveiro,Left Wing,84,Barcelona,40.8,21.0,1.255303,,,,,,,,,,,,,,,,,,,,,,,,,
267533,2016-04-02,Barcelona,Real Madrid,La Liga,2015/2016,4143902c-5f49-4a11-834e-d8eb5fd56717,1882,2,00:00:46.775000,45,46,Ball Receipt*,Barcelona,Daniel Alves da Silva,Right Back,84,Barcelona,70.9,61.3,,True,,,,,,,,,,,,,,,,,,,,,,,,
267533,2016-04-02,Barcelona,Real Madrid,La Liga,2015/2016,711ba4c5-cee6-4bdb-94ac-29bc17916428,1883,2,00:00:46.775000,45,46,Carry,Barcelona,Daniel Alves da Silva,Right Back,84,Barcelona,70.9,61.3,1.132924,True,,,,,,,,,,68.3,62.6,,,,,,,,,,,,,
267533,2016-04-02,Barcelona,Real Madrid,La Liga,2015/2016,913ae5fc-ce40-4baf-b8c9-e02c583362ee,1884,2,00:00:47.908000,45,47,Dribbled Past,Real Madrid,Cristiano Ronaldo dos Santos Aveiro,Left Wing,84,Barcelona,51.8,17.5,0.0,,,,,,,,,,,,,,,,,,,,,,,,,
267533,2016-04-02,Barcelona,Real Madrid,La Liga,2015/2016,0ef08fbc-6a13-4f58-a5a8-120c7bc39072,1885,2,00:00:47.908000,45,47,Dribble,Barcelona,Daniel Alves da Silva,Right Back,84,Barcelona,68.3,62.6,0.0,True,,,,,,,,,,,,,,,,,,,,,,,,
267533,2016-04-02,Barcelona,Real Madrid,La Liga,2015/2016,e296aa8d-2c3f-4c28-9b1d-971a75ec5b4e,1886,2,00:00:47.908000,45,47,Carry,Barcelona,Daniel Alves da Silva,Right Back,84,Barcelona,68.3,62.6,2.6384,True,,,,,,,,,,74.5,70.5,,,,,,,,,,,,,
267533,2016-04-02,Barcelona,Real Madrid,La Liga,2015/2016,2087b1d2-53c1-414d-bd81-460b476d7640,1887,2,00:00:50.547000,45,50,Pass,Barcelona,Daniel Alves da Silva,Right Back,84,Barcelona,74.5,70.5,0.6998,,,,Ivan Rakitić,80.9,77.7,9.633276,0.844154,Ground Pass,,,,,,,,,,,,,,,,
267533,2016-04-02,Barcelona,Real Madrid,La Liga,2015/2016,df9d3ab0-54a5-433c-abb5-b5fbee8871da,1888,2,00:00:51.247000,45,51,Ball Receipt*,Barcelona,Ivan Rakitić,Right Center Midfield,84,Barcelona,80.9,77.7,,,,,,,,,,,,,,,,,,,,,,,,,,
267533,2016-04-02,Barcelona,Real Madrid,La Liga,2015/2016,5d60a60b-d7ec-4e03-8374-b07157f65715,1889,2,00:00:51.247000,45,51,Carry,Barcelona,Ivan Rakitić,Right Center Midfield,84,Barcelona,80.9,77.7,2.453474,True,,,,,,,,,,79.3,77.7,,,,,,,,,,,,,
267533,2016-04-02,Barcelona,Real Madrid,La Liga,2015/2016,e3b6eda3-6656-4ce9-bab3-6f6ff10bb79b,1890,2,00:00:51.988000,45,51,Pressure,Real Madrid,Marcelo Vieira da Silva Júnior,Left Back,84,Barcelona,35.7,5.7,1.871025,,,,,,,,,,,,,,,,,,,,,,,,,
267533,2016-04-02,Barcelona,Real Madrid,La Liga,2015/2016,e2b30a49-ebcc-4740-be67-8b93131e1524,1891,2,00:00:53.700000,45,53,Pass,Barcelona,Ivan Rakitić,Right Center Midfield,84,Barcelona,79.3,77.7,1.261498,True,,,Daniel Alves da Silva,70.3,73.0,10.153324,-2.6603258,Ground Pass,,,,,,,,,,,,,,,,
267533,2016-04-02,Barcelona,Real Madrid,La Liga,2015/2016,a09d7438-a1f0-4be9-8efe-249860621cb5,1892,2,00:00:54.962000,45,54,Ball Receipt*,Barcelona,Daniel Alves da Silva,Right Back,84,Barcelona,70.3,73.0,,,,,,,,,,,,,,,,,,,,,,,,,,
267533,2016-04-02,Barcelona,Real Madrid,La Liga,2015/2016,3f90a1b3-58c8-44d0-a179-de0f0d9e834f,1893,2,00:00:54.962000,45,54,Pass,Barcelona,Daniel Alves da Silva,Right Back,84,Barcelona,70.1,74.0,1.765086,,,,Luis Alberto Suárez Díaz,87.2,77.4,17.434736,0.1962707,Ground Pass,,,,,,,,,,,,,,,,
267533,2016-04-02,Barcelona,Real Madrid,La Liga,2015/2016,7c70d81f-e784-408a-a6af-41a7ddee06af,1894,2,00:00:56.719000,45,56,Pressure,Real Madrid,Sergio Ramos García,Left Center Back,84,Barcelona,27.1,6.1,0.822862,,,,,,,,,,,,,,,,,,,,,,,,,
267533,2016-04-02,Barcelona,Real Madrid,La Liga,2015/2016,0d37d601-9fab-4f4a-8420-10681f2bd894,1895,2,00:00:56.727000,45,56,Ball Receipt*,Barcelona,Luis Alberto Suárez Díaz,Right Wing,84,Barcelona,87.2,77.4,,True,,,,,,,,,,,,,,,,,,,,,,,,
267533,2016-04-02,Barcelona,Real Madrid,La Liga,2015/2016,4e84e6e2-1b4a-4cc3-aaa6-0592a6f81eab,1896,2,00:00:56.727000,45,56,Carry,Barcelona,Luis Alberto Suárez Díaz,Right Wing,84,Barcelona,87.2,77.4,0.815314,True,,,,,,,,,,91.8,76.3,,,,,,,,,,,,,
267533,2016-04-02,Barcelona,Real Madrid,La Liga,2015/2016,f3faa3a4-e1f3-4500-968e-dc958de91631,1897,2,00:00:57.542000,45,57,Dribble,Barcelona,Luis Alberto Suárez Díaz,Right Wing,84,Barcelona,91.8,76.3,0.0,True,,,,,,,,,,,,,,,,,,,,,,,,
267533,2016-04-02,Barcelona,Real Madrid,La Liga,2015/2016,f03dee68-01f6-4d2c-9729-0b93b58f25bc,1898,2,00:00:57.542000,45,57,Duel,Real Madrid,Sergio Ramos García,Left Center Back,85,Real Madrid,28.3,3.8,0.0,True,,,,,,,,,,,,,,,,Tackle,Success In Play,,,,,,,
267533,2016-04-02,Barcelona,Real Madrid,La Liga,2015/2016,9e748f9d-0a83-4c8a-87b0-11b93c5700f2,1899,2,00:00:58.570000,45,58,Ball Recovery,Real Madrid,Marcelo Vieira da Silva Júnior,Left Back,85,Real Madrid,25.7,2.7,0.0,,,,,,,,,,,,,,,,,,,,,,,,,
267533,2016-04-02,Barcelona,Real Madrid,La Liga,2015/2016,931b480a-a159-4a12-b696-2a6e0f363bf1,1900,2,00:00:58.570000,45,58,Carry,Real Madrid,Marcelo Vieira da Silva Júnior,Left Back,85,Real Madrid,25.7,2.7,5.129066,,,,,,,,,,,28.5,13.0,,,,,,,,,,,,,
267533,2016-04-02,Barcelona,Real Madrid,La Liga,2015/2016,809b02a0-606d-4c1a-890d-fb134423afd3,1901,2,00:01:03.699000,46,3,Pass,Real Madrid,Marcelo Vieira da Silva Júnior,Left Back,85,Real Madrid,28.5,13.0,0.909209,,,,Sergio Ramos García,16.3,21.6,14.926487,2.5275736,Ground Pass,,,,,,,,,,,,,,,,
267533,2016-04-02,Barcelona,Real Madrid,La Liga,2015/2016,c7c22306-8b33-4867-a776-c3bc3dfc98ea,1902,2,00:01:04.374000,46,4,Pressure,Barcelona,Luis Alberto Suárez Díaz,Right Wing,85,Real Madrid,100.3,62.1,1.580199,,,,,,,,,,,,,,,,,,,,,,,,,
267533,2016-04-02,Barcelona,Real Madrid,La Liga,2015/2016,9b591063-7010-43dd-b311-4183ee1a24a2,1903,2,00:01:04.609000,46,4,Ball Receipt*,Real Madrid,Sergio Ramos García,Left Center Back,85,Real Madrid,16.3,21.6,,True,,,,,,,,,,,,,,,,,,,,,,,,
267533,2016-04-02,Barcelona,Real Madrid,La Liga,2015/2016,4154881a-4451-4bbc-8538-f80fffd239bb,1904,2,00:01:04.609000,46,4,Carry,Real Madrid,Sergio Ramos García,Left Center Back,85,Real Madrid,16.3,21.6,1.290425,True,,,,,,,,,,13.7,26.8,,,,,,,,,,,,,
267533,2016-04-02,Barcelona,Real Madrid,La Liga,2015/2016,6ded0712-49f6-4bd8-aa75-54a83fab9143,1905,2,00:01:05.899000,46,5,Pass,Real Madrid,Sergio Ramos García,Left Center Back,85,Real Madrid,13.7,26.8,2.1199,True,,,Gareth Frank Bale,35.0,54.7,35.10128,0.91874844,High Pass,Incomplete,,,,,,,,,,,,,,,
267533,2016-04-02,Barcelona,Real Madrid,La Liga,2015/2016,3383c304-70cd-455c-adff-d41d36624b23,1906,2,00:01:08.019000,46,8,Ball Receipt*,Real Madrid,Gareth Frank Bale,Right Wing,85,Real Madrid,44.6,57.8,,,,,,,,,,,,,,,,,,,,,,,,,,
267533,2016-04-02,Barcelona,Real Madrid,La Liga,2015/2016,64b9873e-c511-4036-b5f9-c72792615c09,1907,2,00:01:08.019000,46,8,Pass,Barcelona,Neymar da Silva Santos Junior,Left Wing,85,Real Madrid,85.1,25.4,1.5671,,,,Lionel Andrés Messi Cuccittini,94.0,32.5,11.385077,0.6733692,Low Pass,Incomplete,,,,,,,,,,,,,,,
267533,2016-04-02,Barcelona,Real Madrid,La Liga,2015/2016,03f131f0-8f4a-4af1-a74d-588eccd42a35,1908,2,00:01:09.586000,46,9,Ball Receipt*,Barcelona,Lionel Andrés Messi Cuccittini,Center Forward,85,Real Madrid,92.0,38.2,,,,,,,,,,,,,,,,,,,,,,,,,,
267533,2016-04-02,Barcelona,Real Madrid,La Liga,2015/2016,9dc73a93-6378-44ce-86b1-8161c85d7ab1,1909,2,00:01:09.586000,46,9,Ball Recovery,Real Madrid,Kléper Laveran Lima Ferreira,Right Center Back,85,Real Madrid,26.1,47.6,0.0,,,,,,,,,,,,,,,,,,,,,,,,,
267533,2016-04-02,Barcelona,Real Madrid,La Liga,2015/2016,3325ec07-5201-405f-b206-e56c5bdee869,1910,2,00:01:09.586000,46,9,Carry,Real Madrid,Kléper Laveran Lima Ferreira,Right Center Back,85,Real Madrid,26.1,47.6,2.6173,True,,,,,,,,,,35.9,53.3,,,,,,,,,,,,,
267533,2016-04-02,Barcelona,Real Madrid,La Liga,2015/2016,cb2008cd-07db-48be-850e-e4ed90a45a1b,1911,2,00:01:11.696000,46,11,Pressure,Barcelona,Neymar da Silva Santos Junior,Left Wing,85,Real Madrid,82.8,26.1,1.113263,,,,,,,,,,,,,,,,,,,,,,,,,
267533,2016-04-02,Barcelona,Real Madrid,La Liga,2015/2016,8177b235-b325-4d7e-966d-bb86d041d4f0,1912,2,00:01:12.203000,46,12,Pass,Real Madrid,Kléper Laveran Lima Ferreira,Right Center Back,85,Real Madrid,35.9,53.3,0.7812,True,,,Luka Modrić,35.9,51.4,1.9,-1.5707964,Ground Pass,Incomplete,,,,,,,,,,,,,,,
267533,2016-04-02,Barcelona,Real Madrid,La Liga,2015/2016,5ee01ac5-28d3-489d-bca9-4d94b6657817,1913,2,00:01:12.985000,46,12,Ball Receipt*,Real Madrid,Luka Modrić,Right Center Midfield,85,Real Madrid,34.9,49.0,,,,,,,,,,,,,,,,,,,,,,,,,,
267533,2016-04-02,Barcelona,Real Madrid,La Liga,2015/2016,329b78c9-d5c6-47ec-8801-b3efd56a0c2c,1914,2,00:01:12.985000,46,12,Interception,Barcelona,Sergio Busquets i Burgos,Center Defensive Midfield,85,Real Madrid,84.2,28.7,0.0,,,,,,,,,,,,,,,,,,,,,,,,,
267533,2016-04-02,Barcelona,Real Madrid,La Liga,2015/2016,8284dd88-8239-4c1b-b5f8-7bc13ff6f392,1915,2,00:01:13.420000,46,13,Ball Recovery,Barcelona,Neymar da Silva Santos Junior,Left Wing,85,Real Madrid,85.8,24.9,0.0,,,,,,,,,,,,,,,,,,,,,,,,,
267533,2016-04-02,Barcelona,Real Madrid,La Liga,2015/2016,e6189fdf-635b-4a0a-917f-6ef365b5ba29,1916,2,00:01:13.420000,46,13,Carry,Barcelona,Neymar da Silva Santos Junior,Left Wing,85,Real Madrid,85.8,24.9,5.658346,True,,,,,,,,,,92.0,37.7,,,,,,,,,,,,,
267533,2016-04-02,Barcelona,Real Madrid,La Liga,2015/2016,7db7bfa7-b6ae-44a6-9596-876eb4c6907b,1917,2,00:01:14.299000,46,14,Pressure,Real Madrid,Carlos Henrique Casimiro,Center Defensive Midfield,85,Real Madrid,26.3,52.0,0.994613,,,,,,,,,,,,,,,,,,,,,,,,,
267533,2016-04-02,Barcelona,Real Madrid,La Liga,2015/2016,5e354d76-6624-45c2-b152-fa918782b31b,1918,2,00:01:17.739000,46,17,Pressure,Real Madrid,Luka Modrić,Right Center Midfield,85,Real Madrid,24.5,54.4,0.825093,,,,,,,,,,,,,,,,,,,,,,,,,
267533,2016-04-02,Barcelona,Real Madrid,La Liga,2015/2016,e9f8fe05-a55f-4901-b41f-c41505d50171,1919,2,00:01:18.562000,46,18,Pressure,Real Madrid,Toni Kroos,Left Center Midfield,85,Real Madrid,28.8,43.0,0.5388,,,,,,,,,,,,,,,,,,,,,,,,,
267533,2016-04-02,Barcelona,Real Madrid,La Liga,2015/2016,cfd2c8f7-d2c9-498e-83e0-c72180cabed2,1920,2,00:01:19.078000,46,19,Dribbled Past,Real Madrid,Toni Kroos,Left Center Midfield,85,Real Madrid,28.1,42.4,0.0,,,,,,,,,,,,,,,,,,,,,,,,,
267533,2016-04-02,Barcelona,Real Madrid,La Liga,2015/2016,dbb3892a-3858-4a28-a9ef-90883496581d,1921,2,00:01:19.078000,46,19,Dribble,Barcelona,Neymar da Silva Santos Junior,Left Wing,85,Real Madrid,92.0,37.7,0.0,True,,,,,,,,,,,,,,,,,,,,,,,,
267533,2016-04-02,Barcelona,Real Madrid,La Liga,2015/2016,69c2e8d1-f8dd-4d72-9a26-87c573d76b89,1922,2,00:01:19.989000,46,19,Pass,Real Madrid,Kléper Laveran Lima Ferreira,Right Center Back,85,Real Madrid,24.3,35.9,2.392693,,,,Karim Benzema,45.4,46.5,23.61292,0.46554154,High Pass,,,,,,,,,,,,,,,,
267533,2016-04-02,Barcelona,Real Madrid,La Liga,2015/2016,d83bb6e4-5e27-4997-82f3-378152e97127,1923,2,00:01:22.382000,46,22,Ball Receipt*,Real Madrid,Karim Benzema,Center Forward,85,Real Madrid,45.4,46.5,,,,,,,,,,,,,,,,,,,,,,,,,,
267533,2016-04-02,Barcelona,Real Madrid,La Liga,2015/2016,731d2247-5947-4cd5-a668-9f96852fbfa6,1924,2,00:01:22.382000,46,22,Carry,Real Madrid,Karim Benzema,Center Forward,85,Real Madrid,45.4,46.5,0.489507,,,,,,,,,,,49.2,50.3,,,,,,,,,,,,,
267533,2016-04-02,Barcelona,Real Madrid,La Liga,2015/2016,90d53a33-c327-4957-b338-d6aca7c0d7f0,1925,2,00:01:22.871000,46,22,Pass,Real Madrid,Karim Benzema,Center Forward,85,Real Madrid,49.2,50.3,1.1747,,,,Gareth Frank Bale,62.9,59.0,16.228987,0.56578404,High Pass,Incomplete,,,,,,,,,,,,,,,
267533,2016-04-02,Barcelona,Real Madrid,La Liga,2015/2016,7b51e6b6-b644-4532-842c-a2fae4fc6dca,1926,2,00:01:24.046000,46,24,Ball Receipt*,Real Madrid,Gareth Frank Bale,Right Wing,85,Real Madrid,63.5,62.6,,,,,,,,,,,,,,,,,,,,,,,,,,
267533,2016-04-02,Barcelona,Real Madrid,La Liga,2015/2016,de2e4d7e-49c0-4746-893d-1261578444ef,1927,2,00:01:24.046000,46,24,Pass,Barcelona,Jordi Alba Ramos,Left Back,86,Barcelona,57.2,21.1,2.501394,,,,Gerard Piqué Bernabéu,54.2,31.9,11.208925,1.8417432,High Pass,,,,,,,,,,,,,,,,
267533,2016-04-02,Barcelona,Real Madrid,La Liga,2015/2016,248fe65f-526b-4eac-823e-b40590b616f8,1928,2,00:01:26.547000,46,26,Ball Receipt*,Barcelona,Gerard Piqué Bernabéu,Right Center Back,86,Barcelona,54.2,31.9,,,,,,,,,,,,,,,,,,,,,,,,,,
267533,2016-04-02,Barcelona,Real Madrid,La Liga,2015/2016,19bf15fd-78eb-4717-8e5d-6d0545377c01,1929,2,00:01:26.547000,46,26,Carry,Barcelona,Gerard Piqué Bernabéu,Right Center Back,86,Barcelona,54.2,31.9,1.727206,,,,,,,,,,,59.3,37.4,,,,,,,,,,,,,
267533,2016-04-02,Barcelona,Real Madrid,La Liga,2015/2016,34196dbf-7178-4bba-9819-e10ead9591e3,1930,2,00:01:28.275000,46,28,Pass,Barcelona,Gerard Piqué Bernabéu,Right Center Back,86,Barcelona,59.3,37.4,0.753799,,,,Ivan Rakitić,58.2,42.8,5.510898,1.7717506,Ground Pass,,,,,,,,,,,,,,,,
267533,2016-04-02,Barcelona,Real Madrid,La Liga,2015/2016,69e10a30-b89a-467d-a385-1fc80f4726eb,1931,2,00:01:29.028000,46,29,Ball Receipt*,Barcelona,Ivan Rakitić,Right Center Midfield,86,Barcelona,58.2,42.8,,,,,,,,,,,,,,,,,,,,,,,,,,
267533,2016-04-02,Barcelona,Real Madrid,La Liga,2015/2016,8cb81f9e-5b75-4158-a8cc-d8cda4af6c8a,1932,2,00:01:29.028000,46,29,Carry,Barcelona,Ivan Rakitić,Right Center Midfield,86,Barcelona,58.2,42.8,3.226001,True,,,,,,,,,,77.6,50.2,,,,,,,,,,,,,
267533,2016-04-02,Barcelona,Real Madrid,La Liga,2015/2016,358083ab-d365-4608-aa79-9d9fab60a40f,1933,2,00:01:29.230000,46,29,Pressure,Real Madrid,Toni Kroos,Left Center Midfield,86,Barcelona,57.0,38.5,2.514269,,,,,,,,,,,,,,,,,,,,,,,,,
267533,2016-04-02,Barcelona,Real Madrid,La Liga,2015/2016,2dfb1193-c562-4e0b-b91f-5d999cbedbf2,1934,2,00:01:31.745000,46,31,Pressure,Real Madrid,Marcelo Vieira da Silva Júnior,Left Back,86,Barcelona,41.2,26.8,0.4437,,,,,,,,,,,,,,,,,,,,,,,,,
267533,2016-04-02,Barcelona,Real Madrid,La Liga,2015/2016,2acab181-bff7-47d3-b7a6-39b1855fcf13,1935,2,00:01:32.255000,46,32,Pass,Barcelona,Ivan Rakitić,Right Center Midfield,86,Barcelona,77.6,50.2,0.839,,,,,90.2,49.5,12.61943,-0.055498507,Ground Pass,Unknown,,,,,,,,,,,,,,,
267533,2016-04-02,Barcelona,Real Madrid,La Liga,2015/2016,327ec81c-666f-4f42-9858-cb9906fa6111,1936,2,00:01:32.489000,46,32,Pressure,Real Madrid,Sergio Ramos García,Left Center Back,86,Barcelona,28.7,29.7,0.899794,,,,,,,,,,,,,,,,,,,,,,,,,
267533,2016-04-02,Barcelona,Real Madrid,La Liga,2015/2016,25617568-5e78-4483-afe7-f1eb930a698d,1937,2,00:01:33.254000,46,33,Foul Committed,Real Madrid,Sergio Ramos García,Left Center Back,86,Barcelona,28.7,30.3,0.0,,,,,,,,,,,,,,,,,,,,,,,,,
267533,2016-04-02,Barcelona,Real Madrid,La Liga,2015/2016,a555040a-e279-4bb4-9822-efab5f468ae6,1938,2,00:01:33.254000,46,33,Foul Won,Barcelona,Luis Alberto Suárez Díaz,Right Wing,86,Barcelona,91.4,49.8,0.0,True,,,,,,,,,,,,,,,,,,,,True,,,,
267533,2016-04-02,Barcelona,Real Madrid,La Liga,2015/2016,7b790694-92ed-436c-9a56-a5638337861f,1939,2,00:02:42.120000,47,42,Shot,Barcelona,Lionel Andrés Messi Cuccittini,Center Forward,87,Barcelona,91.1,43.1,1.2406,,,,,,,,,,,,,0.0445341,Off T,Left Foot,Normal,,,,,,,,,
267533,2016-04-02,Barcelona,Real Madrid,La Liga,2015/2016,cfc50aa1-682c-44c9-b697-d4e106cd9f1a,1940,2,00:02:43.360000,47,43,Goal Keeper,Real Madrid,Keylor Navas Gamboa,Goalkeeper,87,Barcelona,0.9,40.4,0.0,,,,,,,,,,,,,,,,,,,,,,,,,
267533,2016-04-02,Barcelona,Real Madrid,La Liga,2015/2016,ee741c31-72fa-4203-a0e1-3bf0fe35827c,1941,2,00:03:06.069000,48,6,Pass,Real Madrid,Keylor Navas Gamboa,Goalkeeper,88,Real Madrid,6.0,36.0,3.9877,,,,Karim Benzema,73.6,29.7,67.89293,-0.09292685,High Pass,,,,,,,,,,,,,,,,
267533,2016-04-02,Barcelona,Real Madrid,La Liga,2015/2016,e5216bb6-bfcc-46a1-8f39-6e7eec7e82f2,1942,2,00:03:10.057000,48,10,Ball Receipt*,Real Madrid,Karim Benzema,Center Forward,88,Real Madrid,73.6,29.7,,,,,,,,,,,,,,,,,,,,,,,,,,
267533,2016-04-02,Barcelona,Real Madrid,La Liga,2015/2016,ebe4c13b-898a-45cf-9d4e-51eb7174bd43,1943,2,00:03:10.057000,48,10,Pass,Real Madrid,Karim Benzema,Center Forward,88,Real Madrid,73.6,29.7,2.8567,,,,Gareth Frank Bale,67.1,51.6,22.844255,1.8593181,Low Pass,,,,,,,,,,,,,,,,
267533,2016-04-02,Barcelona,Real Madrid,La Liga,2015/2016,5c788291-e835-4b55-b0d8-c965da426ed0,1944,2,00:03:12.913000,48,12,Ball Receipt*,Real Madrid,Gareth Frank Bale,Right Wing,88,Real Madrid,67.1,51.6,,,,,,,,,,,,,,,,,,,,,,,,,,
267533,2016-04-02,Barcelona,Real Madrid,La Liga,2015/2016,2fba7fea-53d0-4a36-95c3-9e583d674fb7,1945,2,00:03:12.913000,48,12,Pass,Real Madrid,Gareth Frank Bale,Right Wing,88,Real Madrid,65.6,52.3,1.4242,,,,Kléper Laveran Lima Ferreira,50.2,51.3,15.432433,-3.0767486,Ground Pass,,,,,,,,,,,,,,,,
267533,2016-04-02,Barcelona,Real Madrid,La Liga,2015/2016,ddae0c71-93b6-4603-8cdc-092be6334d53,1946,2,00:03:14.337000,48,14,Ball Receipt*,Real Madrid,Kléper Laveran Lima Ferreira,Right Center Back,88,Real Madrid,50.2,51.3,,,,,,,,,,,,,,,,,,,,,,,,,,
267533,2016-04-02,Barcelona,Real Madrid,La Liga,2015/2016,4c40bfb0-61d2-420e-8f86-5057647f1d9a,1947,2,00:03:14.337000,48,14,Carry,Real Madrid,Kléper Laveran Lima Ferreira,Right Center Back,88,Real Madrid,50.2,51.3,1.463899,,,,,,,,,,,51.8,58.8,,,,,,,,,,,,,
267533,2016-04-02,Barcelona,Real Madrid,La Liga,2015/2016,4448453e-f690-4b35-acf6-a96937ab9440,1948,2,00:03:15.801000,48,15,Pass,Real Madrid,Kléper Laveran Lima Ferreira,Right Center Back,88,Real Madrid,51.8,58.8,0.998201,,,,Daniel Carvajal Ramos,65.1,78.1,23.438856,0.9674103,Low Pass,,,,,,,,,,,,,,,,
267533,2016-04-02,Barcelona,Real Madrid,La Liga,2015/2016,ee808055-0ecc-4f6f-b143-71eca10def74,1949,2,00:03:16.800000,48,16,Ball Receipt*,Real Madrid,Daniel Carvajal Ramos,Right Back,88,Real Madrid,65.1,78.1,,,,,,,,,,,,,,,,,,,,,,,,,,
267533,2016-04-02,Barcelona,Real Madrid,La Liga,2015/2016,77f52fe8-7c6d-4495-8a32-885460829dcb,1950,2,00:03:16.800000,48,16,Carry,Real Madrid,Daniel Carvajal Ramos,Right Back,88,Real Madrid,65.1,78.1,0.011600001,,,,,,,,,,,65.1,78.1,,,,,,,,,,,,,
267533,2016-04-02,Barcelona,Real Madrid,La Liga,2015/2016,526aac5c-9d6e-4d31-81be-e3088aad9396,1951,2,00:03:16.811000,48,16,Miscontrol,Real Madrid,Daniel Carvajal Ramos,Right Back,88,Real Madrid,65.1,78.1,0.0,,,True,,,,,,,,,,,,,,,,,,,,,,
267533,2016-04-02,Barcelona,Real Madrid,La Liga,2015/2016,f2689f49-5131-476b-9394-c0a81bd81802,1952,2,00:03:22.570000,48,22,Pass,Barcelona,Jordi Alba Ramos,Left Back,89,Barcelona,51.6,0.1,1.808197,,True,,Sergio Busquets i Burgos,49.4,12.2,12.298374,1.7506498,Low Pass,,,,,,,,,,,,,,,,
267533,2016-04-02,Barcelona,Real Madrid,La Liga,2015/2016,3030aa43-77c5-49e4-8e35-fc4cc1925691,1953,2,00:03:24.378000,48,24,Ball Receipt*,Barcelona,Sergio Busquets i Burgos,Center Defensive Midfield,89,Barcelona,49.4,12.2,,,,,,,,,,,,,,,,,,,,,,,,,,
267533,2016-04-02,Barcelona,Real Madrid,La Liga,2015/2016,b64f3982-6fcd-44cc-a9f7-95797c6fdc82,1954,2,00:03:25.224000,48,25,Pressure,Real Madrid,Karim Benzema,Center Forward,89,Barcelona,70.7,60.6,0.620799,,,,,,,,,,,,,,,,,,,,,,,,,
267533,2016-04-02,Barcelona,Real Madrid,La Liga,2015/2016,1df4a31a-4585-4fc5-8625-10f91e46268e,1955,2,00:03:25.719000,48,25,Pass,Barcelona,Sergio Busquets i Burgos,Center Defensive Midfield,89,Barcelona,49.0,14.9,1.583256,True,,,Javier Alejandro Mascherano,34.9,17.7,14.375326,2.9455614,Ground Pass,,,,,,,,,,,,,,,,
267533,2016-04-02,Barcelona,Real Madrid,La Liga,2015/2016,d1d7b0da-9a06-4700-92b1-45f418719898,1956,2,00:03:27.302000,48,27,Ball Receipt*,Barcelona,Javier Alejandro Mascherano,Left Center Back,89,Barcelona,34.9,17.7,,,,,,,,,,,,,,,,,,,,,,,,,,
267533,2016-04-02,Barcelona,Real Madrid,La Liga,2015/2016,872a9cf7-b487-4c71-88fc-c5696c1735b0,1957,2,00:03:27.302000,48,27,Carry,Barcelona,Javier Alejandro Mascherano,Left Center Back,89,Barcelona,34.9,17.7,1.949593,,,,,,,,,,,29.6,27.8,,,,,,,,,,,,,
267533,2016-04-02,Barcelona,Real Madrid,La Liga,2015/2016,2842e65b-dfb4-4f3e-8fa7-28fb2037e2ba,1958,2,00:03:29.252000,48,29,Pass,Barcelona,Javier Alejandro Mascherano,Left Center Back,89,Barcelona,29.6,27.8,0.695908,,,,Gerard Piqué Bernabéu,32.7,46.6,19.053871,1.4073733,Ground Pass,,,,,,,,,,,,,,,,
267533,2016-04-02,Barcelona,Real Madrid,La Liga,2015/2016,bc3198d2-1b82-4ada-8c51-8f195a5aa276,1959,2,00:03:29.947000,48,29,Ball Receipt*,Barcelona,Gerard Piqué Bernabéu,Right Center Back,89,Barcelona,32.7,46.6,,,,,,,,,,,,,,,,,,,,,,,,,,
267533,2016-04-02,Barcelona,Real Madrid,La Liga,2015/2016,0b5f7520-da1d-47aa-a8fb-63b04502ddb0,1960,2,00:03:29.947000,48,29,Carry,Barcelona,Gerard Piqué Bernabéu,Right Center Back,89,Barcelona,32.7,46.6,1.742852,,,,,,,,,,,36.1,49.8,,,,,,,,,,,,,
267533,2016-04-02,Barcelona,Real Madrid,La Liga,2015/2016,b5c00e2c-0697-4ce9-af4e-0d1fbe3632f3,1961,2,00:03:31.690000,48,31,Pass,Barcelona,Gerard Piqué Bernabéu,Right Center Back,89,Barcelona,36.1,49.8,1.031325,,,,Sergio Busquets i Burgos,54.0,40.6,20.125854,-0.47475827,Ground Pass,,,,,,,,,,,,,,,,
267533,2016-04-02,Barcelona,Real Madrid,La Liga,2015/2016,897fe666-aa05-4248-832e-c85224546e30,1962,2,00:03:32.722000,48,32,Ball Receipt*,Barcelona,Sergio Busquets i Burgos,Center Defensive Midfield,89,Barcelona,54.0,40.6,,,,,,,,,,,,,,,,,,,,,,,,,,
267533,2016-04-02,Barcelona,Real Madrid,La Liga,2015/2016,0be4ca79-0448-4329-a80a-b79f69e6604a,1963,2,00:03:32.722000,48,32,Carry,Barcelona,Sergio Busquets i Burgos,Center Defensive Midfield,89,Barcelona,54.0,40.6,0.08,,,,,,,,,,,54.0,40.6,,,,,,,,,,,,,
267533,2016-04-02,Barcelona,Real Madrid,La Liga,2015/2016,293279fa-df94-4495-837e-01fb673ec81e,1964,2,00:03:32.802000,48,32,Pass,Barcelona,Sergio Busquets i Burgos,Center Defensive Midfield,89,Barcelona,54.0,40.6,1.621,,,,Javier Alejandro Mascherano,41.4,28.5,17.469116,-2.3764346,Ground Pass,,,,,,,,,,,,,,,,
267533,2016-04-02,Barcelona,Real Madrid,La Liga,2015/2016,b7149332-b7d1-4979-ac4e-e71307c3d3fa,1965,2,00:03:34.423000,48,34,Ball Receipt*,Barcelona,Javier Alejandro Mascherano,Left Center Back,89,Barcelona,41.4,28.5,,,,,,,,,,,,,,,,,,,,,,,,,,
267533,2016-04-02,Barcelona,Real Madrid,La Liga,2015/2016,b551e7e1-ca7b-4e70-b97f-b92328ed6014,1966,2,00:03:34.423000,48,34,Carry,Barcelona,Javier Alejandro Mascherano,Left Center Back,89,Barcelona,41.4,28.5,1.7856,,,,,,,,,,,50.4,17.1,,,,,,,,,,,,,
267533,2016-04-02,Barcelona,Real Madrid,La Liga,2015/2016,353d7ad4-2897-4034-b191-3c4a19c65f76,1967,2,00:03:36.208000,48,36,Pass,Barcelona,Javier Alejandro Mascherano,Left Center Back,89,Barcelona,50.4,17.1,1.2,,,,Jordi Alba Ramos,55.9,3.3,14.8556385,-1.19154,Ground Pass,,,,,,,,,,,,,,,,
267533,2016-04-02,Barcelona,Real Madrid,La Liga,2015/2016,fd866761-edf9-4753-ac9d-e9912396a984,1968,2,00:03:37.408000,48,37,Ball Receipt*,Barcelona,Jordi Alba Ramos,Left Back,89,Barcelona,55.9,3.3,,,,,,,,,,,,,,,,,,,,,,,,,,
267533,2016-04-02,Barcelona,Real Madrid,La Liga,2015/2016,2f6fb844-d363-4d7c-9655-aa7318c708b2,1969,2,00:03:37.408000,48,37,Carry,Barcelona,Jordi Alba Ramos,Left Back,89,Barcelona,55.9,3.3,1.727318,,,,,,,,,,,62.0,5.4,,,,,,,,,,,,,
267533,2016-04-02,Barcelona,Real Madrid,La Liga,2015/2016,4758953f-2144-4e4d-8b94-c63978cbdae9,1970,2,00:03:39.136000,48,39,Pass,Barcelona,Jordi Alba Ramos,Left Back,89,Barcelona,62.0,5.4,1.066344,,,,Luis Alberto Suárez Díaz,77.9,15.7,18.944656,0.5748262,Ground Pass,,,,,,,,,,,,,,,,
267533,2016-04-02,Barcelona,Real Madrid,La Liga,2015/2016,ec5d26f7-0031-4ce8-81e8-8de4fe35ea6b,1971,2,00:03:40.202000,48,40,Ball Receipt*,Barcelona,Luis Alberto Suárez Díaz,Right Wing,89,Barcelona,77.9,15.7,,,,,,,,,,,,,,,,,,,,,,,,,,
267533,2016-04-02,Barcelona,Real Madrid,La Liga,2015/2016,db81ef3e-f9e3-4a0f-b159-c8f1f8818794,1972,2,00:03:40.202000,48,40,Carry,Barcelona,Luis Alberto Suárez Díaz,Right Wing,89,Barcelona,77.9,15.7,0.080038,,,,,,,,,,,78.5,16.0,,,,,,,,,,,,,
267533,2016-04-02,Barcelona,Real Madrid,La Liga,2015/2016,55b13c94-35f4-4c25-904b-04d2512c9d95,1973,2,00:03:40.282000,48,40,Miscontrol,Barcelona,Luis Alberto Suárez Díaz,Right Wing,89,Barcelona,78.5,16.0,0.0,,,,,,,,,,,,,,,,,,,,,,,,,
267533,2016-04-02,Barcelona,Real Madrid,La Liga,2015/2016,92e5949d-b89a-4b72-954a-cc864cf97307,1974,2,00:03:43.392000,48,43,Pass,Real Madrid,Sergio Ramos García,Left Center Back,89,Barcelona,21.1,56.1,2.016,,,,,59.0,78.9,44.229515,0.54158276,High Pass,Out,,,,,,,,,,,,,,,
267533,2016-04-02,Barcelona,Real Madrid,La Liga,2015/2016,664cceca-f781-4fcd-89d2-c90343f8d073,1975,2,00:03:49.212000,48,49,Pass,Barcelona,Jordi Alba Ramos,Left Back,90,Barcelona,59.7,0.1,2.012539,,True,,Javier Alejandro Mascherano,52.4,5.7,9.200543,2.4872224,Low Pass,,,,,,,,,,,,,,,,
267533,2016-04-02,Barcelona,Real Madrid,La Liga,2015/2016,03f926df-af96-4d39-b2fc-5125135a4581,1976,2,00:03:51.225000,48,51,Ball Receipt*,Barcelona,Javier Alejandro Mascherano,Left Center Back,90,Barcelona,52.4,5.7,,,,,,,,,,,,,,,,,,,,,,,,,,
267533,2016-04-02,Barcelona,Real Madrid,La Liga,2015/2016,ae8a88f7-f4f2-4a54-8e5c-d21abb550ef5,1977,2,00:03:52.951000,48,52,Pass,Barcelona,Javier Alejandro Mascherano,Left Center Back,90,Barcelona,54.4,9.9,1.026682,,,,Andrés Iniesta Luján,68.3,13.6,14.384019,0.26015458,Ground Pass,,,,,,,,,,,,,,,,
267533,2016-04-02,Barcelona,Real Madrid,La Liga,2015/2016,0d5a5e8d-65d3-4d70-8924-33eb332e7ee8,1978,2,00:03:53.978000,48,53,Ball Receipt*,Barcelona,Andrés Iniesta Luján,Left Center Midfield,90,Barcelona,68.3,13.6,,,,,,,,,,,,,,,,,,,,,,,,,,
267533,2016-04-02,Barcelona,Real Madrid,La Liga,2015/2016,28e0e331-35c1-447b-a154-f609c33946b0,1979,2,00:03:53.978000,48,53,Carry,Barcelona,Andrés Iniesta Luján,Left Center Midfield,90,Barcelona,68.3,13.6,0.0439,,,,,,,,,,,68.3,13.6,,,,,,,,,,,,,
267533,2016-04-02,Barcelona,Real Madrid,La Liga,2015/2016,3ccc73e6-6f72-4957-a353-be7bce0f4d3a,1980,2,00:03:54.022000,48,54,Pass,Barcelona,Andrés Iniesta Luján,Left Center Midfield,90,Barcelona,68.3,13.6,1.0185,,,,Jordi Alba Ramos,63.7,4.2,10.46518,-2.025897,Ground Pass,,,,,,,,,,,,,,,,
267533,2016-04-02,Barcelona,Real Madrid,La Liga,2015/2016,1897c2e5-7906-4352-9e5f-64b5e058d429,1981,2,00:03:55.040000,48,55,Ball Receipt*,Barcelona,Jordi Alba Ramos,Left Back,90,Barcelona,63.7,4.2,,,,,,,,,,,,,,,,,,,,,,,,,,
267533,2016-04-02,Barcelona,Real Madrid,La Liga,2015/2016,2a390814-0620-43ed-8387-f624668b3662,1982,2,00:03:55.040000,48,55,Carry,Barcelona,Jordi Alba Ramos,Left Back,90,Barcelona,63.7,4.2,0.040000003,,,,,,,,,,,63.7,4.2,,,,,,,,,,,,,
267533,2016-04-02,Barcelona,Real Madrid,La Liga,2015/2016,67f08ae5-acdc-4a4c-a71d-b7d7f7406417,1983,2,00:03:55.080000,48,55,Pass,Barcelona,Jordi Alba Ramos,Left Back,90,Barcelona,63.7,4.2,1.110669,,,,Javier Alejandro Mascherano,53.0,9.9,12.12353,2.6521206,Ground Pass,,,,,,,,,,,,,,,,
267533,2016-04-02,Barcelona,Real Madrid,La Liga,2015/2016,65164a64-74db-4b32-a5ae-5754e442a773,1984,2,00:03:56.191000,48,56,Ball Receipt*,Barcelona,Javier Alejandro Mascherano,Left Center Back,90,Barcelona,53.0,9.9,,,,,,,,,,,,,,,,,,,,,,,,,,
267533,2016-04-02,Barcelona,Real Madrid,La Liga,2015/2016,0001d0ee-29d4-4ae0-a7d0-b7274150c73d,1985,2,00:03:56.191000,48,56,Carry,Barcelona,Javier Alejandro Mascherano,Left Center Back,90,Barcelona,53.0,9.9,0.834312,,,,,,,,,,,55.4,12.7,,,,,,,,,,,,,
267533,2016-04-02,Barcelona,Real Madrid,La Liga,2015/2016,72c4eeda-1a79-45c0-b9c0-8c142eb34304,1986,2,00:03:57.025000,48,57,Pass,Barcelona,Javier Alejandro Mascherano,Left Center Back,90,Barcelona,55.4,12.7,0.874387,,,,Sergio Busquets i Burgos,64.0,21.5,12.304471,0.7968919,Ground Pass,,,,,,,,,,,,,,,,
267533,2016-04-02,Barcelona,Real Madrid,La Liga,2015/2016,ba079940-91f9-45a5-b17c-11dcc313fad0,1987,2,00:03:57.900000,48,57,Ball Receipt*,Barcelona,Sergio Busquets i Burgos,Center Defensive Midfield,90,Barcelona,64.0,21.5,,,,,,,,,,,,,,,,,,,,,,,,,,
267533,2016-04-02,Barcelona,Real Madrid,La Liga,2015/2016,35818fd4-7f97-4a25-90d3-3c5e5df3d145,1988,2,00:03:57.900000,48,57,Carry,Barcelona,Sergio Busquets i Burgos,Center Defensive Midfield,90,Barcelona,64.0,21.5,1.674932,,,,,,,,,,,64.1,20.8,,,,,,,,,,,,,
267533,2016-04-02,Barcelona,Real Madrid,La Liga,2015/2016,3f2a8e28-f616-456b-9da5-1d013ddcbfaa,1989,2,00:03:59.575000,48,59,Pass,Barcelona,Sergio Busquets i Burgos,Center Defensive Midfield,90,Barcelona,64.1,20.8,0.965444,,,,Javier Alejandro Mascherano,53.7,14.3,12.264175,-2.5829933,Ground Pass,,,,,,,,,,,,,,,,
267533,2016-04-02,Barcelona,Real Madrid,La Liga,2015/2016,96af7522-dc9d-4f10-be90-632943179a3c,1990,2,00:04:00.540000,49,0,Ball Receipt*,Barcelona,Javier Alejandro Mascherano,Left Center Back,90,Barcelona,53.7,14.3,,,,,,,,,,,,,,,,,,,,,,,,,,
267533,2016-04-02,Barcelona,Real Madrid,La Liga,2015/2016,b0ddc469-147d-4ab9-b388-4e223a2d01f2,1991,2,00:04:00.540000,49,0,Carry,Barcelona,Javier Alejandro Mascherano,Left Center Back,90,Barcelona,53.7,14.3,2.001009,,,,,,,,,,,49.2,24.3,,,,,,,,,,,,,
267533,2016-04-02,Barcelona,Real Madrid,La Liga,2015/2016,5d415438-7057-4dd4-ab27-9b05403a93df,1992,2,00:04:02.541000,49,2,Pass,Barcelona,Javier Alejandro Mascherano,Left Center Back,90,Barcelona,49.2,24.3,2.09871,,,,Gerard Piqué Bernabéu,48.5,43.8,19.51256,1.6066784,Ground Pass,,,,,,,,,,,,,,,,
267533,2016-04-02,Barcelona,Real Madrid,La Liga,2015/2016,340b0b69-9a81-4307-915c-c8ec41500d4e,1993,2,00:04:04.640000,49,4,Ball Receipt*,Barcelona,Gerard Piqué Bernabéu,Right Center Back,90,Barcelona,48.5,43.8,,,,,,,,,,,,,,,,,,,,,,,,,,
267533,2016-04-02,Barcelona,Real Madrid,La Liga,2015/2016,0fba0559-b946-47f9-88f1-7820107f4be7,1994,2,00:04:04.640000,49,4,Carry,Barcelona,Gerard Piqué Bernabéu,Right Center Back,90,Barcelona,48.5,43.8,1.848024,,,,,,,,,,,48.2,44.6,,,,,,,,,,,,,
267533,2016-04-02,Barcelona,Real Madrid,La Liga,2015/2016,cd9d2c60-af19-4c62-987e-03354408c80e,1995,2,00:04:06.488000,49,6,Pass,Barcelona,Gerard Piqué Bernabéu,Right Center Back,90,Barcelona,48.2,44.6,1.303713,,,,Lionel Andrés Messi Cuccittini,61.4,36.3,15.592627,-0.5613186,Ground Pass,,,,,,,,,,,,,,,,
267533,2016-04-02,Barcelona,Real Madrid,La Liga,2015/2016,9f9bd981-ea71-4e11-9414-5b01f4a98ebf,1996,2,00:04:07.791000,49,7,Ball Receipt*,Barcelona,Lionel Andrés Messi Cuccittini,Center Forward,90,Barcelona,61.4,36.3,,,,,,,,,,,,,,,,,,,,,,,,,,
267533,2016-04-02,Barcelona,Real Madrid,La Liga,2015/2016,213edc96-aae3-4e4f-aa0c-f7617fb4098f,1997,2,00:04:07.791000,49,7,Carry,Barcelona,Lionel Andrés Messi Cuccittini,Center Forward,90,Barcelona,61.4,36.3,1.1113,,,,,,,,,,,61.7,33.5,,,,,,,,,,,,,
267533,2016-04-02,Barcelona,Real Madrid,La Liga,2015/2016,6e36f487-8509-46f7-970e-61b44b57306f,1998,2,00:04:08.903000,49,8,Pass,Barcelona,Lionel Andrés Messi Cuccittini,Center Forward,90,Barcelona,61.7,33.5,0.69,,,,Sergio Busquets i Burgos,57.8,28.5,6.3411355,-2.2332227,Ground Pass,,,,,,,,,,,,,,,,
267533,2016-04-02,Barcelona,Real Madrid,La Liga,2015/2016,b05f023f-67b7-4e00-9043-714230a3931e,1999,2,00:04:09.593000,49,9,Ball Receipt*,Barcelona,Sergio Busquets i Burgos,Center Defensive Midfield,90,Barcelona,57.8,28.5,,,,,,,,,,,,,,,,,,,,,,,,,,
267533,2016-04-02,Barcelona,Real Madrid,La Liga,2015/2016,bcfc321d-f634-48fb-b65c-2629c2a3fe50,2000,2,00:04:09.593000,49,9,Carry,Barcelona,Sergio Busquets i Burgos,Center Defensive Midfield,90,Barcelona,57.8,28.5,0.7676,,,,,,,,,,,57.8,28.5,,,,,,,,,,,,,
267533,2016-04-02,Barcelona,Real Madrid,La Liga,2015/2016,d66d1a0e-0bc7-4767-afab-1342c0fdb7e6,2001,2,00:04:10.360000,49,10,Pass,Barcelona,Sergio Busquets i Burgos,Center Defensive Midfield,90,Barcelona,57.8,28.5,0.8084,,,,Lionel Andrés Messi Cuccittini,62.7,25.3,5.8523498,-0.57852423,Ground Pass,,,,,,,,,,,,,,,,
267533,2016-04-02,Barcelona,Real Madrid,La Liga,2015/2016,fc535968-24b5-452b-88cc-f91682205ab9,2002,2,00:04:11.169000,49,11,Ball Receipt*,Barcelona,Lionel Andrés Messi Cuccittini,Center Forward,90,Barcelona,62.7,25.3,,,,,,,,,,,,,,,,,,,,,,,,,,
267533,2016-04-02,Barcelona,Real Madrid,La Liga,2015/2016,f1606678-530d-4a86-9d98-b1db2ba2ecb0,2003,2,00:04:11.169000,49,11,Carry,Barcelona,Lionel Andrés Messi Cuccittini,Center Forward,90,Barcelona,62.7,25.3,1.4234,True,,,,,,,,,,68.9,22.9,,,,,,,,,,,,,
267533,2016-04-02,Barcelona,Real Madrid,La Liga,2015/2016,4e804820-0952-4086-95b8-c82c32ce6d53,2004,2,00:04:11.990000,49,11,Pressure,Real Madrid,Carlos Henrique Casimiro,Center Defensive Midfield,90,Barcelona,48.7,53.0,0.550837,,,,,,,,,,,,,,,,,,,,,,,,,
267533,2016-04-02,Barcelona,Real Madrid,La Liga,2015/2016,a99ce8d6-0911-4628-bc3e-2bcd8b9cf6c3,2005,2,00:04:12.592000,49,12,Pass,Barcelona,Lionel Andrés Messi Cuccittini,Center Forward,90,Barcelona,68.9,22.9,1.3872,,,,Jordi Alba Ramos,69.2,3.0,19.902262,-1.5557221,Ground Pass,,,,,,,,,,,,,,,,
267533,2016-04-02,Barcelona,Real Madrid,La Liga,2015/2016,335e5e03-58a8-4fef-a753-c4b4a99b1802,2006,2,00:04:13.979000,49,13,Ball Receipt*,Barcelona,Jordi Alba Ramos,Left Back,90,Barcelona,69.2,3.0,,,,,,,,,,,,,,,,,,,,,,,,,,
267533,2016-04-02,Barcelona,Real Madrid,La Liga,2015/2016,f8414cb9-5ccd-41b5-bddf-b0b59f051b65,2007,2,00:04:13.979000,49,13,Carry,Barcelona,Jordi Alba Ramos,Left Back,90,Barcelona,69.2,3.0,2.003,,,,,,,,,,,69.3,3.2,,,,,,,,,,,,,
267533,2016-04-02,Barcelona,Real Madrid,La Liga,2015/2016,d27e888b-ca47-41f2-9197-38b57ad5aa59,2008,2,00:04:15.982000,49,15,Pass,Barcelona,Jordi Alba Ramos,Left Back,90,Barcelona,69.3,3.2,0.567885,,,,Lionel Andrés Messi Cuccittini,69.2,12.3,9.10055,1.5817848,Ground Pass,,,,,,,,,,,,,,,,
267533,2016-04-02,Barcelona,Real Madrid,La Liga,2015/2016,a88ed42f-619f-4687-862b-0bcbe38d50e8,2009,2,00:04:16.550000,49,16,Ball Receipt*,Barcelona,Lionel Andrés Messi Cuccittini,Center Forward,90,Barcelona,69.2,12.3,,,,,,,,,,,,,,,,,,,,,,,,,,
267533,2016-04-02,Barcelona,Real Madrid,La Liga,2015/2016,5dc2f5dd-a85b-4b4e-9428-029fa406003f,2010,2,00:04:16.550000,49,16,Carry,Barcelona,Lionel Andrés Messi Cuccittini,Center Forward,90,Barcelona,69.2,12.3,0.845723,,,,,,,,,,,69.3,8.5,,,,,,,,,,,,,
267533,2016-04-02,Barcelona,Real Madrid,La Liga,2015/2016,a5725354-516d-42ea-95e4-ef3b6ea00263,2011,2,00:04:17.396000,49,17,Pass,Barcelona,Lionel Andrés Messi Cuccittini,Center Forward,90,Barcelona,69.3,8.5,0.658392,,,,Jordi Alba Ramos,65.9,3.3,6.2128897,-2.1498706,Ground Pass,,,,,,,,,,,,,,,,
267533,2016-04-02,Barcelona,Real Madrid,La Liga,2015/2016,77448fe1-86e9-4df9-880c-2bef8cd4fd1f,2012,2,00:04:18.054000,49,18,Ball Receipt*,Barcelona,Jordi Alba Ramos,Left Back,90,Barcelona,65.9,3.3,,,,,,,,,,,,,,,,,,,,,,,,,,
267533,2016-04-02,Barcelona,Real Madrid,La Liga,2015/2016,9f50e8df-e9f8-4082-94e5-f9253486fd53,2013,2,00:04:18.054000,49,18,Carry,Barcelona,Jordi Alba Ramos,Left Back,90,Barcelona,65.9,3.3,0.12,,,,,,,,,,,65.9,3.3,,,,,,,,,,,,,
267533,2016-04-02,Barcelona,Real Madrid,La Liga,2015/2016,13e0dc68-041f-409a-a979-976a10d9206b,2014,2,00:04:18.174000,49,18,Pass,Barcelona,Jordi Alba Ramos,Left Back,90,Barcelona,65.9,3.3,1.06508,,,,Javier Alejandro Mascherano,55.5,14.2,15.065523,2.3327246,Ground Pass,,,,,,,,,,,,,,,,
267533,2016-04-02,Barcelona,Real Madrid,La Liga,2015/2016,fe94340c-e587-49ab-a247-6eec4b4a7285,2015,2,00:04:19.239000,49,19,Ball Receipt*,Barcelona,Javier Alejandro Mascherano,Left Center Back,90,Barcelona,55.5,14.2,,,,,,,,,,,,,,,,,,,,,,,,,,
267533,2016-04-02,Barcelona,Real Madrid,La Liga,2015/2016,af1aa2ee-8d61-49c9-978a-f26df700dbad,2016,2,00:04:19.239000,49,19,Carry,Barcelona,Javier Alejandro Mascherano,Left Center Back,90,Barcelona,55.5,14.2,5.354107,,,,,,,,,,,61.1,26.8,,,,,,,,,,,,,
267533,2016-04-02,Barcelona,Real Madrid,La Liga,2015/2016,dc7578a0-7c73-49cf-8fb2-dacc8752ab9e,2017,2,00:04:24.593000,49,24,Pass,Barcelona,Javier Alejandro Mascherano,Left Center Back,90,Barcelona,61.1,26.8,1.075148,,,,Jordi Alba Ramos,64.0,10.2,16.85141,-1.3978429,Ground Pass,,,,,,,,,,,,,,,,
267533,2016-04-02,Barcelona,Real Madrid,La Liga,2015/2016,21f53262-ad40-4e4e-b7b3-2660e9aef68b,2018,2,00:04:25.669000,49,25,Ball Receipt*,Barcelona,Jordi Alba Ramos,Left Back,90,Barcelona,64.0,10.2,,,,,,,,,,,,,,,,,,,,,,,,,,
267533,2016-04-02,Barcelona,Real Madrid,La Liga,2015/2016,676cd861-e5d1-4376-8568-2676ee501271,2019,2,00:04:25.669000,49,25,Carry,Barcelona,Jordi Alba Ramos,Left Back,90,Barcelona,64.0,10.2,4.529768,,,,,,,,,,,69.6,16.1,,,,,,,,,,,,,
267533,2016-04-02,Barcelona,Real Madrid,La Liga,2015/2016,c48aa034-7d8e-4df3-b4df-a0ad52350931,2020,2,00:04:30.198000,49,30,Pass,Barcelona,Jordi Alba Ramos,Left Back,90,Barcelona,69.6,16.1,0.647258,,,,Lionel Andrés Messi Cuccittini,66.9,21.1,5.682429,2.0659297,Ground Pass,,,,,,,,,,,,,,,,
267533,2016-04-02,Barcelona,Real Madrid,La Liga,2015/2016,507436c7-b84b-4d1a-8f69-c281ecd68346,2021,2,00:04:30.846000,49,30,Ball Receipt*,Barcelona,Lionel Andrés Messi Cuccittini,Center Forward,90,Barcelona,66.9,21.1,,,,,,,,,,,,,,,,,,,,,,,,,,
267533,2016-04-02,Barcelona,Real Madrid,La Liga,2015/2016,ab1cea78-8576-488e-a3cc-fe8d68e4ba25,2022,2,00:04:30.846000,49,30,Carry,Barcelona,Lionel Andrés Messi Cuccittini,Center Forward,90,Barcelona,66.9,21.1,3.537039,,,,,,,,,,,69.7,25.0,,,,,,,,,,,,,
267533,2016-04-02,Barcelona,Real Madrid,La Liga,2015/2016,52fdfcf3-273d-4938-8b81-875eff01e86c,2023,2,00:04:34.383000,49,34,Pass,Barcelona,Lionel Andrés Messi Cuccittini,Center Forward,90,Barcelona,69.7,25.0,1.211474,,,,Gerard Piqué Bernabéu,64.4,45.4,21.077238,1.8249807,Ground Pass,,,,,,,,,,,,,,,,
267533,2016-04-02,Barcelona,Real Madrid,La Liga,2015/2016,3312e82e-962f-443a-9eea-a0212197e21f,2024,2,00:04:35.594000,49,35,Ball Receipt*,Barcelona,Gerard Piqué Bernabéu,Right Center Back,90,Barcelona,64.4,45.4,,,,,,,,,,,,,,,,,,,,,,,,,,
267533,2016-04-02,Barcelona,Real Madrid,La Liga,2015/2016,afc7a7fd-ff53-4ef6-879e-40f349203c54,2025,2,00:04:35.594000,49,35,Carry,Barcelona,Gerard Piqué Bernabéu,Right Center Back,90,Barcelona,64.4,45.4,2.138226,,,,,,,,,,,72.0,43.2,,,,,,,,,,,,,
267533,2016-04-02,Barcelona,Real Madrid,La Liga,2015/2016,1f992bb5-7ea5-4960-9120-243a573adad0,2026,2,00:04:37.732000,49,37,Pass,Barcelona,Gerard Piqué Bernabéu,Right Center Back,90,Barcelona,72.0,43.2,0.791985,,,,Neymar da Silva Santos Junior,84.2,30.1,17.901117,-0.8209563,Ground Pass,,,,,,,,,,,,,,,,
267533,2016-04-02,Barcelona,Real Madrid,La Liga,2015/2016,b16bebcc-db30-4562-9bca-fa6413e0a5d8,2027,2,00:04:38.524000,49,38,Ball Receipt*,Barcelona,Neymar da Silva Santos Junior,Left Wing,90,Barcelona,84.2,30.1,,,,,,,,,,,,,,,,,,,,,,,,,,
267533,2016-04-02,Barcelona,Real Madrid,La Liga,2015/2016,69d48859-5921-414d-8f44-cee527f65369,2028,2,00:04:38.524000,49,38,Carry,Barcelona,Neymar da Silva Santos Junior,Left Wing,90,Barcelona,84.2,30.1,0.173015,,,,,,,,,,,84.0,30.4,,,,,,,,,,,,,
267533,2016-04-02,Barcelona,Real Madrid,La Liga,2015/2016,cbd249c6-bba5-48d7-a81b-fb5d1e07690c,2029,2,00:04:38.697000,49,38,Pass,Barcelona,Neymar da Silva Santos Junior,Left Wing,90,Barcelona,84.0,30.4,0.8391,,,,Luis Alberto Suárez Díaz,91.7,39.8,12.151132,0.88448775,Ground Pass,Incomplete,,,,,,,,,,,,,,,
267533,2016-04-02,Barcelona,Real Madrid,La Liga,2015/2016,33f59a95-4c31-4917-83a6-39ecc8fba867,2030,2,00:04:39.537000,49,39,Ball Receipt*,Barcelona,Luis Alberto Suárez Díaz,Right Wing,90,Barcelona,93.3,38.7,,,,,,,,,,,,,,,,,,,,,,,,,,
267533,2016-04-02,Barcelona,Real Madrid,La Liga,2015/2016,028ad499-af05-438e-a3a8-8e877a0b63b0,2031,2,00:04:39.537000,49,39,Interception,Real Madrid,Sergio Ramos García,Left Center Back,90,Barcelona,28.4,40.3,0.0,,,,,,,,,,,,,,,,,,,,,,,,,
267533,2016-04-02,Barcelona,Real Madrid,La Liga,2015/2016,b4baae6c-897b-4b2f-bb48-b2bf75811c69,2032,2,00:04:41.256000,49,41,Ball Recovery,Barcelona,Lionel Andrés Messi Cuccittini,Center Forward,90,Barcelona,81.7,26.8,0.0,,,,,,,,,,,,,,,,,,,,,,,,,
267533,2016-04-02,Barcelona,Real Madrid,La Liga,2015/2016,a27d523d-e94e-4350-ab9b-ccba1799fd87,2033,2,00:04:41.256000,49,41,Carry,Barcelona,Lionel Andrés Messi Cuccittini,Center Forward,90,Barcelona,81.7,26.8,0.91198,,,,,,,,,,,84.4,27.7,,,,,,,,,,,,,
267533,2016-04-02,Barcelona,Real Madrid,La Liga,2015/2016,c04adb78-aa6a-4d7c-ab72-dcdae959abcd,2034,2,00:04:42.168000,49,42,Pass,Barcelona,Lionel Andrés Messi Cuccittini,Center Forward,90,Barcelona,84.4,27.7,0.5621,,,,Neymar da Silva Santos Junior,90.8,35.3,9.935794,0.87090343,Ground Pass,Incomplete,,,,,,,,,,,,,,,
267533,2016-04-02,Barcelona,Real Madrid,La Liga,2015/2016,7c5550c5-94f6-41fe-ad27-d9360f131549,2035,2,00:04:42.730000,49,42,Ball Receipt*,Barcelona,Neymar da Silva Santos Junior,Left Wing,90,Barcelona,94.2,37.4,,,,,,,,,,,,,,,,,,,,,,,,,,
267533,2016-04-02,Barcelona,Real Madrid,La Liga,2015/2016,96631ca5-f52e-4b49-bc5e-57fbf76df1a4,2036,2,00:04:42.730000,49,42,Interception,Real Madrid,Carlos Henrique Casimiro,Center Defensive Midfield,90,Barcelona,29.3,44.8,0.0,,,,,,,,,,,,,,,,,,,,,,,,,
267533,2016-04-02,Barcelona,Real Madrid,La Liga,2015/2016,1f62123d-0ca7-45ff-81b0-80dedb8294e0,2037,2,00:04:43.531000,49,43,Pass,Barcelona,Lionel Andrés Messi Cuccittini,Center Forward,90,Barcelona,92.3,30.5,1.572623,,,,Neymar da Silva Santos Junior,93.2,42.6,12.133425,1.4965528,Low Pass,,,,,,,,,,,,,,,,
267533,2016-04-02,Barcelona,Real Madrid,La Liga,2015/2016,0b08d768-926b-4eae-828d-bb9fc7b8109f,2038,2,00:04:45.104000,49,45,Ball Receipt*,Barcelona,Neymar da Silva Santos Junior,Left Wing,90,Barcelona,93.2,42.6,,,,,,,,,,,,,,,,,,,,,,,,,,
267533,2016-04-02,Barcelona,Real Madrid,La Liga,2015/2016,3cd7c162-76a6-442a-b1a8-4cd0aa8ff7de,2039,2,00:04:45.104000,49,45,Carry,Barcelona,Neymar da Silva Santos Junior,Left Wing,90,Barcelona,93.2,42.6,2.637217,,,,,,,,,,,95.4,35.4,,,,,,,,,,,,,
267533,2016-04-02,Barcelona,Real Madrid,La Liga,2015/2016,9ddc9c8b-8682-4d6f-963c-00817d5150f9,2040,2,00:04:47.741000,49,47,Pass,Barcelona,Neymar da Silva Santos Junior,Left Wing,90,Barcelona,95.4,35.4,0.73656,,,,Lionel Andrés Messi Cuccittini,105.5,29.2,11.85116,-0.5505494,Ground Pass,,,,,,,,,,,,,,,,
267533,2016-04-02,Barcelona,Real Madrid,La Liga,2015/2016,85003c4f-854b-4f53-adff-d296058a28e4,2041,2,00:04:48.478000,49,48,Ball Receipt*,Barcelona,Lionel Andrés Messi Cuccittini,Center Forward,90,Barcelona,105.5,29.2,,,,,,,,,,,,,,,,,,,,,,,,,,
267533,2016-04-02,Barcelona,Real Madrid,La Liga,2015/2016,8201de9a-57f2-44a2-861d-96983afc6514,2042,2,00:04:48.478000,49,48,Carry,Barcelona,Lionel Andrés Messi Cuccittini,Center Forward,90,Barcelona,105.5,29.2,0.08,,,,,,,,,,,105.5,29.2,,,,,,,,,,,,,
267533,2016-04-02,Barcelona,Real Madrid,La Liga,2015/2016,312f6ccc-86d5-40a7-b9b8-997fa510b155,2043,2,00:04:48.558000,49,48,Miscontrol,Barcelona,Lionel Andrés Messi Cuccittini,Center Forward,90,Barcelona,105.5,29.2,0.0,,,,,,,,,,,,,,,,,,,,,,,,,
267533,2016-04-02,Barcelona,Real Madrid,La Liga,2015/2016,250e121e-631c-460c-801f-d3f9614f42e6,2044,2,00:04:49.932000,49,49,Pressure,Barcelona,Jordi Alba Ramos,Left Back,90,Barcelona,104.9,19.9,2.04162,,,,,,,,,,,,,,,,,,,,,,,,,
267533,2016-04-02,Barcelona,Real Madrid,La Liga,2015/2016,231d3cb3-d3a2-425c-88a2-e4c5d46f8173,2045,2,00:04:49.958000,49,49,Ball Recovery,Real Madrid,Gareth Frank Bale,Right Wing,90,Barcelona,12.3,56.6,0.0,True,,,,,,,,,,,,,,,,,,,,,,,,
267533,2016-04-02,Barcelona,Real Madrid,La Liga,2015/2016,8cfbbb41-47df-40d1-83e4-66cf6c29e984,2046,2,00:04:50.798000,49,50,Pressure,Real Madrid,Gareth Frank Bale,Right Wing,90,Barcelona,9.4,60.0,2.222658,True,,,,,,,,,,,,,,,,,,,,,,,,
267533,2016-04-02,Barcelona,Real Madrid,La Liga,2015/2016,d78bbf49-0d74-450a-89ae-ce2df02ce122,2047,2,00:04:52.361000,49,52,Ball Recovery,Barcelona,Jordi Alba Ramos,Left Back,90,Barcelona,112.5,5.2,0.0,True,,,,,,,,,,,,,,,,,,,,,,,,
267533,2016-04-02,Barcelona,Real Madrid,La Liga,2015/2016,4f0cae05-d6dc-4a12-9aa3-78929ac04388,2048,2,00:04:52.361000,49,52,Carry,Barcelona,Jordi Alba Ramos,Left Back,90,Barcelona,112.5,5.2,0.657977,True,,,,,,,,,,112.0,3.7,,,,,,,,,,,,,
267533,2016-04-02,Barcelona,Real Madrid,La Liga,2015/2016,6ff65b59-1097-4880-ba6b-30fd60a60548,2049,2,00:04:53.019000,49,53,Pass,Barcelona,Jordi Alba Ramos,Left Back,90,Barcelona,112.0,3.7,1.220248,True,,,Neymar da Silva Santos Junior,100.7,8.0,12.090492,2.7779818,Ground Pass,,,,,,,,,,,,,,,,
267533,2016-04-02,Barcelona,Real Madrid,La Liga,2015/2016,701c549d-8f62-4d10-902e-e603b250ede0,2050,2,00:04:53.655000,49,53,Pressure,Real Madrid,Kléper Laveran Lima Ferreira,Right Center Back,90,Barcelona,15.0,68.9,1.771468,,,,,,,,,,,,,,,,,,,,,,,,,
267533,2016-04-02,Barcelona,Real Madrid,La Liga,2015/2016,01aff509-6712-4570-819f-380208b756fc,2051,2,00:04:54.239000,49,54,Ball Receipt*,Barcelona,Neymar da Silva Santos Junior,Left Wing,90,Barcelona,100.7,8.0,,True,,,,,,,,,,,,,,,,,,,,,,,,
267533,2016-04-02,Barcelona,Real Madrid,La Liga,2015/2016,9e4ee9fc-a335-4c12-bd34-725988eaebfb,2052,2,00:04:54.239000,49,54,Carry,Barcelona,Neymar da Silva Santos Junior,Left Wing,90,Barcelona,100.7,8.0,3.509763,True,,,,,,,,,,91.6,27.4,,,,,,,,,,,,,
267533,2016-04-02,Barcelona,Real Madrid,La Liga,2015/2016,d288d105-384a-44e1-98e6-56ed02c49587,2053,2,00:04:56.940000,49,56,Pressure,Real Madrid,Luka Modrić,Right Center Midfield,90,Barcelona,24.5,55.9,0.699795,,,,,,,,,,,,,,,,,,,,,,,,,
267533,2016-04-02,Barcelona,Real Madrid,La Liga,2015/2016,736f816e-e4ad-48aa-ba8d-62c58a117010,2054,2,00:04:57.749000,49,57,Pass,Barcelona,Neymar da Silva Santos Junior,Left Wing,90,Barcelona,91.6,27.4,1.26244,,,,Ivan Rakitić,86.2,44.4,17.83704,1.8783635,Ground Pass,,,,,,,,,,,,,,,,
267533,2016-04-02,Barcelona,Real Madrid,La Liga,2015/2016,28c40438-b838-47a0-b68e-94b34b568e0d,2055,2,00:04:58.655000,49,58,Pressure,Real Madrid,Cristiano Ronaldo dos Santos Aveiro,Left Wing,90,Barcelona,32.2,36.3,1.100473,,,,,,,,,,,,,,,,,,,,,,,,,
267533,2016-04-02,Barcelona,Real Madrid,La Liga,2015/2016,ab1f1705-55f0-4b4b-87fd-fa7a62056043,2056,2,00:04:59.011000,49,59,Ball Receipt*,Barcelona,Ivan Rakitić,Right Center Midfield,90,Barcelona,86.2,44.4,,True,,,,,,,,,,,,,,,,,,,,,,,,
267533,2016-04-02,Barcelona,Real Madrid,La Liga,2015/2016,87c00677-13bb-4433-8913-7d39328a0b86,2057,2,00:04:59.011000,49,59,Carry,Barcelona,Ivan Rakitić,Right Center Midfield,90,Barcelona,86.2,44.4,0.7441,True,,,,,,,,,,89.0,38.8,,,,,,,,,,,,,
267533,2016-04-02,Barcelona,Real Madrid,La Liga,2015/2016,c8dfbd23-884f-49a0-8630-b541bac93e29,2058,2,00:04:59.755000,49,59,Dispossessed,Barcelona,Ivan Rakitić,Right Center Midfield,90,Barcelona,89.0,38.8,0.0,True,,,,,,,,,,,,,,,,,,,,,,,,
267533,2016-04-02,Barcelona,Real Madrid,La Liga,2015/2016,daaca2a3-9a9f-4c27-bd14-5b4aba40fbe0,2059,2,00:04:59.755000,49,59,Duel,Real Madrid,Cristiano Ronaldo dos Santos Aveiro,Left Wing,91,Real Madrid,31.1,41.3,0.0,True,,,,,,,,,,,,,,,,Tackle,Success In Play,,,,,,,
267533,2016-04-02,Barcelona,Real Madrid,La Liga,2015/2016,15fb5cc3-cec2-4d25-875a-fc5df04495b4,2060,2,00:05:00.634000,50,0,Pressure,Barcelona,Ivan Rakitić,Right Center Midfield,91,Real Madrid,92.1,47.7,0.986754,,,,,,,,,,,,,,,,,,,,,,,,,
267533,2016-04-02,Barcelona,Real Madrid,La Liga,2015/2016,e217ed8f-af7e-436b-b9a1-6599ff221505,2061,2,00:05:00.680000,50,0,Ball Recovery,Real Madrid,Luka Modrić,Right Center Midfield,91,Real Madrid,28.7,38.1,0.0,True,,,,,,,,,,,,,,,,,,,,,,,,
267533,2016-04-02,Barcelona,Real Madrid,La Liga,2015/2016,b17fdbbd-1f04-4ea1-ad6e-15d7e09367c5,2062,2,00:05:00.680000,50,0,Carry,Real Madrid,Luka Modrić,Right Center Midfield,91,Real Madrid,28.7,38.1,3.445,True,,,,,,,,,,47.6,18.8,,,,,,,,,,,,,
267533,2016-04-02,Barcelona,Real Madrid,La Liga,2015/2016,45d7f99e-1c44-413b-b739-0fa290b861e5,2063,2,00:05:04.125000,50,4,Pass,Real Madrid,Luka Modrić,Right Center Midfield,91,Real Madrid,47.6,18.8,2.0266,,,,Marcelo Vieira da Silva Júnior,64.6,5.1,21.833231,-0.6783175,Ground Pass,,,,,,,,,,,,,,,,
267533,2016-04-02,Barcelona,Real Madrid,La Liga,2015/2016,1805108f-bcd8-4d0f-b274-27f22d06231b,2064,2,00:05:06.152000,50,6,Ball Receipt*,Real Madrid,Marcelo Vieira da Silva Júnior,Left Back,91,Real Madrid,64.6,5.1,,,,,,,,,,,,,,,,,,,,,,,,,,
267533,2016-04-02,Barcelona,Real Madrid,La Liga,2015/2016,d2f805d4-f420-44b0-8ae5-60228d0eff39,2065,2,00:05:06.152000,50,6,Pass,Real Madrid,Marcelo Vieira da Silva Júnior,Left Back,91,Real Madrid,68.0,4.5,1.043918,,,,Karim Benzema,82.1,32.3,31.1713,1.1014099,High Pass,,,,,,,,,,,,,,,,
267533,2016-04-02,Barcelona,Real Madrid,La Liga,2015/2016,9319d07b-0a30-479d-a27f-65cd6c608bcc,2066,2,00:05:07.196000,50,7,Ball Receipt*,Real Madrid,Karim Benzema,Center Forward,91,Real Madrid,82.1,32.3,,,,,,,,,,,,,,,,,,,,,,,,,,
267533,2016-04-02,Barcelona,Real Madrid,La Liga,2015/2016,0c3afa94-3fce-481e-ab5e-63967a6a8776,2067,2,00:05:07.196000,50,7,Carry,Real Madrid,Karim Benzema,Center Forward,91,Real Madrid,82.1,32.3,4.849182,,,,,,,,,,,107.4,28.6,,,,,,,,,,,,,
267533,2016-04-02,Barcelona,Real Madrid,La Liga,2015/2016,1679515f-c2e7-40ca-9387-9001362d88e9,2068,2,00:05:12.045000,50,12,Shot,Real Madrid,Karim Benzema,Center Forward,91,Real Madrid,107.4,28.6,0.015589,,,,,,,,,,,,,0.08048285,Blocked,Left Foot,Normal,,,,,,,,,
267533,2016-04-02,Barcelona,Real Madrid,La Liga,2015/2016,4bb927ac-69a0-47ff-bd8c-694118a10c30,2069,2,00:05:12.060000,50,12,Block,Barcelona,Gerard Piqué Bernabéu,Right Center Back,91,Real Madrid,10.4,49.1,0.0,,,,,,,,,,,,,,,,,,,,,,,,,
267533,2016-04-02,Barcelona,Real Madrid,La Liga,2015/2016,8ab0a963-0b2c-4438-9b2f-26b2428c63bf,2070,2,00:05:12.109000,50,12,Goal Keeper,Barcelona,Claudio Andrés Bravo Muñoz,Goalkeeper,91,Real Madrid,1.5,43.4,0.0,,,,,,,,,,,,,,,,,,,,,,,,,
267533,2016-04-02,Barcelona,Real Madrid,La Liga,2015/2016,a6f35c26-7a14-487b-b2c7-7f74222bd1d1,2071,2,00:05:13.816000,50,13,Ball Recovery,Real Madrid,Marcelo Vieira da Silva Júnior,Left Back,91,Real Madrid,106.1,23.0,0.0,,,,,,,,,,,,,,,,,,,,,,,,,
267533,2016-04-02,Barcelona,Real Madrid,La Liga,2015/2016,fa58bb85-a029-4f28-b694-0695416eaa18,2072,2,00:05:13.856000,50,13,Shot,Real Madrid,Marcelo Vieira da Silva Júnior,Left Back,91,Real Madrid,107.0,20.0,0.138,,,,,,,,,,,,,0.009112233,Blocked,Left Foot,Normal,,,,,,,,,
267533,2016-04-02,Barcelona,Real Madrid,La Liga,2015/2016,f273088f-3f81-434a-9acb-3c203bc9ca04,2073,2,00:05:13.994000,50,13,Block,Barcelona,Daniel Alves da Silva,Right Back,91,Real Madrid,10.7,57.1,0.0,,,True,,,,,,,,,,,,,,,,,,,,,,
267533,2016-04-02,Barcelona,Real Madrid,La Liga,2015/2016,95e7a1d2-bd1a-403f-8477-815bf67986a2,2074,2,00:05:14.034000,50,14,Goal Keeper,Barcelona,Claudio Andrés Bravo Muñoz,Goalkeeper,91,Real Madrid,1.5,43.3,0.0,,,,,,,,,,,,,,,,,,,,,,,,,
267533,2016-04-02,Barcelona,Real Madrid,La Liga,2015/2016,c0e36fe8-679a-4372-9c49-d050a60543f5,2075,2,00:05:31.389000,50,31,Pass,Real Madrid,Toni Kroos,Left Center Midfield,92,Real Madrid,120.0,0.1,1.996899,,True,,Marcelo Vieira da Silva Júnior,97.7,17.2,28.1016,2.4874158,Ground Pass,,,,,,,,,,,,,,,,
267533,2016-04-02,Barcelona,Real Madrid,La Liga,2015/2016,65e74ee7-0a0a-40d9-b268-a8a3307e3926,2076,2,00:05:33.386000,50,33,Ball Receipt*,Real Madrid,Marcelo Vieira da Silva Júnior,Left Back,92,Real Madrid,97.7,17.2,,,,,,,,,,,,,,,,,,,,,,,,,,
267533,2016-04-02,Barcelona,Real Madrid,La Liga,2015/2016,2cda3a2e-38ac-46b4-a304-f9a1cae8fdf5,2077,2,00:05:34.880000,50,34,Pass,Real Madrid,Marcelo Vieira da Silva Júnior,Left Back,92,Real Madrid,99.0,18.0,2.1131,,,,Toni Kroos,116.9,22.1,18.36355,0.2251662,Ground Pass,,,,,,,,,,,,,,,,
267533,2016-04-02,Barcelona,Real Madrid,La Liga,2015/2016,70be5c95-d4aa-4a83-96ba-c8568e6648c1,2078,2,00:05:36.993000,50,36,Ball Receipt*,Real Madrid,Toni Kroos,Left Center Midfield,92,Real Madrid,116.9,22.1,,,,,,,,,,,,,,,,,,,,,,,,,,
267533,2016-04-02,Barcelona,Real Madrid,La Liga,2015/2016,0abae55a-7381-44d2-a1e3-186aa23d4273,2079,2,00:05:36.993000,50,36,Pass,Real Madrid,Toni Kroos,Left Center Midfield,92,Real Madrid,116.9,22.1,0.1433,,,,,117.3,25.8,3.7215588,1.4631065,Low Pass,Incomplete,,,,,,,,,,,,,,,
267533,2016-04-02,Barcelona,Real Madrid,La Liga,2015/2016,f844485f-7806-4607-8aef-385a5c69f491,2080,2,00:05:37.137000,50,37,Block,Barcelona,Luis Alberto Suárez Díaz,Right Wing,92,Real Madrid,2.8,54.3,0.0,,,True,,,,,,,,,,,,,,,,,,,,,,
267533,2016-04-02,Barcelona,Real Madrid,La Liga,2015/2016,0de4dc81-9559-4d3e-9a6b-16864d76398c,2081,2,00:05:46.290000,50,46,Injury Stoppage,Real Madrid,Keylor Navas Gamboa,Goalkeeper,92,Real Madrid,,,0.0,,,,,,,,,,,,,,,,,,,,,,,,,
267533,2016-04-02,Barcelona,Real Madrid,La Liga,2015/2016,8f647500-7a73-4ef8-a8d8-3ea58a66e826,2082,2,00:06:20.531000,51,20,Pass,Real Madrid,Toni Kroos,Left Center Midfield,93,Real Madrid,120.0,0.1,1.426616,,,,Marcelo Vieira da Silva Júnior,99.5,20.6,28.991379,2.3561945,Ground Pass,,,,,,,,,,,,,,,,
267533,2016-04-02,Barcelona,Real Madrid,La Liga,2015/2016,d02b348d-38df-4bef-83fb-5dabd15bbbf4,2083,2,00:06:21.958000,51,21,Ball Receipt*,Real Madrid,Marcelo Vieira da Silva Júnior,Left Back,93,Real Madrid,99.5,20.6,,,,,,,,,,,,,,,,,,,,,,,,,,
267533,2016-04-02,Barcelona,Real Madrid,La Liga,2015/2016,e487bbeb-4c48-47b8-8d14-76b899b936c2,2084,2,00:06:21.958000,51,21,Carry,Real Madrid,Marcelo Vieira da Silva Júnior,Left Back,93,Real Madrid,99.5,20.6,1.355456,,,,,,,,,,,99.5,20.6,,,,,,,,,,,,,
267533,2016-04-02,Barcelona,Real Madrid,La Liga,2015/2016,d5d99a39-0785-4ea7-9d90-23b43c20391a,2085,2,00:06:23.313000,51,23,Pass,Real Madrid,Marcelo Vieira da Silva Júnior,Left Back,93,Real Madrid,99.5,20.6,0.684659,,,,Luka Modrić,91.9,36.1,17.262966,2.0266721,Ground Pass,,,,,,,,,,,,,,,,
267533,2016-04-02,Barcelona,Real Madrid,La Liga,2015/2016,16193278-7c9e-4166-af2a-a50d0679867e,2086,2,00:06:23.998000,51,23,Ball Receipt*,Real Madrid,Luka Modrić,Right Center Midfield,93,Real Madrid,91.9,36.1,,,,,,,,,,,,,,,,,,,,,,,,,,
267533,2016-04-02,Barcelona,Real Madrid,La Liga,2015/2016,bde5918c-51ff-4680-8b70-263e2fa99486,2087,2,00:06:23.998000,51,23,Carry,Real Madrid,Luka Modrić,Right Center Midfield,93,Real Madrid,91.9,36.1,1.259269,,,,,,,,,,,93.4,39.9,,,,,,,,,,,,,
267533,2016-04-02,Barcelona,Real Madrid,La Liga,2015/2016,3d897bed-df86-4b36-ba5b-24954360f1e7,2088,2,00:06:25.257000,51,25,Shot,Real Madrid,Luka Modrić,Right Center Midfield,93,Real Madrid,93.4,39.9,0.4427,,,,,,,,,,,,,0.03057891,Blocked,Right Foot,Normal,,,,,,,,,
267533,2016-04-02,Barcelona,Real Madrid,La Liga,2015/2016,8b27910d-cfd4-48fb-af1b-12e4502a8b72,2089,2,00:06:25.700000,51,25,Goal Keeper,Barcelona,Claudio Andrés Bravo Muñoz,Goalkeeper,93,Real Madrid,1.5,41.2,0.0,,,,,,,,,,,,,,,,,,,,,,,,,
267533,2016-04-02,Barcelona,Real Madrid,La Liga,2015/2016,7bfdf190-e08a-4680-9516-dd024a5c4506,2090,2,00:06:25.835000,51,25,Shot,Real Madrid,Gareth Frank Bale,Right Wing,93,Real Madrid,107.8,36.4,0.6443,,,,,,,,,,,,,0.17843059,Saved,Right Foot,Backheel,,,,,,,,,
267533,2016-04-02,Barcelona,Real Madrid,La Liga,2015/2016,cb471d90-5ee3-4a23-85d7-d39915767e74,2091,2,00:06:26.479000,51,26,Goal Keeper,Barcelona,Claudio Andrés Bravo Muñoz,Goalkeeper,94,Barcelona,0.9,40.4,0.0,,,,,,,,,,,,,,,,,,,,,,,,,
267533,2016-04-02,Barcelona,Real Madrid,La Liga,2015/2016,fcbeef92-5205-4db6-a6a4-14d4bb91a416,2092,2,00:06:32.263000,51,32,Pass,Barcelona,Claudio Andrés Bravo Muñoz,Goalkeeper,95,Barcelona,15.4,36.3,2.211609,,,,Lionel Andrés Messi Cuccittini,41.3,67.8,40.780632,0.8826514,High Pass,,,,,,,,,,,,,,,,
267533,2016-04-02,Barcelona,Real Madrid,La Liga,2015/2016,df2c0d90-aa44-40b5-8222-06602d04fd53,2093,2,00:06:34.475000,51,34,Ball Receipt*,Barcelona,Lionel Andrés Messi Cuccittini,Center Forward,95,Barcelona,41.3,67.8,,,,,,,,,,,,,,,,,,,,,,,,,,
267533,2016-04-02,Barcelona,Real Madrid,La Liga,2015/2016,eff9e5fb-06f9-4f6e-a953-db7748f21aa6,2094,2,00:06:34.475000,51,34,Carry,Barcelona,Lionel Andrés Messi Cuccittini,Center Forward,95,Barcelona,41.3,67.8,4.780159,,,,,,,,,,,53.4,57.0,,,,,,,,,,,,,
267533,2016-04-02,Barcelona,Real Madrid,La Liga,2015/2016,e6b818ca-2705-491c-a4dc-14241fda25ea,2095,2,00:06:39.255000,51,39,Pass,Barcelona,Lionel Andrés Messi Cuccittini,Center Forward,95,Barcelona,53.4,57.0,1.176632,,,,Daniel Alves da Silva,58.3,51.2,7.5927596,-0.86931276,Ground Pass,,,,,,,,,,,,,,,,
267533,2016-04-02,Barcelona,Real Madrid,La Liga,2015/2016,ec981dcc-0bd9-4c98-8364-9929330afbc3,2096,2,00:06:40.431000,51,40,Ball Receipt*,Barcelona,Daniel Alves da Silva,Right Back,95,Barcelona,58.3,51.2,,,,,,,,,,,,,,,,,,,,,,,,,,
267533,2016-04-02,Barcelona,Real Madrid,La Liga,2015/2016,7f059803-c59d-44c7-9ac6-a013ef6eafc2,2097,2,00:06:40.431000,51,40,Carry,Barcelona,Daniel Alves da Silva,Right Back,95,Barcelona,58.3,51.2,0.040000003,,,,,,,,,,,58.2,50.4,,,,,,,,,,,,,
267533,2016-04-02,Barcelona,Real Madrid,La Liga,2015/2016,344e94f8-73de-49ad-84f4-13a15a51770c,2098,2,00:06:40.471000,51,40,Pass,Barcelona,Daniel Alves da Silva,Right Back,95,Barcelona,58.2,50.4,0.666436,,,,Lionel Andrés Messi Cuccittini,55.4,53.6,4.2520585,2.2896264,Ground Pass,,,,,,,,,,,,,,,,
267533,2016-04-02,Barcelona,Real Madrid,La Liga,2015/2016,cd6c4ee4-0ccc-4328-a828-ae4744eb5d3e,2099,2,00:06:41.138000,51,41,Ball Receipt*,Barcelona,Lionel Andrés Messi Cuccittini,Center Forward,95,Barcelona,55.4,53.6,,,,,,,,,,,,,,,,,,,,,,,,,,
267533,2016-04-02,Barcelona,Real Madrid,La Liga,2015/2016,f7776304-b3e4-4b77-83df-b3d5ddfc30a6,2100,2,00:06:41.138000,51,41,Carry,Barcelona,Lionel Andrés Messi Cuccittini,Center Forward,95,Barcelona,55.4,53.6,4.025764,,,,,,,,,,,72.7,41.4,,,,,,,,,,,,,
267533,2016-04-02,Barcelona,Real Madrid,La Liga,2015/2016,ce1d2fcc-4a0a-4551-8728-ec095cd8f80c,2101,2,00:06:45.164000,51,45,Pass,Barcelona,Lionel Andrés Messi Cuccittini,Center Forward,95,Barcelona,72.7,41.4,2.844142,,,,Luis Alberto Suárez Díaz,104.9,48.1,32.889664,0.20514734,High Pass,Incomplete,,,,,,,,,,,,,,,
267533,2016-04-02,Barcelona,Real Madrid,La Liga,2015/2016,0eeb558f-79b3-4199-80f9-9a9455230ec9,2102,2,00:06:48.008000,51,48,Ball Receipt*,Barcelona,Luis Alberto Suárez Díaz,Right Wing,95,Barcelona,100.3,45.7,,,,,,,,,,,,,,,,,,,,,,,,,,
267533,2016-04-02,Barcelona,Real Madrid,La Liga,2015/2016,0a3547ae-c333-4245-9eca-13186abdb525,2103,2,00:06:48.008000,51,48,Ball Recovery,Real Madrid,Keylor Navas Gamboa,Goalkeeper,95,Barcelona,15.2,32.0,0.0,,,,,,,,,,,,,,,,,,,,,,,,,
267533,2016-04-02,Barcelona,Real Madrid,La Liga,2015/2016,2717e255-f89f-452c-81e2-bd0ec8e83dd6,2104,2,00:07:01.652000,52,1,Pass,Real Madrid,Keylor Navas Gamboa,Goalkeeper,95,Barcelona,14.7,33.0,2.881493,,True,,,47.4,37.3,32.98151,0.13074829,High Pass,Incomplete,,,,,,,,,,,,,,,
267533,2016-04-02,Barcelona,Real Madrid,La Liga,2015/2016,a71f342e-a932-49d3-beb4-8ed4e706b9e3,2105,2,00:07:04.455000,52,4,Pressure,Real Madrid,Cristiano Ronaldo dos Santos Aveiro,Left Wing,95,Barcelona,56.4,53.0,0.8861,,,,,,,,,,,,,,,,,,,,,,,,,
267533,2016-04-02,Barcelona,Real Madrid,La Liga,2015/2016,7d033dbe-b481-447c-ad90-d9e7ab68f5db,2106,2,00:07:04.533000,52,4,Ball Recovery,Barcelona,Andrés Iniesta Luján,Left Center Midfield,95,Barcelona,72.7,42.8,0.0,True,,,,,,,,,,,,,,,,,,,,,,,,
267533,2016-04-02,Barcelona,Real Madrid,La Liga,2015/2016,065d87a7-901c-44a5-a23d-1a050ff628a9,2107,2,00:07:04.533000,52,4,Carry,Barcelona,Andrés Iniesta Luján,Left Center Midfield,95,Barcelona,72.7,42.8,2.588038,True,,,,,,,,,,72.5,30.1,,,,,,,,,,,,,
267533,2016-04-02,Barcelona,Real Madrid,La Liga,2015/2016,c337f318-fc06-42d1-a8cf-cb7fdad4fba3,2108,2,00:07:07.121000,52,7,Pass,Barcelona,Andrés Iniesta Luján,Left Center Midfield,95,Barcelona,72.5,30.1,0.941944,,,,Lionel Andrés Messi Cuccittini,83.7,39.8,14.816545,0.71375066,Ground Pass,,,,,,,,,,,,,,,,
267533,2016-04-02,Barcelona,Real Madrid,La Liga,2015/2016,252c1c6c-a533-47ad-bf9d-0288d4d67086,2109,2,00:07:08.063000,52,8,Ball Receipt*,Barcelona,Lionel Andrés Messi Cuccittini,Center Forward,95,Barcelona,83.7,39.8,,,,,,,,,,,,,,,,,,,,,,,,,,
267533,2016-04-02,Barcelona,Real Madrid,La Liga,2015/2016,56559096-ae26-4ed4-9bfc-c1f15d83fc0d,2110,2,00:07:08.063000,52,8,Carry,Barcelona,Lionel Andrés Messi Cuccittini,Center Forward,95,Barcelona,83.7,39.8,3.992968,,,,,,,,,,,84.7,27.8,,,,,,,,,,,,,
267533,2016-04-02,Barcelona,Real Madrid,La Liga,2015/2016,f74d4f9e-58b7-40c7-bfa7-86877bdc9635,2111,2,00:07:12.056000,52,12,Pass,Barcelona,Lionel Andrés Messi Cuccittini,Center Forward,95,Barcelona,84.7,27.8,0.862279,,,,Neymar da Silva Santos Junior,96.1,21.3,13.122881,-0.51820093,Ground Pass,,,,,,,,,,,,,,,,
267533,2016-04-02,Barcelona,Real Madrid,La Liga,2015/2016,bbc73bbe-685d-4d93-b2f4-0c100bb14a42,2112,2,00:07:12.918000,52,12,Ball Receipt*,Barcelona,Neymar da Silva Santos Junior,Left Wing,95,Barcelona,96.1,21.3,,,,,,,,,,,,,,,,,,,,,,,,,,
267533,2016-04-02,Barcelona,Real Madrid,La Liga,2015/2016,4eeaad78-788b-4d58-a1ca-8ff9b10f0a6f,2113,2,00:07:12.918000,52,12,Carry,Barcelona,Neymar da Silva Santos Junior,Left Wing,95,Barcelona,96.1,21.3,0.718308,True,,,,,,,,,,93.4,23.5,,,,,,,,,,,,,
267533,2016-04-02,Barcelona,Real Madrid,La Liga,2015/2016,14eb3171-b32b-4305-8feb-0716b062672d,2114,2,00:07:12.975000,52,12,Pressure,Real Madrid,Daniel Carvajal Ramos,Right Back,95,Barcelona,21.3,55.4,0.37044,,,,,,,,,,,,,,,,,,,,,,,,,
267533,2016-04-02,Barcelona,Real Madrid,La Liga,2015/2016,0df2db09-d5c6-41d6-8768-963986dfc5c3,2115,2,00:07:13.637000,52,13,Miscontrol,Barcelona,Neymar da Silva Santos Junior,Left Wing,95,Barcelona,93.4,23.5,0.0,,,,,,,,,,,,,,,,,,,,,,,,,
267533,2016-04-02,Barcelona,Real Madrid,La Liga,2015/2016,1e12ac19-da73-4876-92cc-04f09e299547,2116,2,00:07:14.321000,52,14,Pass,Real Madrid,Carlos Henrique Casimiro,Center Defensive Midfield,96,Real Madrid,28.7,55.2,0.480175,,,,Daniel Carvajal Ramos,26.9,54.7,1.8681542,-2.8706458,Ground Pass,,,,,,,,,,,,,,,,
267533,2016-04-02,Barcelona,Real Madrid,La Liga,2015/2016,ed919998-272e-498e-b06e-e5a00792a66d,2117,2,00:07:14.801000,52,14,Ball Receipt*,Real Madrid,Daniel Carvajal Ramos,Right Back,96,Real Madrid,26.9,54.7,,,,,,,,,,,,,,,,,,,,,,,,,,
267533,2016-04-02,Barcelona,Real Madrid,La Liga,2015/2016,bd7d8de8-107c-4068-a120-87f7cdd1cdd9,2118,2,00:07:14.801000,52,14,Carry,Real Madrid,Daniel Carvajal Ramos,Right Back,96,Real Madrid,26.9,54.7,0.950155,,,,,,,,,,,26.9,54.7,,,,,,,,,,,,,
267533,2016-04-02,Barcelona,Real Madrid,La Liga,2015/2016,ffc22037-8e7b-426c-9260-2a71e612a39a,2119,2,00:07:15.751000,52,15,Pass,Real Madrid,Daniel Carvajal Ramos,Right Back,96,Real Madrid,26.9,54.7,0.397228,,,,Toni Kroos,28.8,46.1,8.807384,-1.3533589,Ground Pass,,,,,,,,,,,,,,,,
267533,2016-04-02,Barcelona,Real Madrid,La Liga,2015/2016,e1cf8725-461e-490b-b9b9-ab437b102a67,2120,2,00:07:16.148000,52,16,Ball Receipt*,Real Madrid,Toni Kroos,Left Center Midfield,96,Real Madrid,28.8,46.1,,,,,,,,,,,,,,,,,,,,,,,,,,
267533,2016-04-02,Barcelona,Real Madrid,La Liga,2015/2016,29b5d348-4ba2-4e23-825c-db977bc99c9a,2121,2,00:07:16.148000,52,16,Carry,Real Madrid,Toni Kroos,Left Center Midfield,96,Real Madrid,28.8,46.1,1.005057,,,,,,,,,,,30.2,38.1,,,,,,,,,,,,,
267533,2016-04-02,Barcelona,Real Madrid,La Liga,2015/2016,9c4095dc-74ea-4d93-8016-e0a0ba08af83,2122,2,00:07:17.153000,52,17,Pass,Real Madrid,Toni Kroos,Left Center Midfield,96,Real Madrid,30.2,38.1,1.074084,,,,Marcelo Vieira da Silva Júnior,29.5,24.0,14.117365,-1.620401,Ground Pass,,,,,,,,,,,,,,,,
267533,2016-04-02,Barcelona,Real Madrid,La Liga,2015/2016,1721cedd-481a-496d-9982-c87ef51c5151,2123,2,00:07:18.227000,52,18,Ball Receipt*,Real Madrid,Marcelo Vieira da Silva Júnior,Left Back,96,Real Madrid,29.5,24.0,,,,,,,,,,,,,,,,,,,,,,,,,,
267533,2016-04-02,Barcelona,Real Madrid,La Liga,2015/2016,2905e66f-7263-4ae4-bff6-7a3353ceb23b,2124,2,00:07:18.227000,52,18,Carry,Real Madrid,Marcelo Vieira da Silva Júnior,Left Back,96,Real Madrid,29.5,24.0,1.855664,True,,,,,,,,,,47.0,24.5,,,,,,,,,,,,,
267533,2016-04-02,Barcelona,Real Madrid,La Liga,2015/2016,bc0d3f2f-7b05-471b-bfa3-69c73ed9c301,2125,2,00:07:18.746000,52,18,Pressure,Barcelona,Ivan Rakitić,Right Center Midfield,96,Real Madrid,85.6,53.3,1.277957,,,,,,,,,,,,,,,,,,,,,,,,,
267533,2016-04-02,Barcelona,Real Madrid,La Liga,2015/2016,aebc40aa-941b-4273-9b11-3b9917d0a383,2126,2,00:07:20.083000,52,20,Foul Committed,Barcelona,Ivan Rakitić,Right Center Midfield,96,Real Madrid,73.1,55.6,0.0,,,,,,,,,,,,,,,,,,,,,,,,,
267533,2016-04-02,Barcelona,Real Madrid,La Liga,2015/2016,01aefb9f-fb50-4553-8b3a-5c75a72e56b1,2127,2,00:07:20.083000,52,20,Foul Won,Real Madrid,Marcelo Vieira da Silva Júnior,Left Back,96,Real Madrid,47.0,24.5,0.0,True,,,,,,,,,,,,,,,,,,,,,,,,
267533,2016-04-02,Barcelona,Real Madrid,La Liga,2015/2016,247da899-0c1c-4096-a5b7-c3e5cd48d755,2128,2,00:07:24.272000,52,24,Pass,Real Madrid,Marcelo Vieira da Silva Júnior,Left Back,97,Real Madrid,53.8,27.9,2.852227,,,,Karim Benzema,84.4,3.7,39.012817,-0.6691365,High Pass,,,,,,,,,,,,,,,,
267533,2016-04-02,Barcelona,Real Madrid,La Liga,2015/2016,3f272e4f-81f8-4466-b7fa-9dd047baa2a1,2129,2,00:07:27.124000,52,27,Ball Receipt*,Real Madrid,Karim Benzema,Center Forward,97,Real Madrid,84.4,3.7,,,,,,,,,,,,,,,,,,,,,,,,,,
267533,2016-04-02,Barcelona,Real Madrid,La Liga,2015/2016,58068bd4-55b0-4354-99c8-e6b2fdd69dfa,2130,2,00:07:27.124000,52,27,Carry,Real Madrid,Karim Benzema,Center Forward,97,Real Madrid,84.4,3.7,5.542673,True,,,,,,,,,,109.5,15.1,,,,,,,,,,,,,
267533,2016-04-02,Barcelona,Real Madrid,La Liga,2015/2016,bffd3b7d-6acb-4f43-89d1-45bad4663f3a,2131,2,00:07:29.944000,52,29,Pressure,Barcelona,Daniel Alves da Silva,Right Back,97,Real Madrid,15.2,61.8,2.416881,,,,,,,,,,,,,,,,,,,,,,,,,
267533,2016-04-02,Barcelona,Real Madrid,La Liga,2015/2016,60034eaa-dabb-48be-a902-2d1bf8c02ace,2132,2,00:07:32.072000,52,32,Pressure,Barcelona,Ivan Rakitić,Right Center Midfield,97,Real Madrid,11.0,65.3,0.467187,,,,,,,,,,,,,,,,,,,,,,,,,
267533,2016-04-02,Barcelona,Real Madrid,La Liga,2015/2016,9fc80e36-b607-4927-a067-b202e5db8f50,2133,2,00:07:32.667000,52,32,Dispossessed,Real Madrid,Karim Benzema,Center Forward,97,Real Madrid,109.5,15.1,0.0,True,,,,,,,,,,,,,,,,,,,,,,,,
267533,2016-04-02,Barcelona,Real Madrid,La Liga,2015/2016,84e2e9fc-6ea7-4794-84b0-9a2ca60f2f8d,2134,2,00:07:32.667000,52,32,Duel,Barcelona,Ivan Rakitić,Right Center Midfield,97,Real Madrid,10.6,65.0,0.0,True,,,,,,,,,,,,,,,,Tackle,Lost Out,,,,,,,
267533,2016-04-02,Barcelona,Real Madrid,La Liga,2015/2016,9c1c9c8f-ac02-4ba8-885f-1e1df84e0111,2135,2,00:07:45.885000,52,45,Pass,Real Madrid,Marcelo Vieira da Silva Júnior,Left Back,98,Real Madrid,91.8,0.1,1.629871,,,,Carlos Henrique Casimiro,79.8,14.2,18.51513,2.2759078,Low Pass,,,,,,,,,,,,,,,,
267533,2016-04-02,Barcelona,Real Madrid,La Liga,2015/2016,d8d75cfb-6ea9-472b-99db-14b2c4a90ce9,2136,2,00:07:47.514000,52,47,Ball Receipt*,Real Madrid,Carlos Henrique Casimiro,Center Defensive Midfield,98,Real Madrid,79.8,14.2,,,,,,,,,,,,,,,,,,,,,,,,,,
267533,2016-04-02,Barcelona,Real Madrid,La Liga,2015/2016,fd052d73-a97a-45ec-8736-1a3d6f53f35b,2137,2,00:07:47.514000,52,47,Carry,Real Madrid,Carlos Henrique Casimiro,Center Defensive Midfield,98,Real Madrid,79.8,14.2,0.715345,,,,,,,,,,,80.1,14.4,,,,,,,,,,,,,
267533,2016-04-02,Barcelona,Real Madrid,La Liga,2015/2016,37ced1c7-a1ff-4750-8488-a3a5eb8c915b,2138,2,00:07:48.230000,52,48,Pass,Real Madrid,Carlos Henrique Casimiro,Center Defensive Midfield,98,Real Madrid,80.1,14.4,1.331723,,,,Marcelo Vieira da Silva Júnior,84.6,4.7,10.692988,-1.1364291,Ground Pass,Incomplete,,,,,,,,,,,,,,,
267533,2016-04-02,Barcelona,Real Madrid,La Liga,2015/2016,651b807a-da01-4c85-954b-251e99669d3b,2139,2,00:07:49.562000,52,49,Ball Receipt*,Real Madrid,Marcelo Vieira da Silva Júnior,Left Back,98,Real Madrid,84.6,2.1,,,,,,,,,,,,,,,,,,,,,,,,,,
267533,2016-04-02,Barcelona,Real Madrid,La Liga,2015/2016,9d52ce9e-1a75-4df1-b010-a97f9d722371,2140,2,00:07:49.562000,52,49,Pass,Barcelona,Ivan Rakitić,Right Center Midfield,99,Barcelona,35.5,75.4,0.94429,,,,Sergio Busquets i Burgos,33.5,64.7,10.885311,-1.75558,Ground Pass,,,,,,,,,,,,,,,,
267533,2016-04-02,Barcelona,Real Madrid,La Liga,2015/2016,266456f8-37b7-47ee-ac12-b8a86311e8d4,2141,2,00:07:50.506000,52,50,Ball Receipt*,Barcelona,Sergio Busquets i Burgos,Center Defensive Midfield,99,Barcelona,33.5,64.7,,,,,,,,,,,,,,,,,,,,,,,,,,
267533,2016-04-02,Barcelona,Real Madrid,La Liga,2015/2016,55bb83f6-e330-4492-86f7-cbd0fe86039b,2142,2,00:07:50.506000,52,50,Carry,Barcelona,Sergio Busquets i Burgos,Center Defensive Midfield,99,Barcelona,33.5,64.7,0.752459,,,,,,,,,,,35.9,64.3,,,,,,,,,,,,,
267533,2016-04-02,Barcelona,Real Madrid,La Liga,2015/2016,e1c93173-0e27-429b-ab23-aec1e12d7c90,2143,2,00:07:51.258000,52,51,Pass,Barcelona,Sergio Busquets i Burgos,Center Defensive Midfield,99,Barcelona,35.9,64.3,0.881852,,,,Lionel Andrés Messi Cuccittini,50.0,59.4,14.927156,-0.33446175,Ground Pass,,,,,,,,,,,,,,,,
267533,2016-04-02,Barcelona,Real Madrid,La Liga,2015/2016,1de8dac0-d679-4378-b0ab-7527049b6850,2144,2,00:07:52.140000,52,52,Ball Receipt*,Barcelona,Lionel Andrés Messi Cuccittini,Center Forward,99,Barcelona,50.0,59.4,,,,,,,,,,,,,,,,,,,,,,,,,,
267533,2016-04-02,Barcelona,Real Madrid,La Liga,2015/2016,e3538d68-46c0-4795-9ccf-7ac62180981f,2145,2,00:07:52.140000,52,52,Carry,Barcelona,Lionel Andrés Messi Cuccittini,Center Forward,99,Barcelona,50.0,59.4,3.645968,,,,,,,,,,,36.6,47.4,,,,,,,,,,,,,
267533,2016-04-02,Barcelona,Real Madrid,La Liga,2015/2016,02b61543-aae7-4fab-95d2-668b9e641592,2146,2,00:07:55.786000,52,55,Pass,Barcelona,Lionel Andrés Messi Cuccittini,Center Forward,99,Barcelona,36.6,47.4,1.175348,,,,Jordi Alba Ramos,48.2,17.9,31.698738,-1.1961482,Ground Pass,,,,,,,,,,,,,,,,
267533,2016-04-02,Barcelona,Real Madrid,La Liga,2015/2016,f1acf90d-84d8-4b3a-a260-ea0b0964c0d3,2147,2,00:07:56.961000,52,56,Ball Receipt*,Barcelona,Jordi Alba Ramos,Left Back,99,Barcelona,48.2,17.9,,,,,,,,,,,,,,,,,,,,,,,,,,
267533,2016-04-02,Barcelona,Real Madrid,La Liga,2015/2016,6115be84-44cf-40d4-b84d-8b1f3f7972f3,2148,2,00:07:56.961000,52,56,Carry,Barcelona,Jordi Alba Ramos,Left Back,99,Barcelona,48.2,17.9,3.163291,,,,,,,,,,,65.8,16.5,,,,,,,,,,,,,
267533,2016-04-02,Barcelona,Real Madrid,La Liga,2015/2016,e22c61ec-c8af-42b3-9ffc-279db1bcca74,2149,2,00:08:00.125000,53,0,Pass,Barcelona,Jordi Alba Ramos,Left Back,99,Barcelona,65.8,16.5,1.452113,,,,Andrés Iniesta Luján,63.5,28.3,12.022063,1.7632979,Ground Pass,,,,,,,,,,,,,,,,
267533,2016-04-02,Barcelona,Real Madrid,La Liga,2015/2016,4aa5e16a-982f-4730-bee1-34ecf68566bc,2150,2,00:08:01.577000,53,1,Ball Receipt*,Barcelona,Andrés Iniesta Luján,Left Center Midfield,99,Barcelona,63.5,28.3,,,,,,,,,,,,,,,,,,,,,,,,,,
267533,2016-04-02,Barcelona,Real Madrid,La Liga,2015/2016,f37b4943-5a55-40ea-9c5a-c8f194dfbc50,2151,2,00:08:01.577000,53,1,Carry,Barcelona,Andrés Iniesta Luján,Left Center Midfield,99,Barcelona,63.5,28.3,2.886723,,,,,,,,,,,75.2,30.6,,,,,,,,,,,,,
267533,2016-04-02,Barcelona,Real Madrid,La Liga,2015/2016,d4eb5ba7-fb19-494a-a267-d643879e4f19,2152,2,00:08:04.464000,53,4,Pass,Barcelona,Andrés Iniesta Luján,Left Center Midfield,99,Barcelona,75.2,30.6,1.922374,,,,Daniel Alves da Silva,76.2,59.1,28.517538,1.535723,Low Pass,,,,,,,,,,,,,,,,
267533,2016-04-02,Barcelona,Real Madrid,La Liga,2015/2016,05073275-d512-41af-a532-50b376d7064c,2153,2,00:08:06.386000,53,6,Ball Receipt*,Barcelona,Daniel Alves da Silva,Right Back,99,Barcelona,76.2,59.1,,,,,,,,,,,,,,,,,,,,,,,,,,
267533,2016-04-02,Barcelona,Real Madrid,La Liga,2015/2016,abe263c5-618d-4328-b5bd-385230369826,2154,2,00:08:06.386000,53,6,Carry,Barcelona,Daniel Alves da Silva,Right Back,99,Barcelona,76.2,59.1,2.603382,,,,,,,,,,,91.0,61.2,,,,,,,,,,,,,
267533,2016-04-02,Barcelona,Real Madrid,La Liga,2015/2016,1c818a8f-aabc-4ccb-9b26-0032deba1cb0,2155,2,00:08:08.989000,53,8,Shot,Barcelona,Daniel Alves da Silva,Right Back,99,Barcelona,91.0,61.2,0.4053,,,,,,,,,,,,,0.00573466,Blocked,Right Foot,Normal,,,,,,,,,
267533,2016-04-02,Barcelona,Real Madrid,La Liga,2015/2016,dbb42eae-c3e4-4293-8702-e72ef9001dc2,2156,2,00:08:09.395000,53,9,Block,Real Madrid,Sergio Ramos García,Left Center Back,99,Barcelona,18.1,26.6,0.0,,,,,,,,,,,,,,,,,,,,,,,,,
267533,2016-04-02,Barcelona,Real Madrid,La Liga,2015/2016,fd54b603-6890-425d-aa0a-c1d3d2973925,2157,2,00:08:09.497000,53,9,Goal Keeper,Real Madrid,Keylor Navas Gamboa,Goalkeeper,99,Barcelona,1.6,37.5,0.0,,,,,,,,,,,,,,,,,,,,,,,,,
267533,2016-04-02,Barcelona,Real Madrid,La Liga,2015/2016,243a962d-f2fe-47f7-96c1-7b1bfe4b0420,2158,2,00:08:11.232000,53,11,Ball Recovery,Barcelona,Andrés Iniesta Luján,Left Center Midfield,99,Barcelona,79.9,27.3,0.0,,,,,,,,,,,,,,,,,,,,,,,,,
267533,2016-04-02,Barcelona,Real Madrid,La Liga,2015/2016,84bde212-234c-4dcb-9378-a9b89750dabd,2159,2,00:08:13.029000,53,13,Ball Recovery,Real Madrid,Cristiano Ronaldo dos Santos Aveiro,Left Wing,100,Real Madrid,44.6,61.2,0.0,,,,,,,,,,,,,,,,,,,,,,,,,
267533,2016-04-02,Barcelona,Real Madrid,La Liga,2015/2016,14a6c25a-a6da-4b94-accb-13b6b726f014,2160,2,00:08:13.029000,53,13,Carry,Real Madrid,Cristiano Ronaldo dos Santos Aveiro,Left Wing,100,Real Madrid,44.6,61.2,1.16862,,,,,,,,,,,50.8,60.2,,,,,,,,,,,,,
267533,2016-04-02,Barcelona,Real Madrid,La Liga,2015/2016,a0375709-800a-43ae-9a36-c95bca9c18a4,2161,2,00:08:14.197000,53,14,Pass,Real Madrid,Cristiano Ronaldo dos Santos Aveiro,Left Wing,100,Real Madrid,50.8,60.2,2.51403,,,,Karim Benzema,79.4,69.3,30.01283,0.30805278,Low Pass,,,,,,,,,,,,,,,,
267533,2016-04-02,Barcelona,Real Madrid,La Liga,2015/2016,92c91e14-976e-44e6-aeaf-c21d8f08a4ad,2162,2,00:08:16.711000,53,16,Ball Receipt*,Real Madrid,Karim Benzema,Center Forward,100,Real Madrid,79.4,69.3,,,,,,,,,,,,,,,,,,,,,,,,,,
267533,2016-04-02,Barcelona,Real Madrid,La Liga,2015/2016,9e4741fd-97e8-4d47-abd8-59a524be802a,2163,2,00:08:16.711000,53,16,Carry,Real Madrid,Karim Benzema,Center Forward,100,Real Madrid,79.4,69.3,7.271714,True,,,,,,,,,,92.8,67.5,,,,,,,,,,,,,
267533,2016-04-02,Barcelona,Real Madrid,La Liga,2015/2016,46270bb5-210d-4f32-92f6-c93676a5fbc1,2164,2,00:08:21.730000,53,21,Pressure,Barcelona,Javier Alejandro Mascherano,Left Center Back,100,Real Madrid,21.6,9.4,2.801225,,,,,,,,,,,,,,,,,,,,,,,,,
267533,2016-04-02,Barcelona,Real Madrid,La Liga,2015/2016,fd4b1be3-db79-4091-89f2-0192259f3176,2165,2,00:08:23.983000,53,23,Pass,Real Madrid,Karim Benzema,Center Forward,100,Real Madrid,92.8,67.5,1.319462,True,,,Gareth Frank Bale,86.0,73.0,8.745856,2.4614947,Ground Pass,,,,,,,,,,,,,,,,
267533,2016-04-02,Barcelona,Real Madrid,La Liga,2015/2016,5eec400d-1117-472c-9bd7-e832bb07ccce,2166,2,00:08:25.303000,53,25,Ball Receipt*,Real Madrid,Gareth Frank Bale,Right Wing,100,Real Madrid,86.0,73.0,,,,,,,,,,,,,,,,,,,,,,,,,,
267533,2016-04-02,Barcelona,Real Madrid,La Liga,2015/2016,dd1cd56b-8106-47ed-bfb7-9b4fca8fd9b7,2167,2,00:08:25.303000,53,25,Carry,Real Madrid,Gareth Frank Bale,Right Wing,100,Real Madrid,86.0,73.0,0.817043,,,,,,,,,,,84.6,73.7,,,,,,,,,,,,,
267533,2016-04-02,Barcelona,Real Madrid,La Liga,2015/2016,92bb86f6-56e6-4133-9763-e54371efe5fc,2168,2,00:08:26.120000,53,26,Pass,Real Madrid,Gareth Frank Bale,Right Wing,100,Real Madrid,84.6,73.7,1.351212,,,,Luka Modrić,76.0,65.9,11.61034,-2.4049363,Ground Pass,,,,,,,,,,,,,,,,
267533,2016-04-02,Barcelona,Real Madrid,La Liga,2015/2016,92f5f5a8-bd3c-4b6f-a756-868c03db4130,2169,2,00:08:27.471000,53,27,Ball Receipt*,Real Madrid,Luka Modrić,Right Center Midfield,100,Real Madrid,76.0,65.9,,,,,,,,,,,,,,,,,,,,,,,,,,
267533,2016-04-02,Barcelona,Real Madrid,La Liga,2015/2016,ca8d6f50-d81b-4995-a91c-1da0f1d33487,2170,2,00:08:27.471000,53,27,Carry,Real Madrid,Luka Modrić,Right Center Midfield,100,Real Madrid,76.0,65.9,1.223592,,,,,,,,,,,75.0,59.9,,,,,,,,,,,,,
267533,2016-04-02,Barcelona,Real Madrid,La Liga,2015/2016,81e5aa49-7e55-4004-84b5-77b858448d14,2171,2,00:08:28.694000,53,28,Pass,Real Madrid,Luka Modrić,Right Center Midfield,100,Real Madrid,75.0,59.9,0.713365,,,,Toni Kroos,73.1,49.3,10.768937,-1.7481581,Ground Pass,,,,,,,,,,,,,,,,
267533,2016-04-02,Barcelona,Real Madrid,La Liga,2015/2016,fab8a18a-1405-4987-ab1e-3efeb4282f68,2172,2,00:08:29.408000,53,29,Ball Receipt*,Real Madrid,Toni Kroos,Left Center Midfield,100,Real Madrid,73.1,49.3,,,,,,,,,,,,,,,,,,,,,,,,,,
267533,2016-04-02,Barcelona,Real Madrid,La Liga,2015/2016,2c800ab3-118d-480b-9237-2b8120821182,2173,2,00:08:29.408000,53,29,Carry,Real Madrid,Toni Kroos,Left Center Midfield,100,Real Madrid,73.1,49.3,1.153482,,,,,,,,,,,75.3,47.1,,,,,,,,,,,,,
267533,2016-04-02,Barcelona,Real Madrid,La Liga,2015/2016,93edb9ad-05dc-476b-99d8-b17ac56438ad,2174,2,00:08:30.561000,53,30,Pass,Real Madrid,Toni Kroos,Left Center Midfield,100,Real Madrid,75.3,47.1,2.6184,,,,Marcelo Vieira da Silva Júnior,91.8,5.7,44.566917,-1.19154,High Pass,,,,,,,,,,,,,,,,
267533,2016-04-02,Barcelona,Real Madrid,La Liga,2015/2016,47daa08f-609d-4f25-a57f-c80ec0e58c9c,2175,2,00:08:32.738000,53,32,Pressure,Barcelona,Luis Alberto Suárez Díaz,Right Wing,100,Real Madrid,28.3,70.8,0.755838,,,,,,,,,,,,,,,,,,,,,,,,,
267533,2016-04-02,Barcelona,Real Madrid,La Liga,2015/2016,9f42e462-2f8f-4791-a0af-3a40386bf324,2176,2,00:08:33.180000,53,33,Ball Receipt*,Real Madrid,Marcelo Vieira da Silva Júnior,Left Back,100,Real Madrid,91.8,5.7,,True,,,,,,,,,,,,,,,,,,,,,,,,
267533,2016-04-02,Barcelona,Real Madrid,La Liga,2015/2016,f76fbc4d-6df5-4eec-b0f4-9716f16aa279,2177,2,00:08:33.180000,53,33,Carry,Real Madrid,Marcelo Vieira da Silva Júnior,Left Back,100,Real Madrid,91.8,5.7,2.003998,True,,,,,,,,,,82.0,1.1,,,,,,,,,,,,,
267533,2016-04-02,Barcelona,Real Madrid,La Liga,2015/2016,214852c8-cd03-41b7-9f54-9500700f3cef,2178,2,00:08:35.184000,53,35,Dispossessed,Real Madrid,Marcelo Vieira da Silva Júnior,Left Back,100,Real Madrid,82.0,1.1,0.0,True,,,,,,,,,,,,,,,,,,,,,,,,
267533,2016-04-02,Barcelona,Real Madrid,La Liga,2015/2016,90cc58d5-d90b-4f66-8f6f-94820c5063b4,2179,2,00:08:35.184000,53,35,Duel,Barcelona,Luis Alberto Suárez Díaz,Right Wing,100,Real Madrid,38.1,79.0,0.0,True,,,,,,,,,,,,,,,,Tackle,Lost In Play,,,,,,,
267533,2016-04-02,Barcelona,Real Madrid,La Liga,2015/2016,9ef764d0-08c9-47ea-903b-48b05c6dcafc,2180,2,00:08:37.192000,53,37,Ball Recovery,Real Madrid,Sergio Ramos García,Left Center Back,100,Real Madrid,70.2,4.2,0.0,,,,,,,,,,,,,,,,,,,,,,,,,
267533,2016-04-02,Barcelona,Real Madrid,La Liga,2015/2016,3aab9db5-930c-43ba-9195-547fa7bcb7c5,2181,2,00:08:37.192000,53,37,Carry,Real Madrid,Sergio Ramos García,Left Center Back,100,Real Madrid,70.2,4.2,0.3294,,,,,,,,,,,70.5,4.1,,,,,,,,,,,,,
267533,2016-04-02,Barcelona,Real Madrid,La Liga,2015/2016,fb8580d2-75cb-40ab-beb0-21fa2f668f43,2182,2,00:08:37.521000,53,37,Dispossessed,Real Madrid,Sergio Ramos García,Left Center Back,100,Real Madrid,70.5,4.1,0.0,True,,,,,,,,,,,,,,,,,,,,,,,,
267533,2016-04-02,Barcelona,Real Madrid,La Liga,2015/2016,d6722798-8488-44d6-aa94-7f091b906504,2183,2,00:08:37.521000,53,37,Duel,Barcelona,Luis Alberto Suárez Díaz,Right Wing,101,Barcelona,49.6,76.0,0.0,True,,,,,,,,,,,,,,,,Tackle,Won,,,,,,,
267533,2016-04-02,Barcelona,Real Madrid,La Liga,2015/2016,8ebf3050-b974-4272-96df-e0cbfd4e5d14,2184,2,00:08:37.521000,53,37,Carry,Barcelona,Luis Alberto Suárez Díaz,Right Wing,101,Barcelona,49.6,76.0,0.607,True,,,,,,,,,,49.6,76.0,,,,,,,,,,,,,
267533,2016-04-02,Barcelona,Real Madrid,La Liga,2015/2016,8abca634-8ba5-4735-9d86-f50aa68f8dc2,2185,2,00:08:38.128000,53,38,Foul Committed,Real Madrid,Sergio Ramos García,Left Center Back,101,Barcelona,70.5,4.1,0.0,,,,,,,,,,,,,,,,,,,,,,,,,
267533,2016-04-02,Barcelona,Real Madrid,La Liga,2015/2016,d0027bf4-813a-42ee-9327-dd6cbf0f1fd8,2186,2,00:08:38.128000,53,38,Foul Won,Barcelona,Luis Alberto Suárez Díaz,Right Wing,101,Barcelona,49.6,76.0,0.0,True,,,,,,,,,,,,,,,,,,,,,True,,,
267533,2016-04-02,Barcelona,Real Madrid,La Liga,2015/2016,73c3cf25-adec-4d3b-9d74-21e9b190b72c,2187,2,00:08:38.128000,53,38,Carry,Barcelona,Luis Alberto Suárez Díaz,Right Wing,101,Barcelona,49.6,76.0,1.177256,True,,,,,,,,,,48.6,73.9,,,,,,,,,,,,,
267533,2016-04-02,Barcelona,Real Madrid,La Liga,2015/2016,ca2ff929-9381-4f9f-88f1-1b4a127daf66,2188,2,00:08:39.305000,53,39,Pass,Barcelona,Luis Alberto Suárez Díaz,Right Wing,101,Barcelona,48.6,73.9,1.232993,,,,Ivan Rakitić,45.6,64.5,9.867117,-1.8797271,Ground Pass,,,,,,,,,,,,,,,,
267533,2016-04-02,Barcelona,Real Madrid,La Liga,2015/2016,5a3c80e4-89c7-4792-8c01-3c9750bd7942,2189,2,00:08:40.538000,53,40,Ball Receipt*,Barcelona,Ivan Rakitić,Right Center Midfield,101,Barcelona,45.6,64.5,,,,,,,,,,,,,,,,,,,,,,,,,,
267533,2016-04-02,Barcelona,Real Madrid,La Liga,2015/2016,2b3113c4-a819-4329-96d1-658295025941,2190,2,00:08:40.538000,53,40,Carry,Barcelona,Ivan Rakitić,Right Center Midfield,101,Barcelona,45.6,64.5,1.168749,,,,,,,,,,,50.4,65.3,,,,,,,,,,,,,
267533,2016-04-02,Barcelona,Real Madrid,La Liga,2015/2016,394bebbc-16ab-49da-bba7-a85add8e8aa3,2191,2,00:08:41.707000,53,41,Pass,Barcelona,Ivan Rakitić,Right Center Midfield,101,Barcelona,50.4,65.3,1.680402,,,,Neymar da Silva Santos Junior,77.1,51.8,29.91889,-0.46813187,Low Pass,,,,,,,,,,,,,,,,
267533,2016-04-02,Barcelona,Real Madrid,La Liga,2015/2016,0dc6ed17-8b7d-4673-9218-c80dc1e97c85,2192,2,00:08:43.388000,53,43,Ball Receipt*,Barcelona,Neymar da Silva Santos Junior,Left Wing,101,Barcelona,77.1,51.8,,,,,,,,,,,,,,,,,,,,,,,,,,
267533,2016-04-02,Barcelona,Real Madrid,La Liga,2015/2016,e64efdf0-8c2d-4f9b-a489-27bc22302f62,2193,2,00:08:43.388000,53,43,Carry,Barcelona,Neymar da Silva Santos Junior,Left Wing,101,Barcelona,77.1,51.8,6.9897,True,,,,,,,,,,92.0,70.5,,,,,,,,,,,,,
267533,2016-04-02,Barcelona,Real Madrid,La Liga,2015/2016,3e4a43af-3306-4158-8787-0b8138371398,2194,2,00:08:45.640000,53,45,Pressure,Real Madrid,Kléper Laveran Lima Ferreira,Right Center Back,101,Barcelona,29.7,19.3,4.914144,,,,,,,,,,,,,,,,,,,,,,,,,
267533,2016-04-02,Barcelona,Real Madrid,La Liga,2015/2016,1f6372ec-7a06-4f1d-895b-5d6703706779,2195,2,00:08:50.377000,53,50,Foul Committed,Real Madrid,Kléper Laveran Lima Ferreira,Right Center Back,101,Barcelona,28.1,9.6,0.0,,,,,,,,,,,,,,,,,,,,,,,,,
267533,2016-04-02,Barcelona,Real Madrid,La Liga,2015/2016,8afcedc7-0736-4da6-b505-146fb95fb5df,2196,2,00:08:50.377000,53,50,Foul Won,Barcelona,Neymar da Silva Santos Junior,Left Wing,101,Barcelona,92.0,70.5,0.0,True,,,,,,,,,,,,,,,,,,,,,True,,,
267533,2016-04-02,Barcelona,Real Madrid,La Liga,2015/2016,3b613df5-5029-490a-804b-27d9ae457efb,2197,2,00:08:50.377000,53,50,Carry,Barcelona,Neymar da Silva Santos Junior,Left Wing,101,Barcelona,92.0,70.5,0.195053,True,,,,,,,,,,92.0,70.5,,,,,,,,,,,,,
267533,2016-04-02,Barcelona,Real Madrid,La Liga,2015/2016,b6bb2a50-daae-4e13-8865-950a91ae6d8e,2198,2,00:08:50.572000,53,50,Pass,Barcelona,Neymar da Silva Santos Junior,Left Wing,101,Barcelona,92.0,70.5,1.423857,,,,Lionel Andrés Messi Cuccittini,84.2,56.3,16.201235,-2.0730987,Low Pass,,,,,,,,,,,,,,,,
267533,2016-04-02,Barcelona,Real Madrid,La Liga,2015/2016,620d3892-09e6-458c-aae3-e106f853c50c,2199,2,00:08:51.660000,53,51,Pressure,Real Madrid,Luka Modrić,Right Center Midfield,101,Barcelona,28.5,24.8,2.059828,,,,,,,,,,,,,,,,,,,,,,,,,
267533,2016-04-02,Barcelona,Real Madrid,La Liga,2015/2016,448f3236-0de5-4393-9ca6-4a8fdd7f9464,2200,2,00:08:51.996000,53,51,Ball Receipt*,Barcelona,Lionel Andrés Messi Cuccittini,Center Forward,101,Barcelona,84.2,56.3,,True,,,,,,,,,,,,,,,,,,,,,,,,
267533,2016-04-02,Barcelona,Real Madrid,La Liga,2015/2016,0a724c14-666e-4bd6-b87f-297ffea03c2e,2201,2,00:08:51.996000,53,51,Carry,Barcelona,Lionel Andrés Messi Cuccittini,Center Forward,101,Barcelona,84.2,56.3,1.891335,True,,,,,,,,,,91.6,35.8,,,,,,,,,,,,,
267533,2016-04-02,Barcelona,Real Madrid,La Liga,2015/2016,433a452d-d517-4654-a957-048be26aaa15,2202,2,00:08:53.888000,53,53,Pass,Barcelona,Lionel Andrés Messi Cuccittini,Center Forward,101,Barcelona,91.6,35.8,0.836419,,,,Luis Alberto Suárez Díaz,104.0,29.1,14.094325,-0.495383,Ground Pass,,,,,,,,,,,,,,,,
267533,2016-04-02,Barcelona,Real Madrid,La Liga,2015/2016,1fb769be-dd41-4b23-a6d6-759e46214de9,2203,2,00:08:54.724000,53,54,Ball Receipt*,Barcelona,Luis Alberto Suárez Díaz,Right Wing,101,Barcelona,104.0,29.1,,,,,,,,,,,,,,,,,,,,,,,,,,
267533,2016-04-02,Barcelona,Real Madrid,La Liga,2015/2016,4d974b8b-9aa7-4d91-819b-9f03070d5b3e,2204,2,00:08:54.724000,53,54,Carry,Barcelona,Luis Alberto Suárez Díaz,Right Wing,101,Barcelona,104.0,29.1,1.052782,,,,,,,,,,,105.5,27.8,,,,,,,,,,,,,
267533,2016-04-02,Barcelona,Real Madrid,La Liga,2015/2016,8501ed4a-18dd-4b57-86ce-ff902d8e73d4,2205,2,00:08:55.777000,53,55,Pass,Barcelona,Luis Alberto Suárez Díaz,Right Wing,101,Barcelona,105.5,27.8,0.536355,,,,Lionel Andrés Messi Cuccittini,102.6,35.6,8.321658,1.9267541,Ground Pass,,,,,,,,,,,,,,,,
267533,2016-04-02,Barcelona,Real Madrid,La Liga,2015/2016,e9e5dc96-7b06-4cb1-a79a-8e8b0af2511f,2206,2,00:08:56.313000,53,56,Ball Receipt*,Barcelona,Lionel Andrés Messi Cuccittini,Center Forward,101,Barcelona,102.6,35.6,,,,,,,,,,,,,,,,,,,,,,,,,,
267533,2016-04-02,Barcelona,Real Madrid,La Liga,2015/2016,898cc37f-f8e7-4809-82a0-205e14de2438,2207,2,00:08:56.313000,53,56,Carry,Barcelona,Lionel Andrés Messi Cuccittini,Center Forward,101,Barcelona,102.6,35.6,0.758999,,,,,,,,,,,102.6,33.9,,,,,,,,,,,,,
267533,2016-04-02,Barcelona,Real Madrid,La Liga,2015/2016,945c0c9e-3df6-4b38-a9e4-7f50cd0e87dd,2208,2,00:08:57.072000,53,57,Shot,Barcelona,Lionel Andrés Messi Cuccittini,Center Forward,101,Barcelona,102.6,33.9,1.0634,,,,,,,,,,,,,0.062282465,Saved,Left Foot,Normal,,,,,,,,,
267533,2016-04-02,Barcelona,Real Madrid,La Liga,2015/2016,0d0e5a5c-536a-402d-898e-29647f9c1376,2209,2,00:08:58.136000,53,58,Goal Keeper,Real Madrid,Keylor Navas Gamboa,Goalkeeper,101,Barcelona,1.2,41.3,0.0,,,,,,,,,,,,,,,,,,,,,,,,,
267533,2016-04-02,Barcelona,Real Madrid,La Liga,2015/2016,5867fdee-40b2-449a-9694-b71864e90106,2210,2,00:09:39.277000,54,39,Pass,Barcelona,Neymar da Silva Santos Junior,Left Wing,102,Barcelona,120.0,80.0,1.1994,,,,Sergio Busquets i Burgos,112.0,43.3,37.561817,-1.7854226,High Pass,,,,,,,,,,,,,,,,
267533,2016-04-02,Barcelona,Real Madrid,La Liga,2015/2016,58aea727-b9f5-41b3-b251-a9ac32f497a6,2211,2,00:09:40.477000,54,40,Ball Receipt*,Barcelona,Sergio Busquets i Burgos,Center Defensive Midfield,102,Barcelona,112.0,43.3,,,,,,,,,,,,,,,,,,,,,,,,,,
267533,2016-04-02,Barcelona,Real Madrid,La Liga,2015/2016,24b2ac67-664b-4980-99a0-e9bbd371743f,2212,2,00:09:40.549000,54,40,Duel,Real Madrid,Cristiano Ronaldo dos Santos Aveiro,Left Wing,102,Barcelona,8.1,36.8,0.0,True,,,,,,,,,,,,,,,,Aerial Lost,,,,,,,,
267533,2016-04-02,Barcelona,Real Madrid,La Liga,2015/2016,6688af99-419a-416e-ae71-1b34a3e85927,2213,2,00:09:40.549000,54,40,Pass,Barcelona,Sergio Busquets i Burgos,Center Defensive Midfield,102,Barcelona,112.0,43.3,0.8442,True,,,,110.7,32.0,11.374533,-1.6853371,High Pass,Incomplete,,,,,,,,,,,,,,,
267533,2016-04-02,Barcelona,Real Madrid,La Liga,2015/2016,79d9c32c-4d72-4574-b660-b2606d48e6bf,2214,2,00:09:41.393000,54,41,Clearance,Real Madrid,Sergio Ramos García,Left Center Back,102,Barcelona,9.4,48.1,0.0,True,,True,,,,,,,,,,,,,,,,,,,,,,
267533,2016-04-02,Barcelona,Real Madrid,La Liga,2015/2016,14ec92a5-bf1d-4044-a01e-79906b412bf7,2215,2,00:10:11.152000,55,11,Pass,Barcelona,Neymar da Silva Santos Junior,Left Wing,103,Barcelona,120.0,0.1,1.0532,,,,Ivan Rakitić,113.1,30.1,30.783276,1.7968647,High Pass,,,,,,,,,,,,,,,,
267533,2016-04-02,Barcelona,Real Madrid,La Liga,2015/2016,511e8153-a640-422e-8103-29829dbb2463,2216,2,00:10:12.205000,55,12,Ball Receipt*,Barcelona,Ivan Rakitić,Right Center Midfield,103,Barcelona,113.1,30.1,,,,,,,,,,,,,,,,,,,,,,,,,,
267533,2016-04-02,Barcelona,Real Madrid,La Liga,2015/2016,ed9a3830-d9c6-408c-a3d5-3d162f644ecf,2217,2,00:10:12.307000,55,12,Pass,Barcelona,Ivan Rakitić,Right Center Midfield,103,Barcelona,113.1,30.1,1.0368,,,,Gerard Piqué Bernabéu,114.7,43.2,13.197349,1.4492608,High Pass,Incomplete,,,,,,,,,,,,,,,
267533,2016-04-02,Barcelona,Real Madrid,La Liga,2015/2016,a4165e30-b2b3-45e0-8d54-9b77194aa226,2218,2,00:10:13.344000,55,13,Ball Receipt*,Barcelona,Gerard Piqué Bernabéu,Right Center Back,103,Barcelona,114.5,47.0,,,,,,,,,,,,,,,,,,,,,,,,,,
267533,2016-04-02,Barcelona,Real Madrid,La Liga,2015/2016,7fa46bac-0418-4c4f-a73b-433cc5cb412e,2219,2,00:10:13.344000,55,13,Ball Recovery,Real Madrid,Daniel Carvajal Ramos,Right Back,103,Barcelona,5.4,36.9,0.0,,,,,,,,,,,,,,,,,,,,,,,,,
267533,2016-04-02,Barcelona,Real Madrid,La Liga,2015/2016,e8594ee5-43de-4253-8a03-ffd7c40c2610,2220,2,00:10:14.147000,55,14,Clearance,Real Madrid,Sergio Ramos García,Left Center Back,103,Barcelona,3.4,33.7,0.0,True,,True,,,,,,,,,,,,,,,,,,,,,,
267533,2016-04-02,Barcelona,Real Madrid,La Liga,2015/2016,c5770613-4532-44b5-8dae-b16946613419,2221,2,00:10:43.533000,55,43,Pass,Barcelona,Ivan Rakitić,Right Center Midfield,104,Barcelona,120.0,80.0,1.5212,,,,Gerard Piqué Bernabéu,111.1,41.2,39.807663,-1.7962772,High Pass,,,,,,,,,,,,,,,,
267533,2016-04-02,Barcelona,Real Madrid,La Liga,2015/2016,98f84269-d546-4ae3-8783-cf31aa2f5ae4,2222,2,00:10:45.055000,55,45,Ball Receipt*,Barcelona,Gerard Piqué Bernabéu,Right Center Back,104,Barcelona,111.1,41.2,,,,,,,,,,,,,,,,,,,,,,,,,,
267533,2016-04-02,Barcelona,Real Madrid,La Liga,2015/2016,25889a46-bbb2-4cbc-9d32-9281eeea5b1e,2223,2,00:10:45.095000,55,45,Duel,Real Madrid,Kléper Laveran Lima Ferreira,Right Center Back,104,Barcelona,7.8,37.5,0.0,True,,,,,,,,,,,,,,,,Aerial Lost,,,,,,,,
267533,2016-04-02,Barcelona,Real Madrid,La Liga,2015/2016,78f4c78f-0fc8-493b-9321-bdad695a9d36,2224,2,00:10:45.095000,55,45,Shot,Barcelona,Gerard Piqué Bernabéu,Right Center Back,104,Barcelona,112.3,42.6,0.5389,True,,,,,,,,,,,,0.10838826,Goal,Head,Normal,,,,,,,,,
267533,2016-04-02,Barcelona,Real Madrid,La Liga,2015/2016,9efcfa79-04d7-4ef7-98f8-a04cfbb93da5,2225,2,00:10:45.634000,55,45,Goal Keeper,Real Madrid,Keylor Navas Gamboa,Goalkeeper,104,Barcelona,0.7,38.4,0.0,,,,,,,,,,,,,,,,,,,,,,,,,
267533,2016-04-02,Barcelona,Real Madrid,La Liga,2015/2016,8754411f-c73f-41f2-9a11-07683b64f4e4,2226,2,00:11:52.960000,56,52,Pass,Real Madrid,Karim Benzema,Center Forward,105,Real Madrid,60.0,40.0,2.168237,,,,Daniel Carvajal Ramos,46.4,69.3,32.302475,2.0053663,Low Pass,,,,,,,,,,,,,,,,
267533,2016-04-02,Barcelona,Real Madrid,La Liga,2015/2016,acec851a-30c7-4fda-ad52-b93bc5417445,2227,2,00:11:55.128000,56,55,Ball Receipt*,Real Madrid,Daniel Carvajal Ramos,Right Back,105,Real Madrid,46.4,69.3,,,,,,,,,,,,,,,,,,,,,,,,,,
267533,2016-04-02,Barcelona,Real Madrid,La Liga,2015/2016,b165fc4d-563f-4204-bff9-108c102507b9,2228,2,00:11:55.128000,56,55,Carry,Real Madrid,Daniel Carvajal Ramos,Right Back,105,Real Madrid,46.4,69.3,0.946771,,,,,,,,,,,48.0,69.3,,,,,,,,,,,,,
267533,2016-04-02,Barcelona,Real Madrid,La Liga,2015/2016,05040fae-0c4e-4bf2-b366-2cbe01eb6507,2229,2,00:11:56.075000,56,56,Pass,Real Madrid,Daniel Carvajal Ramos,Right Back,105,Real Madrid,48.0,69.3,1.245773,,,,Gareth Frank Bale,66.3,74.4,18.997368,0.27179217,Ground Pass,,,,,,,,,,,,,,,,
267533,2016-04-02,Barcelona,Real Madrid,La Liga,2015/2016,2ff1caaf-d3c3-43e2-bfea-b9b988b991a8,2230,2,00:11:57.321000,56,57,Ball Receipt*,Real Madrid,Gareth Frank Bale,Right Wing,105,Real Madrid,66.3,74.4,,,,,,,,,,,,,,,,,,,,,,,,,,
267533,2016-04-02,Barcelona,Real Madrid,La Liga,2015/2016,f04d2ad8-0421-4ab1-8c62-e4f7821a6530,2231,2,00:11:57.321000,56,57,Carry,Real Madrid,Gareth Frank Bale,Right Wing,105,Real Madrid,66.3,74.4,3.260819,True,,,,,,,,,,85.2,63.8,,,,,,,,,,,,,
267533,2016-04-02,Barcelona,Real Madrid,La Liga,2015/2016,21c49d64-2070-4b0e-8efb-d151f3e0b3a1,2232,2,00:11:59.255000,56,59,Pressure,Barcelona,Neymar da Silva Santos Junior,Left Wing,105,Real Madrid,42.3,9.0,1.296621,,,,,,,,,,,,,,,,,,,,,,,,,
267533,2016-04-02,Barcelona,Real Madrid,La Liga,2015/2016,4c3b5d02-e335-42ed-90aa-c4df3ad279be,2233,2,00:12:00.582000,57,0,Dispossessed,Real Madrid,Gareth Frank Bale,Right Wing,105,Real Madrid,85.2,63.8,0.0,True,,,,,,,,,,,,,,,,,,,,,,,,
267533,2016-04-02,Barcelona,Real Madrid,La Liga,2015/2016,a3032d80-d6df-4204-a15d-6ba9fe57bb65,2234,2,00:12:00.582000,57,0,Duel,Barcelona,Neymar da Silva Santos Junior,Left Wing,106,Barcelona,34.9,16.3,0.0,True,,,,,,,,,,,,,,,,Tackle,Success In Play,,,,,,,
267533,2016-04-02,Barcelona,Real Madrid,La Liga,2015/2016,2072fbbd-7150-4459-8828-7a4dc9087386,2235,2,00:12:01.113000,57,1,Ball Recovery,Barcelona,Javier Alejandro Mascherano,Left Center Back,106,Barcelona,31.1,21.5,0.0,,,,,,,,,,,,,,,,,,,,,,,,,
267533,2016-04-02,Barcelona,Real Madrid,La Liga,2015/2016,a742abde-b7e4-49f8-afc6-b481d6de38a1,2236,2,00:12:01.113000,57,1,Carry,Barcelona,Javier Alejandro Mascherano,Left Center Back,106,Barcelona,31.1,21.5,2.073556,,,,,,,,,,,35.7,31.9,,,,,,,,,,,,,
267533,2016-04-02,Barcelona,Real Madrid,La Liga,2015/2016,f86c50f7-3334-4593-b803-ed8725971623,2237,2,00:12:03.187000,57,3,Pass,Barcelona,Javier Alejandro Mascherano,Left Center Back,106,Barcelona,35.7,31.9,1.603001,,,,Lionel Andrés Messi Cuccittini,48.6,50.9,22.965408,0.97433984,Ground Pass,,,,,,,,,,,,,,,,
267533,2016-04-02,Barcelona,Real Madrid,La Liga,2015/2016,d4419e4a-26bf-468a-8d34-45168f5c008c,2238,2,00:12:04.790000,57,4,Ball Receipt*,Barcelona,Lionel Andrés Messi Cuccittini,Center Forward,106,Barcelona,48.6,50.9,,,,,,,,,,,,,,,,,,,,,,,,,,
267533,2016-04-02,Barcelona,Real Madrid,La Liga,2015/2016,5f81dbda-5c34-4109-a149-bcaf1437fca0,2239,2,00:12:04.790000,57,4,Carry,Barcelona,Lionel Andrés Messi Cuccittini,Center Forward,106,Barcelona,48.6,50.9,3.104799,True,,,,,,,,,,64.0,43.3,,,,,,,,,,,,,
267533,2016-04-02,Barcelona,Real Madrid,La Liga,2015/2016,df643d92-93f9-478f-bc8f-502fd42edce3,2240,2,00:12:05.881000,57,5,Pressure,Real Madrid,Toni Kroos,Left Center Midfield,106,Barcelona,69.3,34.0,1.393671,,,,,,,,,,,,,,,,,,,,,,,,,
267533,2016-04-02,Barcelona,Real Madrid,La Liga,2015/2016,222fb196-512c-4015-bb0f-ffdfaab6e18a,2241,2,00:12:07.274000,57,7,Pressure,Real Madrid,Carlos Henrique Casimiro,Center Defensive Midfield,106,Barcelona,56.4,38.3,0.7688,,,,,,,,,,,,,,,,,,,,,,,,,
267533,2016-04-02,Barcelona,Real Madrid,La Liga,2015/2016,e036ad10-81a9-4309-aa5f-cae54ce7169a,2242,2,00:12:07.895000,57,7,Dribbled Past,Real Madrid,Carlos Henrique Casimiro,Center Defensive Midfield,106,Barcelona,56.1,36.8,0.0,,,,,,,,,,,,,,,,,,,,,,,,,
267533,2016-04-02,Barcelona,Real Madrid,La Liga,2015/2016,4398d5b4-c653-4dc9-80a7-e77108e4ee1a,2243,2,00:12:07.895000,57,7,Dribble,Barcelona,Lionel Andrés Messi Cuccittini,Center Forward,106,Barcelona,64.0,43.3,0.0,True,,,,,,,,,,,,,,,,,,,,,,,,
267533,2016-04-02,Barcelona,Real Madrid,La Liga,2015/2016,1fa81c1e-6ab6-4fce-b572-37329d6b253d,2244,2,00:12:07.895000,57,7,Carry,Barcelona,Lionel Andrés Messi Cuccittini,Center Forward,106,Barcelona,64.0,43.3,0.06,True,,,,,,,,,,64.8,42.2,,,,,,,,,,,,,
267533,2016-04-02,Barcelona,Real Madrid,La Liga,2015/2016,52073737-9425-4c48-b578-3a5a54ceeada,2245,2,00:12:07.955000,57,7,Foul Committed,Real Madrid,Carlos Henrique Casimiro,Center Defensive Midfield,106,Barcelona,55.3,37.9,0.0,,,,,,,,,,,,,,,,,,,,,,,,,
267533,2016-04-02,Barcelona,Real Madrid,La Liga,2015/2016,8a2a5dbf-9e06-46c0-a0df-479fc7768fd1,2246,2,00:12:07.955000,57,7,Foul Won,Barcelona,Lionel Andrés Messi Cuccittini,Center Forward,106,Barcelona,64.8,42.2,0.0,True,,,,,,,,,,,,,,,,,,,,,True,,,
267533,2016-04-02,Barcelona,Real Madrid,La Liga,2015/2016,bfd231b9-cc1d-45d2-af73-675e04998877,2247,2,00:12:07.955000,57,7,Carry,Barcelona,Lionel Andrés Messi Cuccittini,Center Forward,106,Barcelona,64.8,42.2,1.378659,True,,,,,,,,,,70.3,36.8,,,,,,,,,,,,,
267533,2016-04-02,Barcelona,Real Madrid,La Liga,2015/2016,b9126569-cd65-4802-b032-09e2f703dafc,2248,2,00:12:09.333000,57,9,Pass,Barcelona,Lionel Andrés Messi Cuccittini,Center Forward,106,Barcelona,70.3,36.8,1.494741,,,,Neymar da Silva Santos Junior,76.9,22.1,16.113659,-1.1487913,Ground Pass,,,,,,,,,,,,,,,,
267533,2016-04-02,Barcelona,Real Madrid,La Liga,2015/2016,055567ea-4fa3-4df2-a50e-3cd5da81d000,2249,2,00:12:10.828000,57,10,Ball Receipt*,Barcelona,Neymar da Silva Santos Junior,Left Wing,106,Barcelona,76.9,22.1,,,,,,,,,,,,,,,,,,,,,,,,,,
267533,2016-04-02,Barcelona,Real Madrid,La Liga,2015/2016,693f049c-716d-4609-9e60-c5afe3278c7c,2250,2,00:12:10.828000,57,10,Carry,Barcelona,Neymar da Silva Santos Junior,Left Wing,106,Barcelona,76.9,22.1,2.546013,,,,,,,,,,,84.8,26.3,,,,,,,,,,,,,
267533,2016-04-02,Barcelona,Real Madrid,La Liga,2015/2016,df346511-27e1-46aa-91cb-8981f42df0dc,2251,2,00:12:13.374000,57,13,Pass,Barcelona,Neymar da Silva Santos Junior,Left Wing,106,Barcelona,84.8,26.3,0.825527,,,,Ivan Rakitić,92.6,41.6,17.173527,1.0993364,Low Pass,Incomplete,,,,,,,,,,,,,,,
267533,2016-04-02,Barcelona,Real Madrid,La Liga,2015/2016,59f48837-7540-4a0c-9fba-a7bea49669ec,2252,2,00:12:14.200000,57,14,Ball Receipt*,Barcelona,Ivan Rakitić,Right Center Midfield,106,Barcelona,97.4,53.9,,,,,,,,,,,,,,,,,,,,,,,,,,
267533,2016-04-02,Barcelona,Real Madrid,La Liga,2015/2016,da68d13d-ff42-4b7e-85f8-7bf868b254b7,2253,2,00:12:14.200000,57,14,Ball Recovery,Real Madrid,Marcelo Vieira da Silva Júnior,Left Back,107,Real Madrid,27.5,38.5,0.0,,,,,,,,,,,,,,,,,,,,,,,,,
267533,2016-04-02,Barcelona,Real Madrid,La Liga,2015/2016,ff58cd31-ddd5-478c-88e2-75c247c96cee,2254,2,00:12:14.200000,57,14,Carry,Real Madrid,Marcelo Vieira da Silva Júnior,Left Back,107,Real Madrid,27.5,38.5,3.147884,,,,,,,,,,,31.5,41.0,,,,,,,,,,,,,
267533,2016-04-02,Barcelona,Real Madrid,La Liga,2015/2016,9f78c26c-0e09-4681-9bfb-eb9632f36878,2255,2,00:12:17.348000,57,17,Pass,Real Madrid,Marcelo Vieira da Silva Júnior,Left Back,107,Real Madrid,31.5,41.0,0.769222,,,,Toni Kroos,35.9,34.7,7.6843996,-0.96113646,Ground Pass,,,,,,,,,,,,,,,,
267533,2016-04-02,Barcelona,Real Madrid,La Liga,2015/2016,5952a894-ca11-4c70-aed1-d10fb99ab276,2256,2,00:12:17.981000,57,17,Pressure,Barcelona,Ivan Rakitić,Right Center Midfield,107,Real Madrid,85.8,51.2,1.204404,,,,,,,,,,,,,,,,,,,,,,,,,
267533,2016-04-02,Barcelona,Real Madrid,La Liga,2015/2016,7936ba14-0c63-46b1-853e-d33965ff8a65,2257,2,00:12:18.117000,57,18,Ball Receipt*,Real Madrid,Toni Kroos,Left Center Midfield,107,Real Madrid,35.9,34.7,,True,,,,,,,,,,,,,,,,,,,,,,,,
267533,2016-04-02,Barcelona,Real Madrid,La Liga,2015/2016,29c6caff-cc57-48ac-b8d3-a9e77340ee2e,2258,2,00:12:18.117000,57,18,Carry,Real Madrid,Toni Kroos,Left Center Midfield,107,Real Madrid,35.9,34.7,0.902454,True,,,,,,,,,,40.6,32.7,,,,,,,,,,,,,
267533,2016-04-02,Barcelona,Real Madrid,La Liga,2015/2016,4fcfdb8e-c070-4230-98a6-5d957474099f,2259,2,00:12:19.019000,57,19,Pass,Real Madrid,Toni Kroos,Left Center Midfield,107,Real Madrid,40.6,32.7,1.403418,True,,,Karim Benzema,50.4,11.3,23.537205,-1.1413559,Low Pass,,,,,,,,,,,,,,,,
267533,2016-04-02,Barcelona,Real Madrid,La Liga,2015/2016,fccff83e-b5c8-4fb1-aa8d-7a3e3fa6b1ce,2260,2,00:12:20.423000,57,20,Ball Receipt*,Real Madrid,Karim Benzema,Center Forward,107,Real Madrid,50.4,11.3,,,,,,,,,,,,,,,,,,,,,,,,,,
267533,2016-04-02,Barcelona,Real Madrid,La Liga,2015/2016,d1e551b5-5190-48c5-99c7-4b57f580f1f1,2261,2,00:12:20.423000,57,20,Carry,Real Madrid,Karim Benzema,Center Forward,107,Real Madrid,50.4,11.3,2.159782,True,,,,,,,,,,50.8,2.4,,,,,,,,,,,,,
267533,2016-04-02,Barcelona,Real Madrid,La Liga,2015/2016,b2ec4a52-3362-4d29-a77c-0c74c1644259,2262,2,00:12:21.858000,57,21,Pressure,Barcelona,Gerard Piqué Bernabéu,Right Center Back,107,Real Madrid,65.1,73.2,0.924195,,,,,,,,,,,,,,,,,,,,,,,,,
267533,2016-04-02,Barcelona,Real Madrid,La Liga,2015/2016,0cf3ca98-501b-4e84-b385-e550070d4d6a,2263,2,00:12:22.583000,57,22,Miscontrol,Real Madrid,Karim Benzema,Center Forward,107,Real Madrid,50.8,2.4,0.0,True,,True,,,,,,,,,,,,,,,,,,,,,,
267533,2016-04-02,Barcelona,Real Madrid,La Liga,2015/2016,2d13ec55-ee3e-4c4a-82c5-d6ece9e2d54c,2264,2,00:12:39.992000,57,39,Pass,Barcelona,Daniel Alves da Silva,Right Back,108,Barcelona,93.0,80.0,3.8838,,,,,82.7,73.5,12.179491,-2.5786417,Low Pass,Incomplete,,,,,,,,,,,,,,,
267533,2016-04-02,Barcelona,Real Madrid,La Liga,2015/2016,e0224f2c-2feb-46e7-b9e1-5496627c5f67,2265,2,00:12:43.876000,57,43,Ball Recovery,Real Madrid,Marcelo Vieira da Silva Júnior,Left Back,109,Real Madrid,37.4,6.6,0.0,,,,,,,,,,,,,,,,,,,,,,,,,
267533,2016-04-02,Barcelona,Real Madrid,La Liga,2015/2016,81f1c9de-f12d-49c8-9f4f-140e3c22d044,2266,2,00:12:43.876000,57,43,Carry,Real Madrid,Marcelo Vieira da Silva Júnior,Left Back,109,Real Madrid,37.4,6.6,0.8176,,,,,,,,,,,40.2,5.1,,,,,,,,,,,,,
267533,2016-04-02,Barcelona,Real Madrid,La Liga,2015/2016,099e912d-dfb2-42af-a7e7-1c3829d2390c,2267,2,00:12:44.694000,57,44,Dribble,Real Madrid,Marcelo Vieira da Silva Júnior,Left Back,109,Real Madrid,40.2,5.1,0.0,True,,,,,,,,,,,,,,,,,,,,,,,,
267533,2016-04-02,Barcelona,Real Madrid,La Liga,2015/2016,dfecd7c7-eb4f-4a9d-a9fe-4fab8fd75ab9,2268,2,00:12:44.694000,57,44,Duel,Barcelona,Sergio Busquets i Burgos,Center Defensive Midfield,109,Real Madrid,79.9,75.0,0.0,True,,,,,,,,,,,,,,,,Tackle,Lost In Play,,,,,,,
267533,2016-04-02,Barcelona,Real Madrid,La Liga,2015/2016,a3f6f7a5-34af-45a1-a8ed-3dcc469e2056,2269,2,00:12:45.559000,57,45,Foul Committed,Barcelona,Ivan Rakitić,Right Center Midfield,109,Real Madrid,82.4,72.6,0.0,,,,,,,,,,,,,,,,,,,,Yellow Card,,,,,
267533,2016-04-02,Barcelona,Real Madrid,La Liga,2015/2016,b2c2beb2-4901-4bec-a1bb-77c13aee1095,2270,2,00:12:45.559000,57,45,Foul Won,Real Madrid,Marcelo Vieira da Silva Júnior,Left Back,109,Real Madrid,37.7,7.5,0.0,True,,,,,,,,,,,,,,,,,,,,True,,,,
267533,2016-04-02,Barcelona,Real Madrid,La Liga,2015/2016,8163640e-fff2-40a0-b19b-e1f74a0a5761,2271,2,00:13:13.775000,58,13,Pass,Real Madrid,Sergio Ramos García,Left Center Back,110,Real Madrid,39.4,12.3,3.17,,,,Gareth Frank Bale,92.8,48.1,64.28997,0.590591,High Pass,,,,,,,,,,,,,,,,
267533,2016-04-02,Barcelona,Real Madrid,La Liga,2015/2016,40491366-f592-4f4c-a84d-22191bc0e010,2272,2,00:13:16.945000,58,16,Ball Receipt*,Real Madrid,Gareth Frank Bale,Right Wing,110,Real Madrid,92.8,48.1,,,,,,,,,,,,,,,,,,,,,,,,,,
267533,2016-04-02,Barcelona,Real Madrid,La Liga,2015/2016,ecaf7c95-6c78-4838-bb47-62a109ad4030,2273,2,00:13:16.945000,58,16,Pass,Real Madrid,Gareth Frank Bale,Right Wing,110,Real Madrid,92.8,48.1,0.885893,,,,Karim Benzema,88.1,44.8,5.7428217,-2.5294402,High Pass,,,,,,,,,,,,,,,,
267533,2016-04-02,Barcelona,Real Madrid,La Liga,2015/2016,a9ebdb4c-6525-4486-a73c-9e50f1da8ddf,2274,2,00:13:17.831000,58,17,Ball Receipt*,Real Madrid,Karim Benzema,Center Forward,110,Real Madrid,88.1,44.8,,,,,,,,,,,,,,,,,,,,,,,,,,
267533,2016-04-02,Barcelona,Real Madrid,La Liga,2015/2016,c7cf5a6b-36ce-4bb9-a2db-2be8e43fd2a5,2275,2,00:13:17.831000,58,17,Pass,Real Madrid,Karim Benzema,Center Forward,110,Real Madrid,87.0,45.7,0.3969,,,,Gareth Frank Bale,91.4,46.9,4.560702,0.26625204,Low Pass,Incomplete,,,,,,,,,,,,,,,
267533,2016-04-02,Barcelona,Real Madrid,La Liga,2015/2016,32869561-e569-497c-9635-0b70d201fee9,2276,2,00:13:18.228000,58,18,Ball Receipt*,Real Madrid,Gareth Frank Bale,Right Wing,110,Real Madrid,98.4,52.0,,,,,,,,,,,,,,,,,,,,,,,,,,
267533,2016-04-02,Barcelona,Real Madrid,La Liga,2015/2016,1f24c08c-9b59-40df-9e67-6f903c293cfa,2277,2,00:13:18.228000,58,18,Block,Barcelona,Javier Alejandro Mascherano,Left Center Back,110,Real Madrid,28.7,33.2,0.0,,,,,,,,,,,,,,,,,,,,,,,,,
267533,2016-04-02,Barcelona,Real Madrid,La Liga,2015/2016,16e1d5da-b6e1-44dd-8f95-35a8be0b977e,2278,2,00:13:19.486000,58,19,Ball Recovery,Real Madrid,Gareth Frank Bale,Right Wing,110,Real Madrid,97.7,48.5,0.0,,,,,,,,,,,,,,,,,,,,,,,,,
267533,2016-04-02,Barcelona,Real Madrid,La Liga,2015/2016,2cc38c06-3504-4f5d-a686-c3af32abcb10,2279,2,00:13:19.486000,58,19,Carry,Real Madrid,Gareth Frank Bale,Right Wing,110,Real Madrid,97.7,48.5,1.4475,,,,,,,,,,,93.3,43.8,,,,,,,,,,,,,
267533,2016-04-02,Barcelona,Real Madrid,La Liga,2015/2016,cd539f8d-cc46-489f-87a8-473610a56161,2280,2,00:13:20.933000,58,20,Pass,Real Madrid,Gareth Frank Bale,Right Wing,110,Real Madrid,93.3,43.8,1.180162,,,,Cristiano Ronaldo dos Santos Aveiro,99.4,22.4,22.252415,-1.293114,Ground Pass,,,,,,,,,,,,,,,,
267533,2016-04-02,Barcelona,Real Madrid,La Liga,2015/2016,8f34dd44-8a25-4a59-8b14-e7c5743859ec,2281,2,00:13:22.114000,58,22,Ball Receipt*,Real Madrid,Cristiano Ronaldo dos Santos Aveiro,Left Wing,110,Real Madrid,99.4,22.4,,,,,,,,,,,,,,,,,,,,,,,,,,
267533,2016-04-02,Barcelona,Real Madrid,La Liga,2015/2016,6570a273-96e1-4f54-ab20-ef5bdd0ccd33,2282,2,00:13:22.114000,58,22,Carry,Real Madrid,Cristiano Ronaldo dos Santos Aveiro,Left Wing,110,Real Madrid,99.4,22.4,1.787238,True,,,,,,,,,,104.7,25.8,,,,,,,,,,,,,
267533,2016-04-02,Barcelona,Real Madrid,La Liga,2015/2016,ee6bba33-5701-4873-a021-e055c490922d,2283,2,00:13:23.901000,58,23,Dribbled Past,Barcelona,Daniel Alves da Silva,Right Back,110,Real Madrid,15.4,54.3,0.0,,,,,,,,,,,,,,,,,,,,,,,,,
267533,2016-04-02,Barcelona,Real Madrid,La Liga,2015/2016,480ad188-5eb5-4338-bf9e-fca1dd8a6f0a,2284,2,00:13:23.901000,58,23,Dribble,Real Madrid,Cristiano Ronaldo dos Santos Aveiro,Left Wing,110,Real Madrid,104.7,25.8,0.0,True,,,,,,,,,,,,,,,,,,,,,,,,
267533,2016-04-02,Barcelona,Real Madrid,La Liga,2015/2016,b5e6ddb3-682f-4587-ae49-b28667e50db1,2285,2,00:13:23.901000,58,23,Carry,Real Madrid,Cristiano Ronaldo dos Santos Aveiro,Left Wing,110,Real Madrid,104.7,25.8,0.04,True,,,,,,,,,,107.0,25.1,,,,,,,,,,,,,
267533,2016-04-02,Barcelona,Real Madrid,La Liga,2015/2016,fe5299e4-4bd1-41d3-9342-0ceb05d6eb16,2286,2,00:13:23.941000,58,23,Miscontrol,Real Madrid,Cristiano Ronaldo dos Santos Aveiro,Left Wing,110,Real Madrid,107.0,25.1,0.0,,,,,,,,,,,,,,,,,,,,,,,,,
267533,2016-04-02,Barcelona,Real Madrid,La Liga,2015/2016,3265c261-c5c3-4100-b76d-14886129de49,2287,2,00:13:24.854000,58,24,Ball Recovery,Barcelona,Gerard Piqué Bernabéu,Right Center Back,111,Barcelona,10.0,54.6,0.0,,,,,,,,,,,,,,,,,,,,,,,,,
267533,2016-04-02,Barcelona,Real Madrid,La Liga,2015/2016,6cec685d-bdba-4ae0-8ee3-fb60db4fa7d9,2288,2,00:13:24.854000,58,24,Carry,Barcelona,Gerard Piqué Bernabéu,Right Center Back,111,Barcelona,10.0,54.6,7.3144,,,,,,,,,,,13.1,73.6,,,,,,,,,,,,,
267533,2016-04-02,Barcelona,Real Madrid,La Liga,2015/2016,3ca927c8-9a41-4669-a021-8c9a3719b4d0,2289,2,00:13:32.169000,58,32,Pass,Barcelona,Gerard Piqué Bernabéu,Right Center Back,111,Barcelona,13.1,73.6,2.331653,,,,Luis Alberto Suárez Díaz,51.8,71.6,38.751644,-0.051633652,High Pass,,,,,,,,,,,,,,,,
267533,2016-04-02,Barcelona,Real Madrid,La Liga,2015/2016,552276e2-0b7f-4a3f-babd-39c684275008,2290,2,00:13:33.781000,58,33,Pressure,Real Madrid,Sergio Ramos García,Left Center Back,111,Barcelona,66.3,8.5,2.810486,,,,,,,,,,,,,,,,,,,,,,,,,
267533,2016-04-02,Barcelona,Real Madrid,La Liga,2015/2016,588d6d9a-4816-4919-9a4c-e8cdbc28f673,2291,2,00:13:34.500000,58,34,Ball Receipt*,Barcelona,Luis Alberto Suárez Díaz,Right Wing,111,Barcelona,51.8,71.6,,True,,,,,,,,,,,,,,,,,,,,,,,,
267533,2016-04-02,Barcelona,Real Madrid,La Liga,2015/2016,01367b23-4947-4fd3-b727-b64be5e48957,2292,2,00:13:34.500000,58,34,Carry,Barcelona,Luis Alberto Suárez Díaz,Right Wing,111,Barcelona,51.8,71.6,1.945226,True,,,,,,,,,,62.4,77.0,,,,,,,,,,,,,
267533,2016-04-02,Barcelona,Real Madrid,La Liga,2015/2016,996c90c9-4ec0-4025-8b34-6a92e664b9f1,2293,2,00:13:36.446000,58,36,Miscontrol,Barcelona,Luis Alberto Suárez Díaz,Right Wing,111,Barcelona,62.4,77.0,0.0,True,,,,,,,,,,,,,,,,,,,,,,,,
267533,2016-04-02,Barcelona,Real Madrid,La Liga,2015/2016,40096940-22f0-47d1-b46e-ffb1abc626ef,2294,2,00:13:37.457000,58,37,Ball Recovery,Real Madrid,Sergio Ramos García,Left Center Back,111,Barcelona,56.7,3.1,0.0,,,True,,,,,,,,,,,,,,,,,,,,,,
267533,2016-04-02,Barcelona,Real Madrid,La Liga,2015/2016,c0417a45-b516-4948-b1b6-c3efb332efc8,2295,2,00:13:49.776000,58,49,Pass,Barcelona,Daniel Alves da Silva,Right Back,112,Barcelona,63.4,80.0,1.385666,,,,Lionel Andrés Messi Cuccittini,55.5,71.9,11.314592,-2.3436952,Low Pass,,,,,,,,,,,,,,,,
267533,2016-04-02,Barcelona,Real Madrid,La Liga,2015/2016,c9f9cec3-1510-4c04-834f-8c8c1d625fc1,2296,2,00:13:51.161000,58,51,Ball Receipt*,Barcelona,Lionel Andrés Messi Cuccittini,Center Forward,112,Barcelona,55.5,71.9,,,,,,,,,,,,,,,,,,,,,,,,,,
267533,2016-04-02,Barcelona,Real Madrid,La Liga,2015/2016,e4239517-f465-4fdc-bd9c-d9121d3514cf,2297,2,00:13:51.161000,58,51,Carry,Barcelona,Lionel Andrés Messi Cuccittini,Center Forward,112,Barcelona,55.5,71.9,0.495934,,,,,,,,,,,55.5,71.9,,,,,,,,,,,,,
267533,2016-04-02,Barcelona,Real Madrid,La Liga,2015/2016,fe9389c7-5a22-486e-a192-19165cde758b,2298,2,00:13:51.657000,58,51,Pass,Barcelona,Lionel Andrés Messi Cuccittini,Center Forward,112,Barcelona,55.5,71.9,0.738835,,,,Daniel Alves da Silva,56.6,78.2,6.395311,1.3979357,Ground Pass,,,,,,,,,,,,,,,,
267533,2016-04-02,Barcelona,Real Madrid,La Liga,2015/2016,e0fd50dd-9e48-4c45-a22c-fefb251a429e,2299,2,00:13:52.396000,58,52,Ball Receipt*,Barcelona,Daniel Alves da Silva,Right Back,112,Barcelona,56.6,78.2,,,,,,,,,,,,,,,,,,,,,,,,,,
267533,2016-04-02,Barcelona,Real Madrid,La Liga,2015/2016,bc66fa9d-1aab-4822-bd24-8a0be8807428,2300,2,00:13:52.396000,58,52,Carry,Barcelona,Daniel Alves da Silva,Right Back,112,Barcelona,56.6,78.2,1.455165,True,,,,,,,,,,55.0,77.3,,,,,,,,,,,,,
267533,2016-04-02,Barcelona,Real Madrid,La Liga,2015/2016,7ba06168-589e-4522-a17b-30b2a59929d9,2301,2,00:13:53.175000,58,53,Pressure,Real Madrid,Toni Kroos,Left Center Midfield,112,Barcelona,64.3,5.1,0.665422,,,,,,,,,,,,,,,,,,,,,,,,,
267533,2016-04-02,Barcelona,Real Madrid,La Liga,2015/2016,2f38cba6-6046-48bb-a507-1cf613fbc0d3,2302,2,00:13:53.851000,58,53,Pass,Barcelona,Daniel Alves da Silva,Right Back,112,Barcelona,55.0,77.3,1.114952,,,,Lionel Andrés Messi Cuccittini,54.5,69.5,7.816009,-1.6348113,Ground Pass,,,,,,,,,,,,,,,,
267533,2016-04-02,Barcelona,Real Madrid,La Liga,2015/2016,de5d6614-ea41-46ab-baf8-de88c93d2261,2303,2,00:13:54.299000,58,54,Ball Receipt*,Barcelona,Lionel Andrés Messi Cuccittini,Center Forward,112,Barcelona,54.5,69.5,,,,,,,,,,,,,,,,,,,,,,,,,,
267533,2016-04-02,Barcelona,Real Madrid,La Liga,2015/2016,ba117788-6da4-41d7-a0bd-ad4d8494e9c4,2304,2,00:13:54.299000,58,54,Carry,Barcelona,Lionel Andrés Messi Cuccittini,Center Forward,112,Barcelona,54.5,69.5,0.9786,True,,,,,,,,,,55.2,68.5,,,,,,,,,,,,,
267533,2016-04-02,Barcelona,Real Madrid,La Liga,2015/2016,bc5f42b8-1bde-4d7d-b6bb-195574ab5dc4,2305,2,00:13:54.299000,58,54,Block,Real Madrid,Toni Kroos,Left Center Midfield,112,Barcelona,65.9,5.1,0.0,,,,,,,,,,,,,,,,,,,,,,,,,
267533,2016-04-02,Barcelona,Real Madrid,La Liga,2015/2016,16bac34a-18d8-4d7a-880b-abf4a4aed838,2306,2,00:13:55.277000,58,55,Pass,Barcelona,Lionel Andrés Messi Cuccittini,Center Forward,112,Barcelona,55.2,68.5,0.673923,,,,Sergio Busquets i Burgos,49.0,64.9,7.169379,-2.6155262,Ground Pass,,,,,,,,,,,,,,,,
267533,2016-04-02,Barcelona,Real Madrid,La Liga,2015/2016,6cf2970e-50a5-45b7-bb7e-de1e0fe8ec97,2307,2,00:13:55.951000,58,55,Ball Receipt*,Barcelona,Sergio Busquets i Burgos,Center Defensive Midfield,112,Barcelona,49.0,64.9,,,,,,,,,,,,,,,,,,,,,,,,,,
267533,2016-04-02,Barcelona,Real Madrid,La Liga,2015/2016,ef8be596-1c4f-43d1-b4a3-91d8f0564b11,2308,2,00:13:55.951000,58,55,Carry,Barcelona,Sergio Busquets i Burgos,Center Defensive Midfield,112,Barcelona,49.0,64.9,0.449577,,,,,,,,,,,49.0,64.9,,,,,,,,,,,,,
267533,2016-04-02,Barcelona,Real Madrid,La Liga,2015/2016,defc87d2-4da2-4e07-87a9-6b9ddede890a,2309,2,00:13:56.401000,58,56,Pass,Barcelona,Sergio Busquets i Burgos,Center Defensive Midfield,112,Barcelona,49.0,64.9,1.952982,,,,Gerard Piqué Bernabéu,34.3,65.5,14.71224,3.100799,Ground Pass,,,,,,,,,,,,,,,,
267533,2016-04-02,Barcelona,Real Madrid,La Liga,2015/2016,6407ad56-84d3-4629-89c4-836128cae378,2310,2,00:13:58.354000,58,58,Ball Receipt*,Barcelona,Gerard Piqué Bernabéu,Right Center Back,112,Barcelona,34.3,65.5,,,,,,,,,,,,,,,,,,,,,,,,,,
267533,2016-04-02,Barcelona,Real Madrid,La Liga,2015/2016,51821ab1-2cd6-4886-9a7c-2654353128c5,2311,2,00:13:58.354000,58,58,Pass,Barcelona,Gerard Piqué Bernabéu,Right Center Back,112,Barcelona,33.1,65.7,1.829,,,,Javier Alejandro Mascherano,33.5,38.4,27.30293,-1.5561453,Ground Pass,,,,,,,,,,,,,,,,
267533,2016-04-02,Barcelona,Real Madrid,La Liga,2015/2016,73607429-6f09-4a07-a3c9-5daede837fbc,2312,2,00:14:00.183000,59,0,Ball Receipt*,Barcelona,Javier Alejandro Mascherano,Left Center Back,112,Barcelona,33.5,38.4,,,,,,,,,,,,,,,,,,,,,,,,,,
267533,2016-04-02,Barcelona,Real Madrid,La Liga,2015/2016,7826e3ac-d1d4-4524-80bd-9003f289213f,2313,2,00:14:00.183000,59,0,Carry,Barcelona,Javier Alejandro Mascherano,Left Center Back,112,Barcelona,33.5,38.4,5.9483,,,,,,,,,,,63.0,34.6,,,,,,,,,,,,,
267533,2016-04-02,Barcelona,Real Madrid,La Liga,2015/2016,5afdc910-a42b-45e4-8313-4a0f8f599dc3,2314,2,00:14:06.131000,59,6,Pass,Barcelona,Javier Alejandro Mascherano,Left Center Back,112,Barcelona,63.0,34.6,1.210474,,,,Daniel Alves da Silva,64.5,57.5,22.949074,1.5053875,Ground Pass,,,,,,,,,,,,,,,,
267533,2016-04-02,Barcelona,Real Madrid,La Liga,2015/2016,e9becba4-8a27-44b0-a4ca-ffdbfb156153,2315,2,00:14:07.341000,59,7,Ball Receipt*,Barcelona,Daniel Alves da Silva,Right Back,112,Barcelona,64.5,57.5,,,,,,,,,,,,,,,,,,,,,,,,,,
267533,2016-04-02,Barcelona,Real Madrid,La Liga,2015/2016,88790d37-408b-40db-9957-d7adfab18128,2316,2,00:14:07.341000,59,7,Carry,Barcelona,Daniel Alves da Silva,Right Back,112,Barcelona,64.5,57.5,3.867352,,,,,,,,,,,86.1,60.9,,,,,,,,,,,,,
267533,2016-04-02,Barcelona,Real Madrid,La Liga,2015/2016,79db86e2-11a9-4c8c-b235-1209e060463b,2317,2,00:14:11.209000,59,11,Pass,Barcelona,Daniel Alves da Silva,Right Back,112,Barcelona,86.1,60.9,1.2119,,,,Ivan Rakitić,82.7,72.2,11.800424,1.8630648,Ground Pass,,,,,,,,,,,,,,,,
267533,2016-04-02,Barcelona,Real Madrid,La Liga,2015/2016,be088eb0-f3bb-4eff-98cf-fa36ef0294ec,2318,2,00:14:12.421000,59,12,Ball Receipt*,Barcelona,Ivan Rakitić,Right Center Midfield,112,Barcelona,82.7,72.2,,,,,,,,,,,,,,,,,,,,,,,,,,
267533,2016-04-02,Barcelona,Real Madrid,La Liga,2015/2016,b114c0f3-a5b4-4592-9d60-88ba21bc9f09,2319,2,00:14:12.421000,59,12,Carry,Barcelona,Ivan Rakitić,Right Center Midfield,112,Barcelona,82.7,72.2,1.000816,,,,,,,,,,,82.7,72.2,,,,,,,,,,,,,
267533,2016-04-02,Barcelona,Real Madrid,La Liga,2015/2016,7b44d06d-92da-417e-9d55-36f97389ccfb,2320,2,00:14:13.421000,59,13,Pass,Barcelona,Ivan Rakitić,Right Center Midfield,112,Barcelona,82.7,72.2,1.355157,,,,Lionel Andrés Messi Cuccittini,73.5,52.3,21.92373,-2.0038412,Ground Pass,,,,,,,,,,,,,,,,
267533,2016-04-02,Barcelona,Real Madrid,La Liga,2015/2016,6388c894-fcf9-4b83-b2a0-bfd2a4977a26,2321,2,00:14:14.777000,59,14,Ball Receipt*,Barcelona,Lionel Andrés Messi Cuccittini,Center Forward,112,Barcelona,73.5,52.3,,,,,,,,,,,,,,,,,,,,,,,,,,
267533,2016-04-02,Barcelona,Real Madrid,La Liga,2015/2016,0fead715-0f3c-490c-939f-7cceeee4175e,2322,2,00:14:14.777000,59,14,Carry,Barcelona,Lionel Andrés Messi Cuccittini,Center Forward,112,Barcelona,73.5,52.3,1.300241,True,,,,,,,,,,72.5,48.0,,,,,,,,,,,,,
267533,2016-04-02,Barcelona,Real Madrid,La Liga,2015/2016,b309fa47-6b1b-403c-ae2b-f74c50925619,2323,2,00:14:14.847000,59,14,Pressure,Real Madrid,Toni Kroos,Left Center Midfield,112,Barcelona,41.8,24.0,1.405579,,,,,,,,,,,,,,,,,,,,,,,,,
267533,2016-04-02,Barcelona,Real Madrid,La Liga,2015/2016,ad2ede33-ed50-4925-a165-4bfb5e52ffcf,2324,2,00:14:16.077000,59,16,Pass,Barcelona,Lionel Andrés Messi Cuccittini,Center Forward,112,Barcelona,72.5,48.0,1.206009,True,,,Sergio Busquets i Burgos,67.9,47.8,4.604346,-3.0981417,Ground Pass,,,,,,,,,,,,,,,,
267533,2016-04-02,Barcelona,Real Madrid,La Liga,2015/2016,a13ce825-b2b1-4b2d-bd25-f00bf8694d08,2325,2,00:14:17.250000,59,17,Pressure,Real Madrid,Toni Kroos,Left Center Midfield,112,Barcelona,48.4,31.1,1.127663,,,,,,,,,,,,,,,,,,,,,,,,,
267533,2016-04-02,Barcelona,Real Madrid,La Liga,2015/2016,73668a67-e8f0-414d-8b6e-dce48437b707,2326,2,00:14:17.283000,59,17,Ball Receipt*,Barcelona,Sergio Busquets i Burgos,Center Defensive Midfield,112,Barcelona,67.9,47.8,,True,,,,,,,,,,,,,,,,,,,,,,,,
267533,2016-04-02,Barcelona,Real Madrid,La Liga,2015/2016,e1c71ea9-5031-4bd2-b584-fd86e934578f,2327,2,00:14:17.283000,59,17,Carry,Barcelona,Sergio Busquets i Burgos,Center Defensive Midfield,112,Barcelona,67.9,47.8,1.077425,True,,,,,,,,,,66.8,46.7,,,,,,,,,,,,,
267533,2016-04-02,Barcelona,Real Madrid,La Liga,2015/2016,7b87f19c-e405-4430-b969-f63d959f6863,2328,2,00:14:18.360000,59,18,Pass,Barcelona,Sergio Busquets i Burgos,Center Defensive Midfield,112,Barcelona,66.8,46.7,1.281804,True,,,Javier Alejandro Mascherano,60.7,33.5,14.541321,-2.0036845,Ground Pass,,,,,,,,,,,,,,,,
267533,2016-04-02,Barcelona,Real Madrid,La Liga,2015/2016,891b9ee5-bf6f-4a8f-ab51-280ff5f6f21d,2329,2,00:14:19.642000,59,19,Ball Receipt*,Barcelona,Javier Alejandro Mascherano,Left Center Back,112,Barcelona,60.7,33.5,,,,,,,,,,,,,,,,,,,,,,,,,,
267533,2016-04-02,Barcelona,Real Madrid,La Liga,2015/2016,22cb9656-bb48-4067-add1-2b9bc5a08589,2330,2,00:14:19.642000,59,19,Carry,Barcelona,Javier Alejandro Mascherano,Left Center Back,112,Barcelona,60.7,33.5,1.333904,,,,,,,,,,,62.4,28.7,,,,,,,,,,,,,
267533,2016-04-02,Barcelona,Real Madrid,La Liga,2015/2016,6b8b6cea-60e9-4d67-8125-30708402786e,2331,2,00:14:20.976000,59,20,Pass,Barcelona,Javier Alejandro Mascherano,Left Center Back,112,Barcelona,62.4,28.7,1.565272,,,,Jordi Alba Ramos,82.0,6.7,29.464556,-0.8430266,Ground Pass,,,,,,,,,,,,,,,,
267533,2016-04-02,Barcelona,Real Madrid,La Liga,2015/2016,a79004e9-ce4c-4537-a5ab-6a6f2c02aeb5,2332,2,00:14:22.541000,59,22,Ball Receipt*,Barcelona,Jordi Alba Ramos,Left Back,112,Barcelona,82.0,6.7,,,,,,,,,,,,,,,,,,,,,,,,,,
267533,2016-04-02,Barcelona,Real Madrid,La Liga,2015/2016,24f369d4-77af-41cb-a922-d1feb86618c4,2333,2,00:14:22.541000,59,22,Carry,Barcelona,Jordi Alba Ramos,Left Back,112,Barcelona,82.0,6.7,0.14762,,,,,,,,,,,82.7,6.0,,,,,,,,,,,,,
267533,2016-04-02,Barcelona,Real Madrid,La Liga,2015/2016,2db98442-a9cd-4499-a847-11c147bf40cf,2334,2,00:14:22.689000,59,22,Pass,Barcelona,Jordi Alba Ramos,Left Back,112,Barcelona,82.7,6.0,1.140578,,,,Andrés Iniesta Luján,72.3,7.1,10.458012,3.0362153,Ground Pass,,,,,,,,,,,,,,,,
267533,2016-04-02,Barcelona,Real Madrid,La Liga,2015/2016,df468fe0-97ea-4892-86a6-1c125277cd2b,2335,2,00:14:23.829000,59,23,Ball Receipt*,Barcelona,Andrés Iniesta Luján,Left Center Midfield,112,Barcelona,72.3,7.1,,,,,,,,,,,,,,,,,,,,,,,,,,
267533,2016-04-02,Barcelona,Real Madrid,La Liga,2015/2016,53899b90-0328-4413-b1a1-f51a9e154650,2336,2,00:14:23.829000,59,23,Carry,Barcelona,Andrés Iniesta Luján,Left Center Midfield,112,Barcelona,72.3,7.1,1.246931,,,,,,,,,,,74.9,8.1,,,,,,,,,,,,,
267533,2016-04-02,Barcelona,Real Madrid,La Liga,2015/2016,c6f000b4-5f0f-46ab-9ff3-db62953792ff,2337,2,00:14:25.076000,59,25,Pass,Barcelona,Andrés Iniesta Luján,Left Center Midfield,112,Barcelona,74.9,8.1,0.807064,,,,Neymar da Silva Santos Junior,83.1,11.2,8.766413,0.3614409,Ground Pass,,,,,,,,,,,,,,,,
267533,2016-04-02,Barcelona,Real Madrid,La Liga,2015/2016,2f6d8413-2bd3-460c-ad95-2265f971ff58,2338,2,00:14:25.883000,59,25,Ball Receipt*,Barcelona,Neymar da Silva Santos Junior,Left Wing,112,Barcelona,83.1,11.2,,,,,,,,,,,,,,,,,,,,,,,,,,
267533,2016-04-02,Barcelona,Real Madrid,La Liga,2015/2016,ab1cdf10-45a1-4a18-9629-e1c72b8a53cf,2339,2,00:14:25.883000,59,25,Carry,Barcelona,Neymar da Silva Santos Junior,Left Wing,112,Barcelona,83.1,11.2,0.159953,,,,,,,,,,,83.8,11.5,,,,,,,,,,,,,
267533,2016-04-02,Barcelona,Real Madrid,La Liga,2015/2016,6e8b7b7c-99cd-412f-b74b-8d7c06112f6f,2340,2,00:14:26.043000,59,26,Pass,Barcelona,Neymar da Silva Santos Junior,Left Wing,112,Barcelona,83.8,11.5,0.839137,,,,Jordi Alba Ramos,76.5,4.2,10.323759,-2.3561945,Ground Pass,,,,,,,,,,,,,,,,
267533,2016-04-02,Barcelona,Real Madrid,La Liga,2015/2016,4e2c9846-b208-4a29-a1e3-fff07994158b,2341,2,00:14:26.883000,59,26,Ball Receipt*,Barcelona,Jordi Alba Ramos,Left Back,112,Barcelona,76.5,4.2,,,,,,,,,,,,,,,,,,,,,,,,,,
267533,2016-04-02,Barcelona,Real Madrid,La Liga,2015/2016,a2ba4b00-796d-4ba3-95a0-d0ecf3f89c93,2342,2,00:14:26.883000,59,26,Carry,Barcelona,Jordi Alba Ramos,Left Back,112,Barcelona,76.5,4.2,0.039963,,,,,,,,,,,78.1,4.4,,,,,,,,,,,,,
267533,2016-04-02,Barcelona,Real Madrid,La Liga,2015/2016,8b676af6-a724-4ce5-b066-d323e0c05c00,2343,2,00:14:26.923000,59,26,Pass,Barcelona,Jordi Alba Ramos,Left Back,112,Barcelona,78.1,4.4,0.807558,,,,Andrés Iniesta Luján,70.1,5.6,8.089499,2.9927027,Ground Pass,,,,,,,,,,,,,,,,
267533,2016-04-02,Barcelona,Real Madrid,La Liga,2015/2016,4649e022-c7ff-4e43-b82c-5041815c85f4,2344,2,00:14:27.730000,59,27,Ball Receipt*,Barcelona,Andrés Iniesta Luján,Left Center Midfield,112,Barcelona,70.1,5.6,,,,,,,,,,,,,,,,,,,,,,,,,,
267533,2016-04-02,Barcelona,Real Madrid,La Liga,2015/2016,a7f408ac-96e5-4048-9afb-b12397d62073,2345,2,00:14:27.730000,59,27,Carry,Barcelona,Andrés Iniesta Luján,Left Center Midfield,112,Barcelona,70.1,5.6,0.322896,,,,,,,,,,,69.3,5.7,,,,,,,,,,,,,
267533,2016-04-02,Barcelona,Real Madrid,La Liga,2015/2016,bc6f0ea0-4449-4dcd-96f9-a5cae6dff40d,2346,2,00:14:28.053000,59,28,Pass,Barcelona,Andrés Iniesta Luján,Left Center Midfield,112,Barcelona,69.3,5.7,0.511934,,,,Neymar da Silva Santos Junior,72.7,13.6,8.600581,1.1643778,Ground Pass,,,,,,,,,,,,,,,,
267533,2016-04-02,Barcelona,Real Madrid,La Liga,2015/2016,b7b91b10-6764-4358-8968-6aa006ab8378,2347,2,00:14:28.565000,59,28,Ball Receipt*,Barcelona,Neymar da Silva Santos Junior,Left Wing,112,Barcelona,72.7,13.6,,,,,,,,,,,,,,,,,,,,,,,,,,
267533,2016-04-02,Barcelona,Real Madrid,La Liga,2015/2016,4121b7a7-2e50-49b2-b492-b77670bf9e2d,2348,2,00:14:28.565000,59,28,Carry,Barcelona,Neymar da Silva Santos Junior,Left Wing,112,Barcelona,72.7,13.6,0.080012,,,,,,,,,,,72.7,13.6,,,,,,,,,,,,,
267533,2016-04-02,Barcelona,Real Madrid,La Liga,2015/2016,c4db065b-0c31-487a-81df-5981dca2f3b6,2349,2,00:14:28.645000,59,28,Pass,Barcelona,Neymar da Silva Santos Junior,Left Wing,112,Barcelona,72.7,13.6,0.583332,,,,Andrés Iniesta Luján,68.3,8.5,6.735726,-2.2826433,Ground Pass,,,,,,,,,,,,,,,,
267533,2016-04-02,Barcelona,Real Madrid,La Liga,2015/2016,5c92842d-8303-4c25-b68c-1524f6595bc9,2350,2,00:14:29.228000,59,29,Ball Receipt*,Barcelona,Andrés Iniesta Luján,Left Center Midfield,112,Barcelona,68.3,8.5,,,,,,,,,,,,,,,,,,,,,,,,,,
267533,2016-04-02,Barcelona,Real Madrid,La Liga,2015/2016,158d0034-3320-434b-9897-d4faf7d23f6d,2351,2,00:14:29.228000,59,29,Carry,Barcelona,Andrés Iniesta Luján,Left Center Midfield,112,Barcelona,68.3,8.5,1.129714,True,,,,,,,,,,63.1,10.2,,,,,,,,,,,,,
267533,2016-04-02,Barcelona,Real Madrid,La Liga,2015/2016,50185313-55e0-49dd-a27a-6fa4ae3c0599,2352,2,00:14:29.723000,59,29,Pressure,Real Madrid,Toni Kroos,Left Center Midfield,112,Barcelona,54.6,65.5,0.571127,,,,,,,,,,,,,,,,,,,,,,,,,
267533,2016-04-02,Barcelona,Real Madrid,La Liga,2015/2016,f611f5be-4e70-4a51-86fd-cdb0ffe3fe5b,2353,2,00:14:30.358000,59,30,Pass,Barcelona,Andrés Iniesta Luján,Left Center Midfield,112,Barcelona,63.1,10.2,1.303805,,,,Javier Alejandro Mascherano,49.9,17.1,14.8946295,2.659929,Ground Pass,,,,,,,,,,,,,,,,
267533,2016-04-02,Barcelona,Real Madrid,La Liga,2015/2016,b4a26889-0794-40ee-9910-e1111d9239a3,2354,2,00:14:31.662000,59,31,Ball Receipt*,Barcelona,Javier Alejandro Mascherano,Left Center Back,112,Barcelona,49.9,17.1,,,,,,,,,,,,,,,,,,,,,,,,,,
267533,2016-04-02,Barcelona,Real Madrid,La Liga,2015/2016,1bb8fe4f-c527-4260-a2f3-e1c7ce23d2a4,2355,2,00:14:31.662000,59,31,Carry,Barcelona,Javier Alejandro Mascherano,Left Center Back,112,Barcelona,49.9,17.1,0.907349,,,,,,,,,,,49.9,22.5,,,,,,,,,,,,,
267533,2016-04-02,Barcelona,Real Madrid,La Liga,2015/2016,58034e15-0547-4eea-b23c-4e9f98ee33ae,2356,2,00:14:32.569000,59,32,Pass,Barcelona,Javier Alejandro Mascherano,Left Center Back,112,Barcelona,49.9,22.5,1.65771,,,,Gerard Piqué Bernabéu,36.6,41.4,23.110603,2.1840036,Ground Pass,,,,,,,,,,,,,,,,
267533,2016-04-02,Barcelona,Real Madrid,La Liga,2015/2016,458558b1-b178-4909-bb0f-7f66f0f0bf91,2357,2,00:14:34.227000,59,34,Ball Receipt*,Barcelona,Gerard Piqué Bernabéu,Right Center Back,112,Barcelona,36.6,41.4,,,,,,,,,,,,,,,,,,,,,,,,,,
267533,2016-04-02,Barcelona,Real Madrid,La Liga,2015/2016,d2562638-28ee-4d45-bc75-03d9f054c459,2358,2,00:14:34.227000,59,34,Carry,Barcelona,Gerard Piqué Bernabéu,Right Center Back,112,Barcelona,36.6,41.4,0.83599,,,,,,,,,,,38.0,46.6,,,,,,,,,,,,,
267533,2016-04-02,Barcelona,Real Madrid,La Liga,2015/2016,e8eeceab-caff-481d-b824-0c8dd3e8f0f1,2359,2,00:14:35.063000,59,35,Pass,Barcelona,Gerard Piqué Bernabéu,Right Center Back,112,Barcelona,38.0,46.6,1.074416,,,,Ivan Rakitić,52.4,44.4,14.567086,-0.15160549,Ground Pass,,,,,,,,,,,,,,,,
267533,2016-04-02,Barcelona,Real Madrid,La Liga,2015/2016,3602d531-9a92-4b28-8339-a23d18993fda,2360,2,00:14:36.137000,59,36,Ball Receipt*,Barcelona,Ivan Rakitić,Right Center Midfield,112,Barcelona,52.4,44.4,,,,,,,,,,,,,,,,,,,,,,,,,,
267533,2016-04-02,Barcelona,Real Madrid,La Liga,2015/2016,29d20f6e-48db-4a0f-a501-5e4ce1e0b53c,2361,2,00:14:36.137000,59,36,Carry,Barcelona,Ivan Rakitić,Right Center Midfield,112,Barcelona,52.4,44.4,1.907256,,,,,,,,,,,49.0,48.4,,,,,,,,,,,,,
267533,2016-04-02,Barcelona,Real Madrid,La Liga,2015/2016,385fdc3e-79ed-4a29-97be-5a3ee5a67a52,2362,2,00:14:38.044000,59,38,Pass,Barcelona,Ivan Rakitić,Right Center Midfield,112,Barcelona,49.0,48.4,1.780571,,,,Javier Alejandro Mascherano,36.9,25.9,25.54721,-2.0642076,Ground Pass,,,,,,,,,,,,,,,,
267533,2016-04-02,Barcelona,Real Madrid,La Liga,2015/2016,0b53c0c8-b3d0-4c8d-9980-a99297c04e7f,2363,2,00:14:39.825000,59,39,Ball Receipt*,Barcelona,Javier Alejandro Mascherano,Left Center Back,112,Barcelona,36.9,25.9,,,,,,,,,,,,,,,,,,,,,,,,,,
267533,2016-04-02,Barcelona,Real Madrid,La Liga,2015/2016,a8897b83-fb55-4e44-8374-0327348279b2,2364,2,00:14:39.825000,59,39,Carry,Barcelona,Javier Alejandro Mascherano,Left Center Back,112,Barcelona,36.9,25.9,1.530257,,,,,,,,,,,40.0,25.3,,,,,,,,,,,,,
267533,2016-04-02,Barcelona,Real Madrid,La Liga,2015/2016,211cac44-93e6-4ab0-80a4-ad7a03e7c1aa,2365,2,00:14:41.355000,59,41,Pass,Barcelona,Javier Alejandro Mascherano,Left Center Back,112,Barcelona,40.0,25.3,1.021039,,,,Jordi Alba Ramos,47.0,11.3,15.652476,-1.1071488,Ground Pass,,,,,,,,,,,,,,,,
267533,2016-04-02,Barcelona,Real Madrid,La Liga,2015/2016,1979ca38-8696-4114-be18-8c6a061ac32a,2366,2,00:14:42.376000,59,42,Ball Receipt*,Barcelona,Jordi Alba Ramos,Left Back,112,Barcelona,47.0,11.3,,,,,,,,,,,,,,,,,,,,,,,,,,
267533,2016-04-02,Barcelona,Real Madrid,La Liga,2015/2016,8af84a91-8a13-4f0b-bd6b-319badf8f953,2367,2,00:14:42.376000,59,42,Carry,Barcelona,Jordi Alba Ramos,Left Back,112,Barcelona,47.0,11.3,1.620957,,,,,,,,,,,49.2,12.6,,,,,,,,,,,,,
267533,2016-04-02,Barcelona,Real Madrid,La Liga,2015/2016,e9c0a6ab-0726-49e2-9673-c2879ff9f2f9,2368,2,00:14:43.997000,59,43,Pass,Barcelona,Jordi Alba Ramos,Left Back,112,Barcelona,49.2,12.6,1.268758,,,,Sergio Busquets i Burgos,54.2,26.1,14.39618,1.2160907,Ground Pass,,,,,,,,,,,,,,,,
267533,2016-04-02,Barcelona,Real Madrid,La Liga,2015/2016,7ba1d278-02e1-41ad-9985-42efe46961f3,2369,2,00:14:45.266000,59,45,Ball Receipt*,Barcelona,Sergio Busquets i Burgos,Center Defensive Midfield,112,Barcelona,54.2,26.1,,,,,,,,,,,,,,,,,,,,,,,,,,
267533,2016-04-02,Barcelona,Real Madrid,La Liga,2015/2016,1367b799-a952-425a-a8f8-6543cbead90a,2370,2,00:14:45.266000,59,45,Carry,Barcelona,Sergio Busquets i Burgos,Center Defensive Midfield,112,Barcelona,54.2,26.1,1.735146,,,,,,,,,,,56.9,27.4,,,,,,,,,,,,,
267533,2016-04-02,Barcelona,Real Madrid,La Liga,2015/2016,6f68ed50-ff00-4811-b7a3-4e8aafa2703e,2371,2,00:14:47.001000,59,47,Pass,Barcelona,Sergio Busquets i Burgos,Center Defensive Midfield,112,Barcelona,56.9,27.4,1.0923,,,,Lionel Andrés Messi Cuccittini,64.9,35.4,11.313708,0.7853982,Ground Pass,,,,,,,,,,,,,,,,
267533,2016-04-02,Barcelona,Real Madrid,La Liga,2015/2016,241532b7-2d14-4472-a3d0-5f012ddf4f9a,2372,2,00:14:48.094000,59,48,Ball Receipt*,Barcelona,Lionel Andrés Messi Cuccittini,Center Forward,112,Barcelona,64.9,35.4,,,,,,,,,,,,,,,,,,,,,,,,,,
267533,2016-04-02,Barcelona,Real Madrid,La Liga,2015/2016,bacd35b6-3ca8-4058-afc2-c86278c56bf1,2373,2,00:14:48.094000,59,48,Carry,Barcelona,Lionel Andrés Messi Cuccittini,Center Forward,112,Barcelona,64.9,35.4,1.0114,,,,,,,,,,,64.4,38.8,,,,,,,,,,,,,
267533,2016-04-02,Barcelona,Real Madrid,La Liga,2015/2016,fd99239f-d349-4c05-8368-77897b5d5d0f,2374,2,00:14:49.105000,59,49,Pass,Barcelona,Lionel Andrés Messi Cuccittini,Center Forward,112,Barcelona,64.4,38.8,1.301299,,,,Ivan Rakitić,60.3,49.8,11.73925,1.927573,Ground Pass,,,,,,,,,,,,,,,,
267533,2016-04-02,Barcelona,Real Madrid,La Liga,2015/2016,6e4ce681-1504-4337-8546-46a483503898,2375,2,00:14:50.406000,59,50,Ball Receipt*,Barcelona,Ivan Rakitić,Right Center Midfield,112,Barcelona,60.3,49.8,,,,,,,,,,,,,,,,,,,,,,,,,,
267533,2016-04-02,Barcelona,Real Madrid,La Liga,2015/2016,269910bc-0438-40e3-af30-693821d74b50,2376,2,00:14:50.406000,59,50,Carry,Barcelona,Ivan Rakitić,Right Center Midfield,112,Barcelona,60.3,49.8,1.018401,,,,,,,,,,,57.9,53.2,,,,,,,,,,,,,
267533,2016-04-02,Barcelona,Real Madrid,La Liga,2015/2016,009ac64c-d738-492d-bc40-f98184866c58,2377,2,00:14:51.425000,59,51,Pass,Barcelona,Ivan Rakitić,Right Center Midfield,112,Barcelona,57.9,53.2,1.367951,,,,Daniel Alves da Silva,64.5,77.3,24.987396,1.3034912,Ground Pass,,,,,,,,,,,,,,,,
267533,2016-04-02,Barcelona,Real Madrid,La Liga,2015/2016,4a4a4c93-faed-4d3a-9c75-d6b1b3a21c52,2378,2,00:14:52.793000,59,52,Ball Receipt*,Barcelona,Daniel Alves da Silva,Right Back,112,Barcelona,64.5,77.3,,,,,,,,,,,,,,,,,,,,,,,,,,
267533,2016-04-02,Barcelona,Real Madrid,La Liga,2015/2016,efd8bb88-47fb-4f85-b985-dc26aaa2236a,2379,2,00:14:52.793000,59,52,Carry,Barcelona,Daniel Alves da Silva,Right Back,112,Barcelona,64.5,77.3,1.243339,,,,,,,,,,,63.5,77.4,,,,,,,,,,,,,
267533,2016-04-02,Barcelona,Real Madrid,La Liga,2015/2016,fdc3cb33-64b8-421a-9722-a7e40374b1f4,2380,2,00:14:54.036000,59,54,Pass,Barcelona,Daniel Alves da Silva,Right Back,112,Barcelona,63.5,77.4,2.086349,,,,Gerard Piqué Bernabéu,40.0,62.9,27.613403,-2.5887513,Ground Pass,,,,,,,,,,,,,,,,
267533,2016-04-02,Barcelona,Real Madrid,La Liga,2015/2016,d2fdc7ba-2d98-4a75-8c66-414590285b34,2381,2,00:14:56.122000,59,56,Ball Receipt*,Barcelona,Gerard Piqué Bernabéu,Right Center Back,112,Barcelona,40.0,62.9,,,,,,,,,,,,,,,,,,,,,,,,,,
267533,2016-04-02,Barcelona,Real Madrid,La Liga,2015/2016,568a8cbe-f41e-46e9-9e26-0d7384bcc70f,2382,2,00:14:56.122000,59,56,Carry,Barcelona,Gerard Piqué Bernabéu,Right Center Back,112,Barcelona,40.0,62.9,1.331787,,,,,,,,,,,40.4,60.1,,,,,,,,,,,,,
267533,2016-04-02,Barcelona,Real Madrid,La Liga,2015/2016,b5d6db43-1938-4220-93b7-bf7f3412e77b,2383,2,00:14:57.454000,59,57,Pass,Barcelona,Gerard Piqué Bernabéu,Right Center Back,112,Barcelona,40.4,60.1,2.2245,,,,Javier Alejandro Mascherano,36.1,23.7,36.653103,-1.6883832,Ground Pass,,,,,,,,,,,,,,,,
267533,2016-04-02,Barcelona,Real Madrid,La Liga,2015/2016,d0ec9a07-b7cd-44c0-8cbb-c92e0c78525f,2384,2,00:14:59.679000,59,59,Ball Receipt*,Barcelona,Javier Alejandro Mascherano,Left Center Back,112,Barcelona,36.1,23.7,,,,,,,,,,,,,,,,,,,,,,,,,,
267533,2016-04-02,Barcelona,Real Madrid,La Liga,2015/2016,78810f09-1830-4a45-a150-15507949b0b3,2385,2,00:14:59.679000,59,59,Carry,Barcelona,Javier Alejandro Mascherano,Left Center Back,112,Barcelona,36.1,23.7,2.178974,,,,,,,,,,,39.3,23.2,,,,,,,,,,,,,
267533,2016-04-02,Barcelona,Real Madrid,La Liga,2015/2016,b381f323-f5d3-4c92-b47e-f83f1b670731,2386,2,00:15:01.858000,60,1,Pass,Barcelona,Javier Alejandro Mascherano,Left Center Back,112,Barcelona,39.3,23.2,1.8149,,,,Neymar da Silva Santos Junior,70.1,13.7,32.231815,-0.29918325,High Pass,Incomplete,,,,,,,,,,,,,,,
267533,2016-04-02,Barcelona,Real Madrid,La Liga,2015/2016,faacc12f-5da1-44ca-9911-6145edca0336,2387,2,00:15:03.672000,60,3,Ball Receipt*,Barcelona,Neymar da Silva Santos Junior,Left Wing,112,Barcelona,69.3,13.9,,,,,,,,,,,,,,,,,,,,,,,,,,
267533,2016-04-02,Barcelona,Real Madrid,La Liga,2015/2016,9630a698-df6a-4f2f-9af2-8616369dd4bd,2388,2,00:15:03.672000,60,3,Pass,Real Madrid,Daniel Carvajal Ramos,Right Back,112,Barcelona,50.0,66.4,2.0764,,,,Gareth Frank Bale,69.7,67.2,19.716236,0.040586837,High Pass,Incomplete,,,,,,,,,,,,,,,
267533,2016-04-02,Barcelona,Real Madrid,La Liga,2015/2016,a3b86613-da99-4523-a72f-615d5a1228ad,2389,2,00:15:05.749000,60,5,Ball Receipt*,Real Madrid,Gareth Frank Bale,Right Wing,112,Barcelona,67.1,67.9,,,,,,,,,,,,,,,,,,,,,,,,,,
267533,2016-04-02,Barcelona,Real Madrid,La Liga,2015/2016,3d8b9cfa-f043-4a54-9738-4092a57b45dd,2390,2,00:15:05.749000,60,5,Pass,Barcelona,Jordi Alba Ramos,Left Back,112,Barcelona,50.4,12.9,1.0783,,,,Neymar da Silva Santos Junior,63.1,14.6,12.813274,0.13306727,Low Pass,,,,,,,,,,,,,,,,
267533,2016-04-02,Barcelona,Real Madrid,La Liga,2015/2016,131222fd-64c8-448c-b4ec-f84f674af3f9,2391,2,00:15:06.057000,60,6,Pressure,Real Madrid,Daniel Carvajal Ramos,Right Back,112,Barcelona,55.7,67.4,0.790485,,,,,,,,,,,,,,,,,,,,,,,,,
267533,2016-04-02,Barcelona,Real Madrid,La Liga,2015/2016,ca0df379-47fb-4c21-b5f8-27b1dace5c87,2392,2,00:15:06.827000,60,6,Ball Receipt*,Barcelona,Neymar da Silva Santos Junior,Left Wing,112,Barcelona,63.1,14.6,,True,,,,,,,,,,,,,,,,,,,,,,,,
267533,2016-04-02,Barcelona,Real Madrid,La Liga,2015/2016,9671530f-c9d1-4f11-8444-1b302f0d4ab1,2393,2,00:15:06.827000,60,6,Carry,Barcelona,Neymar da Silva Santos Junior,Left Wing,112,Barcelona,63.1,14.6,0.08,True,,,,,,,,,,63.5,15.6,,,,,,,,,,,,,
267533,2016-04-02,Barcelona,Real Madrid,La Liga,2015/2016,2b084cf6-c5e6-4dc7-86d1-a062da6d4149,2394,2,00:15:06.907000,60,6,Pass,Barcelona,Neymar da Silva Santos Junior,Left Wing,112,Barcelona,63.5,15.6,2.1874,,,,Sergio Busquets i Burgos,55.4,30.1,16.609034,2.080234,Low Pass,,,,,,,,,,,,,,,,
267533,2016-04-02,Barcelona,Real Madrid,La Liga,2015/2016,b24ef92e-ff1c-46fc-a5f2-d09779686d7e,2395,2,00:15:09.095000,60,9,Ball Receipt*,Barcelona,Sergio Busquets i Burgos,Center Defensive Midfield,112,Barcelona,55.4,30.1,,,,,,,,,,,,,,,,,,,,,,,,,,
267533,2016-04-02,Barcelona,Real Madrid,La Liga,2015/2016,7eb4e4ec-a8cb-4752-a758-410501631f8b,2396,2,00:15:09.095000,60,9,Carry,Barcelona,Sergio Busquets i Burgos,Center Defensive Midfield,112,Barcelona,55.4,30.1,0.092281,,,,,,,,,,,55.8,30.1,,,,,,,,,,,,,
267533,2016-04-02,Barcelona,Real Madrid,La Liga,2015/2016,87c5aefb-312e-4aa6-a556-83fffd8167ca,2397,2,00:15:09.187000,60,9,Pass,Barcelona,Sergio Busquets i Burgos,Center Defensive Midfield,112,Barcelona,55.8,30.1,1.147919,,,,Luis Alberto Suárez Díaz,76.5,34.0,21.064188,0.18622284,Ground Pass,,,,,,,,,,,,,,,,
267533,2016-04-02,Barcelona,Real Madrid,La Liga,2015/2016,20bbc9c4-2fba-4ec9-8838-6fb2ddfb2253,2398,2,00:15:10.335000,60,10,Ball Receipt*,Barcelona,Luis Alberto Suárez Díaz,Right Wing,112,Barcelona,76.5,34.0,,,,,,,,,,,,,,,,,,,,,,,,,,
267533,2016-04-02,Barcelona,Real Madrid,La Liga,2015/2016,028be813-1003-449e-84c1-a71df7946ef0,2399,2,00:15:10.335000,60,10,Carry,Barcelona,Luis Alberto Suárez Díaz,Right Wing,112,Barcelona,76.5,34.0,0.04,,,,,,,,,,,76.5,34.0,,,,,,,,,,,,,
267533,2016-04-02,Barcelona,Real Madrid,La Liga,2015/2016,6960eb76-7334-4ddb-832e-88852abc9d67,2400,2,00:15:10.375000,60,10,Pass,Barcelona,Luis Alberto Suárez Díaz,Right Wing,112,Barcelona,76.5,34.0,1.854963,,,,Lionel Andrés Messi Cuccittini,69.7,46.1,13.879842,2.0827932,Ground Pass,,,,,,,,,,,,,,,,
267533,2016-04-02,Barcelona,Real Madrid,La Liga,2015/2016,5670cf44-9eb7-4b53-b47f-17d2bd1ff38f,2401,2,00:15:12.230000,60,12,Ball Receipt*,Barcelona,Lionel Andrés Messi Cuccittini,Center Forward,112,Barcelona,69.7,46.1,,,,,,,,,,,,,,,,,,,,,,,,,,
267533,2016-04-02,Barcelona,Real Madrid,La Liga,2015/2016,0a750d7e-5eb2-4e41-b55e-9d1ad46f5bc6,2402,2,00:15:12.230000,60,12,Carry,Barcelona,Lionel Andrés Messi Cuccittini,Center Forward,112,Barcelona,69.7,46.1,3.711637,,,,,,,,,,,80.4,47.6,,,,,,,,,,,,,
267533,2016-04-02,Barcelona,Real Madrid,La Liga,2015/2016,9376b6fa-fe49-44ae-91df-f5c02bbc3e48,2403,2,00:15:15.941000,60,15,Pass,Barcelona,Lionel Andrés Messi Cuccittini,Center Forward,112,Barcelona,80.4,47.6,1.038234,,,,Luis Alberto Suárez Díaz,90.0,36.8,14.449913,-0.844154,Low Pass,,,,,,,,,,,,,,,,
267533,2016-04-02,Barcelona,Real Madrid,La Liga,2015/2016,de6237bd-eecb-4e92-ae44-834f43a8543c,2404,2,00:15:16.980000,60,16,Ball Receipt*,Barcelona,Luis Alberto Suárez Díaz,Right Wing,112,Barcelona,90.0,36.8,,,,,,,,,,,,,,,,,,,,,,,,,,
267533,2016-04-02,Barcelona,Real Madrid,La Liga,2015/2016,78fb56ca-3d41-4723-b2ec-06001bbca228,2405,2,00:15:16.980000,60,16,Carry,Barcelona,Luis Alberto Suárez Díaz,Right Wing,112,Barcelona,90.0,36.8,0.947166,,,,,,,,,,,92.0,37.3,,,,,,,,,,,,,
267533,2016-04-02,Barcelona,Real Madrid,La Liga,2015/2016,dbee078a-9ad3-412f-8a20-3b4e69f5a209,2406,2,00:15:17.927000,60,17,Pass,Barcelona,Luis Alberto Suárez Díaz,Right Wing,112,Barcelona,92.0,37.3,0.9795,,,,Lionel Andrés Messi Cuccittini,102.0,44.0,12.037026,0.59030676,Low Pass,Incomplete,,,,,,,,,,,,,,,
267533,2016-04-02,Barcelona,Real Madrid,La Liga,2015/2016,b65448ed-4fbf-43bb-bb7d-42ff2c30350a,2407,2,00:15:18.906000,60,18,Ball Receipt*,Barcelona,Lionel Andrés Messi Cuccittini,Center Forward,112,Barcelona,104.8,46.1,,,,,,,,,,,,,,,,,,,,,,,,,,
267533,2016-04-02,Barcelona,Real Madrid,La Liga,2015/2016,e7622022-db35-4430-8e40-27f0ef6140dd,2408,2,00:15:18.906000,60,18,Pass,Real Madrid,Sergio Ramos García,Left Center Back,113,Real Madrid,18.1,36.1,0.8801,,,,Carlos Henrique Casimiro,27.1,37.1,9.055386,0.11065722,Low Pass,,,,,,,,,,,,,,,,
267533,2016-04-02,Barcelona,Real Madrid,La Liga,2015/2016,b8e4827f-1b29-4845-bb23-3fe7ac99e461,2409,2,00:15:19.786000,60,19,Ball Receipt*,Real Madrid,Carlos Henrique Casimiro,Center Defensive Midfield,113,Real Madrid,27.1,37.1,,,,,,,,,,,,,,,,,,,,,,,,,,
267533,2016-04-02,Barcelona,Real Madrid,La Liga,2015/2016,39861391-cc0a-4ab0-abe6-ae938a7587dd,2410,2,00:15:19.786000,60,19,Carry,Real Madrid,Carlos Henrique Casimiro,Center Defensive Midfield,113,Real Madrid,27.1,37.1,0.9159,,,,,,,,,,,28.5,36.9,,,,,,,,,,,,,
267533,2016-04-02,Barcelona,Real Madrid,La Liga,2015/2016,b78c8896-94d0-4570-bc98-3b6b8e0d818f,2411,2,00:15:20.702000,60,20,Pass,Real Madrid,Carlos Henrique Casimiro,Center Defensive Midfield,113,Real Madrid,28.5,36.9,0.4084,,,,Toni Kroos,32.9,33.1,5.813777,-0.7123576,Ground Pass,,,,,,,,,,,,,,,,
267533,2016-04-02,Barcelona,Real Madrid,La Liga,2015/2016,4876c5a4-d846-4dc0-8851-bd8036ac3c34,2412,2,00:15:21.081000,60,21,Pressure,Barcelona,Andrés Iniesta Luján,Left Center Midfield,113,Real Madrid,87.6,44.0,1.582803,,,,,,,,,,,,,,,,,,,,,,,,,
267533,2016-04-02,Barcelona,Real Madrid,La Liga,2015/2016,1b2320d2-427c-45af-9332-7808a3537472,2413,2,00:15:21.111000,60,21,Ball Receipt*,Real Madrid,Toni Kroos,Left Center Midfield,113,Real Madrid,32.9,33.1,,True,,,,,,,,,,,,,,,,,,,,,,,,
267533,2016-04-02,Barcelona,Real Madrid,La Liga,2015/2016,6a76e017-7373-457c-8b8e-9647264e09c6,2414,2,00:15:21.111000,60,21,Carry,Real Madrid,Toni Kroos,Left Center Midfield,113,Real Madrid,32.9,33.1,1.079,True,,,,,,,,,,32.5,33.1,,,,,,,,,,,,,
267533,2016-04-02,Barcelona,Real Madrid,La Liga,2015/2016,974af185-a222-4c30-a074-99fe1f891b92,2415,2,00:15:22.190000,60,22,Foul Committed,Barcelona,Andrés Iniesta Luján,Left Center Midfield,113,Real Madrid,87.6,47.0,0.0,,,,,,,,,,,,,,,,,,,,,,,,,
267533,2016-04-02,Barcelona,Real Madrid,La Liga,2015/2016,113ba98f-cd34-43ac-ae8d-5e9e76134b1b,2416,2,00:15:22.190000,60,22,Foul Won,Real Madrid,Toni Kroos,Left Center Midfield,113,Real Madrid,32.5,33.1,0.0,True,,,,,,,,,,,,,,,,,,,,,True,,,
267533,2016-04-02,Barcelona,Real Madrid,La Liga,2015/2016,a99bcee7-5dfc-45ae-83a2-48ff31e7489c,2417,2,00:15:22.190000,60,22,Carry,Real Madrid,Toni Kroos,Left Center Midfield,113,Real Madrid,32.5,33.1,0.047525,True,,,,,,,,,,30.1,33.5,,,,,,,,,,,,,
267533,2016-04-02,Barcelona,Real Madrid,La Liga,2015/2016,70437110-5465-48c4-acc4-4078e024e770,2418,2,00:15:22.237000,60,22,Pass,Real Madrid,Toni Kroos,Left Center Midfield,113,Real Madrid,30.1,33.5,0.799075,True,,,Marcelo Vieira da Silva Júnior,26.9,21.4,12.515989,-1.8293401,Ground Pass,,,,,,,,,,,,,,,,
267533,2016-04-02,Barcelona,Real Madrid,La Liga,2015/2016,3ce55588-0e4a-47a4-a2f4-e544148b5319,2419,2,00:15:23.036000,60,23,Ball Receipt*,Real Madrid,Marcelo Vieira da Silva Júnior,Left Back,113,Real Madrid,26.9,21.4,,,,,,,,,,,,,,,,,,,,,,,,,,
267533,2016-04-02,Barcelona,Real Madrid,La Liga,2015/2016,c3d9f0f9-f1f8-4c81-bd24-f52e6f5732e5,2420,2,00:15:23.036000,60,23,Pass,Real Madrid,Marcelo Vieira da Silva Júnior,Left Back,113,Real Madrid,28.5,22.0,0.965328,,,,Cristiano Ronaldo dos Santos Aveiro,42.8,12.4,17.22353,-0.5912232,Low Pass,,,,,,,,,,,,,,,,
267533,2016-04-02,Barcelona,Real Madrid,La Liga,2015/2016,33ccdbcb-94f4-4e02-a8e4-65985395f042,2421,2,00:15:24.002000,60,24,Ball Receipt*,Real Madrid,Cristiano Ronaldo dos Santos Aveiro,Left Wing,113,Real Madrid,42.8,12.4,,,,,,,,,,,,,,,,,,,,,,,,,,
267533,2016-04-02,Barcelona,Real Madrid,La Liga,2015/2016,98034a0f-b838-46cb-8786-a7c7ff7f1847,2422,2,00:15:24.002000,60,24,Carry,Real Madrid,Cristiano Ronaldo dos Santos Aveiro,Left Wing,113,Real Madrid,42.8,12.4,5.626472,,,,,,,,,,,82.8,22.4,,,,,,,,,,,,,
267533,2016-04-02,Barcelona,Real Madrid,La Liga,2015/2016,076b6745-b154-4452-b3ae-45bb5495ffeb,2423,2,00:15:29.628000,60,29,Dribble,Real Madrid,Cristiano Ronaldo dos Santos Aveiro,Left Wing,113,Real Madrid,82.8,22.4,0.0,True,,,,,,,,,,,,,,,,,,,,,,,,
267533,2016-04-02,Barcelona,Real Madrid,La Liga,2015/2016,acc0a5b2-f015-4be0-9203-12bf3a286146,2424,2,00:15:29.628000,60,29,Duel,Barcelona,Sergio Busquets i Burgos,Center Defensive Midfield,113,Real Madrid,37.3,57.7,0.0,True,,,,,,,,,,,,,,,,Tackle,Won,,,,,,,
267533,2016-04-02,Barcelona,Real Madrid,La Liga,2015/2016,850c9096-d89c-48d7-8946-f4f62a0b3197,2425,2,00:15:29.628000,60,29,Carry,Barcelona,Sergio Busquets i Burgos,Center Defensive Midfield,113,Real Madrid,37.3,57.7,4.7285,,,,,,,,,,,44.8,62.5,,,,,,,,,,,,,
267533,2016-04-02,Barcelona,Real Madrid,La Liga,2015/2016,503031af-c784-43aa-8de6-8566d01e661d,2426,2,00:15:34.357000,60,34,Pass,Barcelona,Sergio Busquets i Burgos,Center Defensive Midfield,113,Real Madrid,44.8,62.5,0.5408,,,,Luis Alberto Suárez Díaz,56.8,62.3,12.001667,-0.016665123,High Pass,Incomplete,,,,,,,,,,,,,,,
267533,2016-04-02,Barcelona,Real Madrid,La Liga,2015/2016,f47ee3e7-753e-45cb-81ce-f1375db68b8c,2427,2,00:15:34.897000,60,34,Ball Receipt*,Barcelona,Luis Alberto Suárez Díaz,Right Wing,113,Real Madrid,71.3,55.7,,,,,,,,,,,,,,,,,,,,,,,,,,
267533,2016-04-02,Barcelona,Real Madrid,La Liga,2015/2016,dd583ed9-656e-46a9-a8f3-ff3386fe51fe,2428,2,00:15:34.897000,60,34,Block,Real Madrid,Marcelo Vieira da Silva Júnior,Left Back,113,Real Madrid,63.3,17.8,0.0,,,,,,,,,,,,,,,,,,,,,,,,,
267533,2016-04-02,Barcelona,Real Madrid,La Liga,2015/2016,96af8e9a-f43e-4dc2-aa0d-4be503100bff,2429,2,00:15:37.106000,60,37,Ball Recovery,Real Madrid,Carlos Henrique Casimiro,Center Defensive Midfield,113,Real Madrid,50.9,34.1,0.0,,,,,,,,,,,,,,,,,,,,,,,,,
267533,2016-04-02,Barcelona,Real Madrid,La Liga,2015/2016,d0103ec0-9c2d-4faa-aac5-e263daada9d7,2430,2,00:15:37.106000,60,37,Carry,Real Madrid,Carlos Henrique Casimiro,Center Defensive Midfield,113,Real Madrid,50.9,34.1,1.193854,,,,,,,,,,,51.8,36.3,,,,,,,,,,,,,
267533,2016-04-02,Barcelona,Real Madrid,La Liga,2015/2016,3474af29-2064-4edb-8209-e708b86d2e9f,2431,2,00:15:38.300000,60,38,Pass,Real Madrid,Carlos Henrique Casimiro,Center Defensive Midfield,113,Real Madrid,51.8,36.3,0.738116,,,,Luka Modrić,56.4,41.3,6.794115,0.82704073,Ground Pass,,,,,,,,,,,,,,,,
267533,2016-04-02,Barcelona,Real Madrid,La Liga,2015/2016,f5d09765-704a-4a03-a430-e072eca4b23f,2432,2,00:15:39.038000,60,39,Ball Receipt*,Real Madrid,Luka Modrić,Right Center Midfield,113,Real Madrid,56.4,41.3,,,,,,,,,,,,,,,,,,,,,,,,,,
267533,2016-04-02,Barcelona,Real Madrid,La Liga,2015/2016,71265564-2a01-43fe-8e8c-cdbd27ab904c,2433,2,00:15:39.038000,60,39,Carry,Real Madrid,Luka Modrić,Right Center Midfield,113,Real Madrid,56.4,41.3,2.163929,,,,,,,,,,,56.7,34.0,,,,,,,,,,,,,
267533,2016-04-02,Barcelona,Real Madrid,La Liga,2015/2016,a71869c8-d3f8-4a57-accf-df6f5319440c,2434,2,00:15:41.202000,60,41,Pass,Real Madrid,Luka Modrić,Right Center Midfield,113,Real Madrid,56.7,34.0,0.854228,,,,Toni Kroos,52.6,29.3,6.2369866,-2.2881181,Ground Pass,,,,,,,,,,,,,,,,
267533,2016-04-02,Barcelona,Real Madrid,La Liga,2015/2016,84837db6-262e-4ae3-8ab0-5dcba6218bb0,2435,2,00:15:42.056000,60,42,Ball Receipt*,Real Madrid,Toni Kroos,Left Center Midfield,113,Real Madrid,52.6,29.3,,,,,,,,,,,,,,,,,,,,,,,,,,
267533,2016-04-02,Barcelona,Real Madrid,La Liga,2015/2016,da4c0238-5a5f-4c25-9d8a-1f350aa43c3f,2436,2,00:15:42.056000,60,42,Carry,Real Madrid,Toni Kroos,Left Center Midfield,113,Real Madrid,52.6,29.3,1.156972,,,,,,,,,,,49.0,28.7,,,,,,,,,,,,,
267533,2016-04-02,Barcelona,Real Madrid,La Liga,2015/2016,68e229ed-a3cc-4562-a8fa-0bf8717459e3,2437,2,00:15:43.213000,60,43,Pass,Real Madrid,Toni Kroos,Left Center Midfield,113,Real Madrid,49.0,28.7,1.569,,,,Kléper Laveran Lima Ferreira,38.2,36.5,13.322162,2.5161076,Ground Pass,,,,,,,,,,,,,,,,
267533,2016-04-02,Barcelona,Real Madrid,La Liga,2015/2016,a6fc3a4a-684e-4d59-8689-22b81c7565f3,2438,2,00:15:44.782000,60,44,Ball Receipt*,Real Madrid,Kléper Laveran Lima Ferreira,Right Center Back,113,Real Madrid,38.2,36.5,,,,,,,,,,,,,,,,,,,,,,,,,,
267533,2016-04-02,Barcelona,Real Madrid,La Liga,2015/2016,4ea98da3-91aa-466a-8671-163322b98ce0,2439,2,00:15:44.782000,60,44,Carry,Real Madrid,Kléper Laveran Lima Ferreira,Right Center Back,113,Real Madrid,38.2,36.5,2.273338,True,,,,,,,,,,51.4,56.8,,,,,,,,,,,,,
267533,2016-04-02,Barcelona,Real Madrid,La Liga,2015/2016,09bb5ea2-56ef-4f48-99cc-0da7a80267d5,2440,2,00:15:45.197000,60,45,Pressure,Barcelona,Lionel Andrés Messi Cuccittini,Center Forward,113,Real Madrid,77.9,41.8,1.569568,,,,,,,,,,,,,,,,,,,,,,,,,
267533,2016-04-02,Barcelona,Real Madrid,La Liga,2015/2016,b2f29280-7013-4774-bca1-cf771f8909da,2441,2,00:15:47.056000,60,47,Foul Committed,Barcelona,Lionel Andrés Messi Cuccittini,Center Forward,113,Real Madrid,68.7,23.3,0.0,,,,,,,,,,,,,,,,,,,,,,,,,
267533,2016-04-02,Barcelona,Real Madrid,La Liga,2015/2016,424bc2dd-8c95-40ab-9d38-0a86d7407595,2442,2,00:15:47.056000,60,47,Foul Won,Real Madrid,Kléper Laveran Lima Ferreira,Right Center Back,113,Real Madrid,51.4,56.8,0.0,True,,,,,,,,,,,,,,,,,,,,,,,,
267533,2016-04-02,Barcelona,Real Madrid,La Liga,2015/2016,35499111-0056-4e19-baa2-570d4d0817e5,2443,2,00:15:50.502000,60,50,Pass,Real Madrid,Kléper Laveran Lima Ferreira,Right Center Back,114,Real Madrid,53.2,56.9,1.188088,,,,Gareth Frank Bale,68.5,71.1,20.874147,0.7481273,Ground Pass,,,,,,,,,,,,,,,,
267533,2016-04-02,Barcelona,Real Madrid,La Liga,2015/2016,9f5ba3a8-9e80-4443-92ab-852582ef11a0,2444,2,00:15:51.690000,60,51,Ball Receipt*,Real Madrid,Gareth Frank Bale,Right Wing,114,Real Madrid,68.5,71.1,,,,,,,,,,,,,,,,,,,,,,,,,,
267533,2016-04-02,Barcelona,Real Madrid,La Liga,2015/2016,10f9361e-bf64-4bfb-a747-9e7ce645364b,2445,2,00:15:51.690000,60,51,Carry,Real Madrid,Gareth Frank Bale,Right Wing,114,Real Madrid,68.5,71.1,2.230712,,,,,,,,,,,77.8,68.3,,,,,,,,,,,,,
267533,2016-04-02,Barcelona,Real Madrid,La Liga,2015/2016,e4063953-ef95-47bc-9d13-d5ccc28a4e8c,2446,2,00:15:53.921000,60,53,Miscontrol,Real Madrid,Gareth Frank Bale,Right Wing,114,Real Madrid,77.8,68.3,0.0,,,,,,,,,,,,,,,,,,,,,,,,,
267533,2016-04-02,Barcelona,Real Madrid,La Liga,2015/2016,9eef707d-7337-48dc-b722-a4b31369bd68,2447,2,00:15:55.283000,60,55,Ball Recovery,Barcelona,Jordi Alba Ramos,Left Back,115,Barcelona,27.9,12.6,0.0,,,,,,,,,,,,,,,,,,,,,,,,,
267533,2016-04-02,Barcelona,Real Madrid,La Liga,2015/2016,8b29d42e-cf46-45fd-9b66-e2a6921ccf77,2448,2,00:15:55.283000,60,55,Carry,Barcelona,Jordi Alba Ramos,Left Back,115,Barcelona,27.9,12.6,1.280303,,,,,,,,,,,20.3,6.0,,,,,,,,,,,,,
267533,2016-04-02,Barcelona,Real Madrid,La Liga,2015/2016,3b843efe-1004-4e48-9ccf-2934c1b51969,2449,2,00:15:56.563000,60,56,Pass,Barcelona,Jordi Alba Ramos,Left Back,115,Barcelona,20.3,6.0,0.995163,,,,Andrés Iniesta Luján,34.1,10.8,14.610955,0.33473682,Ground Pass,,,,,,,,,,,,,,,,
267533,2016-04-02,Barcelona,Real Madrid,La Liga,2015/2016,336ee51a-cdd0-45a3-884e-c9a1d08b6baf,2450,2,00:15:57.558000,60,57,Ball Receipt*,Barcelona,Andrés Iniesta Luján,Left Center Midfield,115,Barcelona,34.1,10.8,,,,,,,,,,,,,,,,,,,,,,,,,,
267533,2016-04-02,Barcelona,Real Madrid,La Liga,2015/2016,45250709-17b5-45c4-aa59-2748b0e24657,2451,2,00:15:57.558000,60,57,Carry,Barcelona,Andrés Iniesta Luján,Left Center Midfield,115,Barcelona,34.1,10.8,4.128417,,,,,,,,,,,57.3,12.3,,,,,,,,,,,,,
267533,2016-04-02,Barcelona,Real Madrid,La Liga,2015/2016,f13aa25e-d57a-41f6-9aeb-9b65db62a8b2,2452,2,00:16:01.687000,61,1,Pass,Barcelona,Andrés Iniesta Luján,Left Center Midfield,115,Barcelona,57.3,12.3,0.73977,,,,Lionel Andrés Messi Cuccittini,56.8,22.9,10.611786,1.6179312,Ground Pass,,,,,,,,,,,,,,,,
267533,2016-04-02,Barcelona,Real Madrid,La Liga,2015/2016,7c91ab63-e69d-4b7d-b429-db9116ad24d6,2453,2,00:16:02.426000,61,2,Ball Receipt*,Barcelona,Lionel Andrés Messi Cuccittini,Center Forward,115,Barcelona,56.8,22.9,,,,,,,,,,,,,,,,,,,,,,,,,,
267533,2016-04-02,Barcelona,Real Madrid,La Liga,2015/2016,1018eb03-1220-4fa4-8abd-e2fac1c510db,2454,2,00:16:02.426000,61,2,Carry,Barcelona,Lionel Andrés Messi Cuccittini,Center Forward,115,Barcelona,56.8,22.9,0.120013,,,,,,,,,,,56.8,22.9,,,,,,,,,,,,,
267533,2016-04-02,Barcelona,Real Madrid,La Liga,2015/2016,985e2c78-d288-42ca-a0d8-d481c4da1fbe,2455,2,00:16:02.546000,61,2,Pass,Barcelona,Lionel Andrés Messi Cuccittini,Center Forward,115,Barcelona,56.8,22.9,0.011072,,,,Andrés Iniesta Luján,56.8,16.1,6.8,-1.5707964,Ground Pass,,,,,,,,,,,,,,,,
267533,2016-04-02,Barcelona,Real Madrid,La Liga,2015/2016,8ddf8b79-d500-4cfb-9b9c-60fec273e5d6,2456,2,00:16:02.557000,61,2,Ball Receipt*,Barcelona,Andrés Iniesta Luján,Left Center Midfield,115,Barcelona,56.8,16.1,,,,,,,,,,,,,,,,,,,,,,,,,,
267533,2016-04-02,Barcelona,Real Madrid,La Liga,2015/2016,7df20b7d-9950-44d1-a1c1-d10423326df6,2457,2,00:16:02.557000,61,2,Carry,Barcelona,Andrés Iniesta Luján,Left Center Midfield,115,Barcelona,56.8,16.1,0.922028,,,,,,,,,,,56.8,17.7,,,,,,,,,,,,,
267533,2016-04-02,Barcelona,Real Madrid,La Liga,2015/2016,f432f7df-84a9-4168-a4fd-ec34c6e9711c,2458,2,00:16:03.480000,61,3,Pass,Barcelona,Andrés Iniesta Luján,Left Center Midfield,115,Barcelona,56.8,17.7,0.8,,,,Sergio Busquets i Burgos,50.0,23.5,8.937561,2.4353936,Ground Pass,,,,,,,,,,,,,,,,
267533,2016-04-02,Barcelona,Real Madrid,La Liga,2015/2016,51f0d120-c0af-4c2c-8971-d3c89266b132,2459,2,00:16:04.280000,61,4,Ball Receipt*,Barcelona,Sergio Busquets i Burgos,Center Defensive Midfield,115,Barcelona,50.0,23.5,,,,,,,,,,,,,,,,,,,,,,,,,,
267533,2016-04-02,Barcelona,Real Madrid,La Liga,2015/2016,581c077f-72c6-469a-8c9e-d1df84f5663d,2460,2,00:16:04.280000,61,4,Carry,Barcelona,Sergio Busquets i Burgos,Center Defensive Midfield,115,Barcelona,50.0,23.5,1.995205,,,,,,,,,,,50.0,27.7,,,,,,,,,,,,,
267533,2016-04-02,Barcelona,Real Madrid,La Liga,2015/2016,bb3c264d-757c-4b73-9070-f010308216af,2461,2,00:16:06.275000,61,6,Pass,Barcelona,Sergio Busquets i Burgos,Center Defensive Midfield,115,Barcelona,50.0,27.7,1.842995,,,,Ivan Rakitić,55.9,42.2,15.654392,1.1843588,Ground Pass,,,,,,,,,,,,,,,,
267533,2016-04-02,Barcelona,Real Madrid,La Liga,2015/2016,8d42fe7c-0270-4c47-9ccd-f87774b8a5c4,2462,2,00:16:08.118000,61,8,Ball Receipt*,Barcelona,Ivan Rakitić,Right Center Midfield,115,Barcelona,55.9,42.2,,,,,,,,,,,,,,,,,,,,,,,,,,
267533,2016-04-02,Barcelona,Real Madrid,La Liga,2015/2016,a6190642-69fb-41ff-a05e-02d716ed8208,2463,2,00:16:08.118000,61,8,Carry,Barcelona,Ivan Rakitić,Right Center Midfield,115,Barcelona,55.9,42.2,0.6503,,,,,,,,,,,54.4,43.0,,,,,,,,,,,,,
267533,2016-04-02,Barcelona,Real Madrid,La Liga,2015/2016,31073a70-d97e-48f4-a03c-9da6718d4ce6,2464,2,00:16:08.768000,61,8,Pass,Barcelona,Ivan Rakitić,Right Center Midfield,115,Barcelona,54.4,43.0,1.2,,,,Gerard Piqué Bernabéu,40.7,51.4,16.070158,2.5915682,Ground Pass,,,,,,,,,,,,,,,,
267533,2016-04-02,Barcelona,Real Madrid,La Liga,2015/2016,e6f484a8-8cf5-46b8-8088-d914c442aa31,2465,2,00:16:09.968000,61,9,Ball Receipt*,Barcelona,Gerard Piqué Bernabéu,Right Center Back,115,Barcelona,40.7,51.4,,,,,,,,,,,,,,,,,,,,,,,,,,
267533,2016-04-02,Barcelona,Real Madrid,La Liga,2015/2016,a2fed4a9-2932-4e34-967e-17e4f28ddce6,2466,2,00:16:09.968000,61,9,Carry,Barcelona,Gerard Piqué Bernabéu,Right Center Back,115,Barcelona,40.7,51.4,1.8274,,,,,,,,,,,40.9,49.5,,,,,,,,,,,,,
267533,2016-04-02,Barcelona,Real Madrid,La Liga,2015/2016,893bb180-b47b-4e74-9650-cb53a73e4c52,2467,2,00:16:11.795000,61,11,Pass,Barcelona,Gerard Piqué Bernabéu,Right Center Back,115,Barcelona,40.9,49.5,2.0,,,,Javier Alejandro Mascherano,43.1,19.9,29.681644,-1.4966084,Ground Pass,,,,,,,,,,,,,,,,
267533,2016-04-02,Barcelona,Real Madrid,La Liga,2015/2016,da5c741f-1b40-48f5-bbcc-4cd95c32436a,2468,2,00:16:13.795000,61,13,Ball Receipt*,Barcelona,Javier Alejandro Mascherano,Left Center Back,115,Barcelona,43.1,19.9,,,,,,,,,,,,,,,,,,,,,,,,,,
267533,2016-04-02,Barcelona,Real Madrid,La Liga,2015/2016,6718cb68-90ec-4751-8e12-b6b10a0e0372,2469,2,00:16:13.795000,61,13,Carry,Barcelona,Javier Alejandro Mascherano,Left Center Back,115,Barcelona,43.1,19.9,0.8756,,,,,,,,,,,43.2,16.1,,,,,,,,,,,,,
267533,2016-04-02,Barcelona,Real Madrid,La Liga,2015/2016,b34f92e3-dba5-4d74-817b-9d8eebbd814a,2470,2,00:16:14.671000,61,14,Pass,Barcelona,Javier Alejandro Mascherano,Left Center Back,115,Barcelona,43.2,16.1,1.067846,,,,Jordi Alba Ramos,51.6,7.8,11.808895,-0.7794102,Ground Pass,,,,,,,,,,,,,,,,
267533,2016-04-02,Barcelona,Real Madrid,La Liga,2015/2016,0b8ed487-2d52-4211-a982-535d7b0ec2ee,2471,2,00:16:15.739000,61,15,Ball Receipt*,Barcelona,Jordi Alba Ramos,Left Back,115,Barcelona,51.6,7.8,,,,,,,,,,,,,,,,,,,,,,,,,,
267533,2016-04-02,Barcelona,Real Madrid,La Liga,2015/2016,35ee1b32-bbdc-4169-8606-0e8705d2b9bf,2472,2,00:16:15.739000,61,15,Carry,Barcelona,Jordi Alba Ramos,Left Back,115,Barcelona,51.6,7.8,1.610954,,,,,,,,,,,51.3,6.7,,,,,,,,,,,,,
267533,2016-04-02,Barcelona,Real Madrid,La Liga,2015/2016,5172ca6c-6c0e-4cb9-bff0-310960690599,2473,2,00:16:17.350000,61,17,Pass,Barcelona,Jordi Alba Ramos,Left Back,115,Barcelona,51.3,6.7,1.417819,,,,Javier Alejandro Mascherano,44.7,15.3,10.840664,2.225367,Ground Pass,,,,,,,,,,,,,,,,
267533,2016-04-02,Barcelona,Real Madrid,La Liga,2015/2016,34428192-9b5d-4237-b193-2c81b0147d29,2474,2,00:16:18.768000,61,18,Ball Receipt*,Barcelona,Javier Alejandro Mascherano,Left Center Back,115,Barcelona,44.7,15.3,,,,,,,,,,,,,,,,,,,,,,,,,,
267533,2016-04-02,Barcelona,Real Madrid,La Liga,2015/2016,cf694bd5-09da-47e0-8677-feef89270668,2475,2,00:16:18.768000,61,18,Carry,Barcelona,Javier Alejandro Mascherano,Left Center Back,115,Barcelona,44.7,15.3,1.064844,,,,,,,,,,,44.2,20.2,,,,,,,,,,,,,
267533,2016-04-02,Barcelona,Real Madrid,La Liga,2015/2016,ec096e8c-a4bc-4238-92f8-160906ff268e,2476,2,00:16:19.832000,61,19,Pass,Barcelona,Javier Alejandro Mascherano,Left Center Back,115,Barcelona,44.2,20.2,2.165337,,,,Gerard Piqué Bernabéu,40.4,49.1,29.148756,1.7015343,Ground Pass,,,,,,,,,,,,,,,,
267533,2016-04-02,Barcelona,Real Madrid,La Liga,2015/2016,f298799d-b850-4cff-9d91-fb90fec7aa9f,2477,2,00:16:21.998000,61,21,Ball Receipt*,Barcelona,Gerard Piqué Bernabéu,Right Center Back,115,Barcelona,40.4,49.1,,,,,,,,,,,,,,,,,,,,,,,,,,
267533,2016-04-02,Barcelona,Real Madrid,La Liga,2015/2016,1ab66afe-652e-42a3-a62e-77bc7487d641,2478,2,00:16:21.998000,61,21,Carry,Barcelona,Gerard Piqué Bernabéu,Right Center Back,115,Barcelona,40.4,49.1,2.445333,,,,,,,,,,,41.4,49.9,,,,,,,,,,,,,
267533,2016-04-02,Barcelona,Real Madrid,La Liga,2015/2016,b823c59c-3c7d-4b3d-935e-557b91269ba9,2479,2,00:16:24.443000,61,24,Pass,Barcelona,Gerard Piqué Bernabéu,Right Center Back,115,Barcelona,41.4,49.9,1.117161,,,,Sergio Busquets i Burgos,55.5,43.3,15.568237,-0.43779132,Ground Pass,,,,,,,,,,,,,,,,
267533,2016-04-02,Barcelona,Real Madrid,La Liga,2015/2016,e44f5c0c-7878-4877-978d-498c5e599015,2480,2,00:16:25.560000,61,25,Ball Receipt*,Barcelona,Sergio Busquets i Burgos,Center Defensive Midfield,115,Barcelona,55.5,43.3,,,,,,,,,,,,,,,,,,,,,,,,,,
267533,2016-04-02,Barcelona,Real Madrid,La Liga,2015/2016,f48f798a-f5a1-4e28-b3c7-f52c2596fa07,2481,2,00:16:25.560000,61,25,Carry,Barcelona,Sergio Busquets i Burgos,Center Defensive Midfield,115,Barcelona,55.5,43.3,3.360806,True,,,,,,,,,,58.6,44.0,,,,,,,,,,,,,
267533,2016-04-02,Barcelona,Real Madrid,La Liga,2015/2016,caed0219-fec1-4f1c-9502-bb325693ea3c,2482,2,00:16:27.688000,61,27,Pressure,Real Madrid,Toni Kroos,Left Center Midfield,115,Barcelona,56.1,34.0,1.233599,,,,,,,,,,,,,,,,,,,,,,,,,
267533,2016-04-02,Barcelona,Real Madrid,La Liga,2015/2016,f0b4f2a9-8f35-4e16-8f80-1d34d6d40671,2483,2,00:16:28.921000,61,28,Dribbled Past,Real Madrid,Toni Kroos,Left Center Midfield,115,Barcelona,61.5,36.1,0.0,,,,,,,,,,,,,,,,,,,,,,,,,
267533,2016-04-02,Barcelona,Real Madrid,La Liga,2015/2016,6bbb2d11-44d0-4fb3-b02d-2283f9337ebe,2484,2,00:16:28.921000,61,28,Dribble,Barcelona,Sergio Busquets i Burgos,Center Defensive Midfield,115,Barcelona,58.6,44.0,0.0,True,,,,,,,,,,,,,,,,,,,,,,,,
267533,2016-04-02,Barcelona,Real Madrid,La Liga,2015/2016,c6e2fa13-fd34-4199-9683-c8ea08a46ea6,2485,2,00:16:28.921000,61,28,Carry,Barcelona,Sergio Busquets i Burgos,Center Defensive Midfield,115,Barcelona,58.6,44.0,0.5426,True,,,,,,,,,,57.3,43.8,,,,,,,,,,,,,
267533,2016-04-02,Barcelona,Real Madrid,La Liga,2015/2016,71950f6c-88d1-45ec-a57f-42a3a9a758b2,2486,2,00:16:29.464000,61,29,Pass,Barcelona,Sergio Busquets i Burgos,Center Defensive Midfield,115,Barcelona,57.3,43.8,1.0267,,,,Lionel Andrés Messi Cuccittini,65.4,51.5,11.175867,0.76008713,Ground Pass,,,,,,,,,,,,,,,,
267533,2016-04-02,Barcelona,Real Madrid,La Liga,2015/2016,72f1d899-765a-483d-9b77-618dcadd7b97,2487,2,00:16:30.490000,61,30,Ball Receipt*,Barcelona,Lionel Andrés Messi Cuccittini,Center Forward,115,Barcelona,65.4,51.5,,,,,,,,,,,,,,,,,,,,,,,,,,
267533,2016-04-02,Barcelona,Real Madrid,La Liga,2015/2016,736f5773-236c-45c3-a89d-6d469e41d516,2488,2,00:16:30.490000,61,30,Carry,Barcelona,Lionel Andrés Messi Cuccittini,Center Forward,115,Barcelona,65.4,51.5,0.08,,,,,,,,,,,65.4,51.2,,,,,,,,,,,,,
267533,2016-04-02,Barcelona,Real Madrid,La Liga,2015/2016,fcf1326f-26d4-468f-a056-3aa856091dfc,2489,2,00:16:30.570000,61,30,Pass,Barcelona,Lionel Andrés Messi Cuccittini,Center Forward,115,Barcelona,65.4,51.2,1.3454,,,,Sergio Busquets i Burgos,59.7,42.5,10.400962,-2.150799,Ground Pass,,,,,,,,,,,,,,,,
267533,2016-04-02,Barcelona,Real Madrid,La Liga,2015/2016,7c95dd32-d10d-464a-b096-2d6c19bf268b,2490,2,00:16:31.916000,61,31,Ball Receipt*,Barcelona,Sergio Busquets i Burgos,Center Defensive Midfield,115,Barcelona,59.7,42.5,,,,,,,,,,,,,,,,,,,,,,,,,,
267533,2016-04-02,Barcelona,Real Madrid,La Liga,2015/2016,0fb00b86-f7f9-4f5d-8a3f-33ae4b5e7626,2491,2,00:16:31.916000,61,31,Carry,Barcelona,Sergio Busquets i Burgos,Center Defensive Midfield,115,Barcelona,59.7,42.5,0.4672,,,,,,,,,,,60.0,41.4,,,,,,,,,,,,,
267533,2016-04-02,Barcelona,Real Madrid,La Liga,2015/2016,f0715a02-d24c-40db-b25a-58ec05ca053b,2492,2,00:16:32.383000,61,32,Pass,Barcelona,Sergio Busquets i Burgos,Center Defensive Midfield,115,Barcelona,60.0,41.4,1.227737,,,,Lionel Andrés Messi Cuccittini,63.5,43.2,3.9357338,0.47501075,Ground Pass,,,,,,,,,,,,,,,,
267533,2016-04-02,Barcelona,Real Madrid,La Liga,2015/2016,dea1d7ec-d7b8-4f33-8159-9e8c8313cd0a,2493,2,00:16:33.611000,61,33,Ball Receipt*,Barcelona,Lionel Andrés Messi Cuccittini,Center Forward,115,Barcelona,63.5,43.2,,,,,,,,,,,,,,,,,,,,,,,,,,
267533,2016-04-02,Barcelona,Real Madrid,La Liga,2015/2016,2a0a4f79-8034-46e4-9f1b-fa8076d1d758,2494,2,00:16:33.611000,61,33,Carry,Barcelona,Lionel Andrés Messi Cuccittini,Center Forward,115,Barcelona,63.5,43.2,0.816231,,,,,,,,,,,63.4,36.8,,,,,,,,,,,,,
267533,2016-04-02,Barcelona,Real Madrid,La Liga,2015/2016,23451c3b-e0d3-43e0-8f19-7a7035363c77,2495,2,00:16:34.427000,61,34,Pass,Barcelona,Lionel Andrés Messi Cuccittini,Center Forward,115,Barcelona,63.4,36.8,1.258365,,,,Andrés Iniesta Luján,60.7,25.7,11.423659,-1.8094057,Ground Pass,,,,,,,,,,,,,,,,
267533,2016-04-02,Barcelona,Real Madrid,La Liga,2015/2016,d4eb6a75-a61a-43e9-aec4-f5997ad10b4a,2496,2,00:16:35.685000,61,35,Ball Receipt*,Barcelona,Andrés Iniesta Luján,Left Center Midfield,115,Barcelona,60.7,25.7,,,,,,,,,,,,,,,,,,,,,,,,,,
267533,2016-04-02,Barcelona,Real Madrid,La Liga,2015/2016,3c60de19-2b70-45fc-a435-85d3c3fc2895,2497,2,00:16:35.685000,61,35,Carry,Barcelona,Andrés Iniesta Luján,Left Center Midfield,115,Barcelona,60.7,25.7,0.980937,,,,,,,,,,,62.7,25.3,,,,,,,,,,,,,
267533,2016-04-02,Barcelona,Real Madrid,La Liga,2015/2016,4bfa3e63-6a24-42c2-bcc6-4b34a2fd0104,2498,2,00:16:36.666000,61,36,Pass,Barcelona,Andrés Iniesta Luján,Left Center Midfield,115,Barcelona,62.7,25.3,1.750697,,,,Jordi Alba Ramos,73.1,5.6,22.276669,-1.0850639,Ground Pass,,,,,,,,,,,,,,,,
267533,2016-04-02,Barcelona,Real Madrid,La Liga,2015/2016,696c9486-a52b-4c1d-84a3-6ed7a7b0e874,2499,2,00:16:38.417000,61,38,Ball Receipt*,Barcelona,Jordi Alba Ramos,Left Back,115,Barcelona,73.1,5.6,,,,,,,,,,,,,,,,,,,,,,,,,,
267533,2016-04-02,Barcelona,Real Madrid,La Liga,2015/2016,bd0ac423-e113-4677-af4b-d7dd338dd8c5,2500,2,00:16:38.417000,61,38,Carry,Barcelona,Jordi Alba Ramos,Left Back,115,Barcelona,73.1,5.6,1.384933,,,,,,,,,,,78.3,8.0,,,,,,,,,,,,,
267533,2016-04-02,Barcelona,Real Madrid,La Liga,2015/2016,800f357d-2b62-4a63-8e7c-b8969401d802,2501,2,00:16:39.802000,61,39,Pass,Barcelona,Jordi Alba Ramos,Left Back,115,Barcelona,78.3,8.0,1.097178,,,,Neymar da Silva Santos Junior,77.6,23.3,15.316005,1.6165161,Ground Pass,Incomplete,,,,,,,,,,,,,,,
267533,2016-04-02,Barcelona,Real Madrid,La Liga,2015/2016,8bd9d5fb-10a4-4ba3-bac1-c9abb4971354,2502,2,00:16:40.899000,61,40,Ball Receipt*,Barcelona,Neymar da Silva Santos Junior,Left Wing,115,Barcelona,79.5,19.1,,,,,,,,,,,,,,,,,,,,,,,,,,
267533,2016-04-02,Barcelona,Real Madrid,La Liga,2015/2016,7a1be942-cacc-4de4-85d9-dba9198a8e10,2503,2,00:16:40.899000,61,40,Ball Recovery,Real Madrid,Carlos Henrique Casimiro,Center Defensive Midfield,116,Real Madrid,42.5,56.8,0.0,,,,,,,,,,,,,,,,,,,,,,,,,
267533,2016-04-02,Barcelona,Real Madrid,La Liga,2015/2016,5212cb4c-b6ed-4da6-92d6-356f375d466b,2504,2,00:16:40.899000,61,40,Carry,Real Madrid,Carlos Henrique Casimiro,Center Defensive Midfield,116,Real Madrid,42.5,56.8,0.873122,,,,,,,,,,,41.6,48.5,,,,,,,,,,,,,
267533,2016-04-02,Barcelona,Real Madrid,La Liga,2015/2016,857e2d9e-d2a9-4b15-9748-f1465366fc8c,2505,2,00:16:41.772000,61,41,Pass,Real Madrid,Carlos Henrique Casimiro,Center Defensive Midfield,116,Real Madrid,41.6,48.5,0.7574,,,,Luka Modrić,44.2,57.6,9.464143,1.2924967,Ground Pass,,,,,,,,,,,,,,,,
267533,2016-04-02,Barcelona,Real Madrid,La Liga,2015/2016,3cd88bee-8092-42ff-a723-a70c187e1d0f,2506,2,00:16:42.530000,61,42,Ball Receipt*,Real Madrid,Luka Modrić,Right Center Midfield,116,Real Madrid,44.2,57.6,,,,,,,,,,,,,,,,,,,,,,,,,,
267533,2016-04-02,Barcelona,Real Madrid,La Liga,2015/2016,867dc3b2-9ec8-4e96-aab3-b1fede467d9a,2507,2,00:16:42.530000,61,42,Pass,Real Madrid,Luka Modrić,Right Center Midfield,116,Real Madrid,44.2,57.6,0.8582,,,,Toni Kroos,50.5,53.0,7.800641,-0.6306813,Ground Pass,,,,,,,,,,,,,,,,
267533,2016-04-02,Barcelona,Real Madrid,La Liga,2015/2016,e608f478-8c70-43c0-a059-d62e39bb38e4,2508,2,00:16:43.177000,61,43,Pressure,Barcelona,Sergio Busquets i Burgos,Center Defensive Midfield,116,Real Madrid,68.4,27.3,0.405782,,,,,,,,,,,,,,,,,,,,,,,,,
267533,2016-04-02,Barcelona,Real Madrid,La Liga,2015/2016,2c4d7412-c694-4fe6-a29c-3dfe86110980,2509,2,00:16:43.388000,61,43,Ball Receipt*,Real Madrid,Toni Kroos,Left Center Midfield,116,Real Madrid,50.5,53.0,,True,,,,,,,,,,,,,,,,,,,,,,,,
267533,2016-04-02,Barcelona,Real Madrid,La Liga,2015/2016,becc3f77-c7b9-445a-a9b2-4e2d773021ec,2510,2,00:16:43.388000,61,43,Carry,Real Madrid,Toni Kroos,Left Center Midfield,116,Real Madrid,50.5,53.0,0.04,True,,,,,,,,,,50.9,53.3,,,,,,,,,,,,,
267533,2016-04-02,Barcelona,Real Madrid,La Liga,2015/2016,45fb6c10-28f6-4948-96d1-cc0e917c468e,2511,2,00:16:43.428000,61,43,Pass,Real Madrid,Toni Kroos,Left Center Midfield,116,Real Madrid,50.9,53.3,0.456,True,,,Luka Modrić,48.0,51.4,3.4669871,-2.56159,Ground Pass,,,,,,,,,,,,,,,,
267533,2016-04-02,Barcelona,Real Madrid,La Liga,2015/2016,c5f4d0bd-66cb-4629-9777-11b947cdfd5a,2512,2,00:16:43.884000,61,43,Ball Receipt*,Real Madrid,Luka Modrić,Right Center Midfield,116,Real Madrid,48.0,51.4,,,,,,,,,,,,,,,,,,,,,,,,,,
267533,2016-04-02,Barcelona,Real Madrid,La Liga,2015/2016,36f5862c-a691-4bdf-9902-7e7bdb3c95d8,2513,2,00:16:43.884000,61,43,Carry,Real Madrid,Luka Modrić,Right Center Midfield,116,Real Madrid,48.0,51.4,0.8567,,,,,,,,,,,51.8,48.6,,,,,,,,,,,,,
267533,2016-04-02,Barcelona,Real Madrid,La Liga,2015/2016,83a1b459-8439-478e-96aa-01c8f01cd654,2514,2,00:16:44.741000,61,44,Pass,Real Madrid,Luka Modrić,Right Center Midfield,116,Real Madrid,51.8,48.6,0.8243,,,,Karim Benzema,59.0,43.4,8.881441,-0.62548506,Ground Pass,,,,,,,,,,,,,,,,
267533,2016-04-02,Barcelona,Real Madrid,La Liga,2015/2016,3486effd-f087-4b86-9612-11c18a9fc540,2515,2,00:16:45.565000,61,45,Ball Receipt*,Real Madrid,Karim Benzema,Center Forward,116,Real Madrid,59.0,43.4,,,,,,,,,,,,,,,,,,,,,,,,,,
267533,2016-04-02,Barcelona,Real Madrid,La Liga,2015/2016,3765f15e-c95f-48ea-8b99-7a3c8abb663a,2516,2,00:16:45.565000,61,45,Pass,Real Madrid,Karim Benzema,Center Forward,116,Real Madrid,59.0,43.4,0.9655,,,,Luka Modrić,54.3,37.6,7.465253,-2.2518134,Ground Pass,,,,,,,,,,,,,,,,
267533,2016-04-02,Barcelona,Real Madrid,La Liga,2015/2016,dedfadd8-92b8-4dfb-81e2-65030612bcc2,2517,2,00:16:46.530000,61,46,Ball Receipt*,Real Madrid,Luka Modrić,Right Center Midfield,116,Real Madrid,54.3,37.6,,,,,,,,,,,,,,,,,,,,,,,,,,
267533,2016-04-02,Barcelona,Real Madrid,La Liga,2015/2016,ee229f06-17d0-48ad-becd-4fef8f49fb8d,2518,2,00:16:46.530000,61,46,Pass,Real Madrid,Luka Modrić,Right Center Midfield,116,Real Madrid,54.3,37.6,1.294968,,,,Marcelo Vieira da Silva Júnior,64.2,19.6,20.542883,-1.0679531,Ground Pass,,,,,,,,,,,,,,,,
267533,2016-04-02,Barcelona,Real Madrid,La Liga,2015/2016,601afe44-ca24-4f60-b89f-dc1bcbf01d26,2519,2,00:16:47.825000,61,47,Ball Receipt*,Real Madrid,Marcelo Vieira da Silva Júnior,Left Back,116,Real Madrid,64.2,19.6,,,,,,,,,,,,,,,,,,,,,,,,,,
267533,2016-04-02,Barcelona,Real Madrid,La Liga,2015/2016,94da16f3-44f1-4db6-9469-c9725bf3fb29,2520,2,00:16:47.825000,61,47,Carry,Real Madrid,Marcelo Vieira da Silva Júnior,Left Back,116,Real Madrid,64.2,19.6,5.557632,,,,,,,,,,,99.8,40.5,,,,,,,,,,,,,
267533,2016-04-02,Barcelona,Real Madrid,La Liga,2015/2016,ec682f51-5614-4028-b3df-91fdb9ed4b07,2521,2,00:16:53.383000,61,53,Pass,Real Madrid,Marcelo Vieira da Silva Júnior,Left Back,116,Real Madrid,99.8,40.5,1.7818,,,,Toni Kroos,111.5,54.4,18.168653,0.87112504,Ground Pass,,,,,,,,,,,,,,,,
267533,2016-04-02,Barcelona,Real Madrid,La Liga,2015/2016,01fd6198-d4ce-4811-a915-3b3b20d543fc,2522,2,00:16:55.165000,61,55,Ball Receipt*,Real Madrid,Toni Kroos,Left Center Midfield,116,Real Madrid,111.5,54.4,,,,,,,,,,,,,,,,,,,,,,,,,,
267533,2016-04-02,Barcelona,Real Madrid,La Liga,2015/2016,3df0cade-6608-4eaf-a5e9-7edbd42082f4,2523,2,00:16:55.165000,61,55,Pass,Real Madrid,Toni Kroos,Left Center Midfield,116,Real Madrid,111.5,54.4,1.3822,,,,Karim Benzema,111.7,41.7,12.701574,-1.5550495,High Pass,,,,,,,,,,,,,,,,
267533,2016-04-02,Barcelona,Real Madrid,La Liga,2015/2016,4b90b080-e96a-40e7-b0ee-b23837ac03b8,2524,2,00:16:55.305000,61,55,Ball Receipt*,Real Madrid,Karim Benzema,Center Forward,116,Real Madrid,111.7,41.7,,,,,,,,,,,,,,,,,,,,,,,,,,
267533,2016-04-02,Barcelona,Real Madrid,La Liga,2015/2016,276038e2-b583-4adf-97e7-9044703c7940,2525,2,00:16:55.305000,61,55,Block,Barcelona,Jordi Alba Ramos,Left Back,116,Real Madrid,7.3,28.1,0.0,,,,,,,,,,,,,,,,,,,,,,,,,
267533,2016-04-02,Barcelona,Real Madrid,La Liga,2015/2016,22e7db7e-ba18-4ab4-9b1e-a79bcb0ed896,2526,2,00:16:56.547000,61,56,Shot,Real Madrid,Karim Benzema,Center Forward,116,Real Madrid,113.5,42.0,0.4422,,,,,,,,,,,,,0.34321517,Goal,Right Foot,Overhead Kick,,,,,,,,,
267533,2016-04-02,Barcelona,Real Madrid,La Liga,2015/2016,5e1e5bd9-e2a0-421f-b71d-2c98ae5a3d75,2527,2,00:16:56.989000,61,56,Goal Keeper,Barcelona,Claudio Andrés Bravo Muñoz,Goalkeeper,116,Real Madrid,0.7,38.8,0.0,,,,,,,,,,,,,,,,,,,,,,,,,
267533,2016-04-02,Barcelona,Real Madrid,La Liga,2015/2016,9c03c2e7-3caa-410e-a699-a40209adf0df,2528,2,00:17:19.957000,62,19,Pass,Barcelona,Luis Alberto Suárez Díaz,Right Wing,117,Barcelona,61.0,40.1,0.4616,,True,,Lionel Andrés Messi Cuccittini,60.7,40.9,0.8544004,1.929567,Ground Pass,,,,,,,,,,,,,,,,
267533,2016-04-02,Barcelona,Real Madrid,La Liga,2015/2016,e74e189f-42fb-419f-9cfd-7e2a03ff8956,2529,2,00:17:20.418000,62,20,Ball Receipt*,Barcelona,Lionel Andrés Messi Cuccittini,Center Forward,117,Barcelona,60.7,40.9,,,,,,,,,,,,,,,,,,,,,,,,,,
267533,2016-04-02,Barcelona,Real Madrid,La Liga,2015/2016,6905b435-39dc-4785-8db0-0f048d606fae,2530,2,00:17:21.637000,62,21,Pass,Barcelona,Lionel Andrés Messi Cuccittini,Center Forward,117,Barcelona,59.0,40.4,3.1478,,True,,Jordi Alba Ramos,42.0,9.1,35.618675,-2.0683506,Ground Pass,,,,,,,,,,,,,,,,
267533,2016-04-02,Barcelona,Real Madrid,La Liga,2015/2016,bfa119ea-feab-4603-b4fb-00628c3e1f21,2531,2,00:17:24.785000,62,24,Ball Receipt*,Barcelona,Jordi Alba Ramos,Left Back,117,Barcelona,42.0,9.1,,,,,,,,,,,,,,,,,,,,,,,,,,
267533,2016-04-02,Barcelona,Real Madrid,La Liga,2015/2016,cab3072a-588b-49cd-9473-9631f4197dce,2532,2,00:17:28.839000,62,28,Pass,Barcelona,Jordi Alba Ramos,Left Back,117,Barcelona,42.0,9.1,1.600001,,True,,Andrés Iniesta Luján,49.6,23.2,16.017803,1.0764321,Ground Pass,,,,,,,,,,,,,,,,
267533,2016-04-02,Barcelona,Real Madrid,La Liga,2015/2016,87fe57a7-9b42-45a4-aab8-e5ae8e6d2c47,2533,2,00:17:30.439000,62,30,Ball Receipt*,Barcelona,Andrés Iniesta Luján,Left Center Midfield,117,Barcelona,49.6,23.2,,,,,,,,,,,,,,,,,,,,,,,,,,
267533,2016-04-02,Barcelona,Real Madrid,La Liga,2015/2016,c71add0f-17f8-4c83-895f-dedc14f19c86,2534,2,00:17:32.722000,62,32,Pass,Barcelona,Andrés Iniesta Luján,Left Center Midfield,117,Barcelona,51.4,26.3,1.6,,True,,Jordi Alba Ramos,49.9,16.5,9.914131,-1.7226788,Ground Pass,,,,,,,,,,,,,,,,
267533,2016-04-02,Barcelona,Real Madrid,La Liga,2015/2016,3ec548a4-c0ea-421c-b05f-c5ecb8f7f029,2535,2,00:17:34.322000,62,34,Ball Receipt*,Barcelona,Jordi Alba Ramos,Left Back,117,Barcelona,49.9,16.5,,,,,,,,,,,,,,,,,,,,,,,,,,
267533,2016-04-02,Barcelona,Real Madrid,La Liga,2015/2016,d4347823-1cec-4202-9fe5-960f04f27b20,2536,2,00:17:38.816000,62,38,Pass,Barcelona,Jordi Alba Ramos,Left Back,117,Barcelona,50.4,19.7,2.1032,,,,Gerard Piqué Bernabéu,42.3,50.8,32.137516,1.825586,Ground Pass,,,,,,,,,,,,,,,,
267533,2016-04-02,Barcelona,Real Madrid,La Liga,2015/2016,dfd85585-9564-41dc-a154-de739e2cb03f,2537,2,00:17:40.919000,62,40,Ball Receipt*,Barcelona,Gerard Piqué Bernabéu,Right Center Back,117,Barcelona,42.3,50.8,,,,,,,,,,,,,,,,,,,,,,,,,,
267533,2016-04-02,Barcelona,Real Madrid,La Liga,2015/2016,75157c3c-90a1-4d0e-a470-bd1e9fc83af1,2538,2,00:17:40.919000,62,40,Carry,Barcelona,Gerard Piqué Bernabéu,Right Center Back,117,Barcelona,42.3,50.8,1.95678,,,,,,,,,,,47.6,54.6,,,,,,,,,,,,,
267533,2016-04-02,Barcelona,Real Madrid,La Liga,2015/2016,19f7b7eb-db33-4d76-b7f1-d79593810796,2539,2,00:17:42.875000,62,42,Pass,Barcelona,Gerard Piqué Bernabéu,Right Center Back,117,Barcelona,47.6,54.6,0.748357,,,,Sergio Busquets i Burgos,57.6,44.4,14.284257,-0.7952988,Ground Pass,,,,,,,,,,,,,,,,
267533,2016-04-02,Barcelona,Real Madrid,La Liga,2015/2016,64eddefc-6065-49fc-a940-d94e060ffb7b,2540,2,00:17:43.624000,62,43,Ball Receipt*,Barcelona,Sergio Busquets i Burgos,Center Defensive Midfield,117,Barcelona,57.6,44.4,,,,,,,,,,,,,,,,,,,,,,,,,,
267533,2016-04-02,Barcelona,Real Madrid,La Liga,2015/2016,de9457f5-19c9-43e4-990d-74c676dff4c0,2541,2,00:17:43.624000,62,43,Carry,Barcelona,Sergio Busquets i Burgos,Center Defensive Midfield,117,Barcelona,57.6,44.4,2.103586,,,,,,,,,,,63.0,40.6,,,,,,,,,,,,,
267533,2016-04-02,Barcelona,Real Madrid,La Liga,2015/2016,7f59e350-5254-4a38-accb-ab599b1a26af,2542,2,00:17:45.727000,62,45,Pass,Barcelona,Sergio Busquets i Burgos,Center Defensive Midfield,117,Barcelona,63.0,40.6,2.060476,,,,Javier Alejandro Mascherano,53.0,25.0,18.529976,-2.1408367,Ground Pass,,,,,,,,,,,,,,,,
267533,2016-04-02,Barcelona,Real Madrid,La Liga,2015/2016,fab98d44-23fd-4b2f-b8cf-9813398f5097,2543,2,00:17:47.788000,62,47,Ball Receipt*,Barcelona,Javier Alejandro Mascherano,Left Center Back,117,Barcelona,53.0,25.0,,,,,,,,,,,,,,,,,,,,,,,,,,
267533,2016-04-02,Barcelona,Real Madrid,La Liga,2015/2016,4c658c75-b419-4396-b040-6d4647b640e7,2544,2,00:17:47.788000,62,47,Carry,Barcelona,Javier Alejandro Mascherano,Left Center Back,117,Barcelona,53.0,25.0,1.589401,,,,,,,,,,,50.8,26.4,,,,,,,,,,,,,
267533,2016-04-02,Barcelona,Real Madrid,La Liga,2015/2016,b850c375-0bd7-4853-9278-e35d3ef03b3f,2545,2,00:17:49.377000,62,49,Pass,Barcelona,Javier Alejandro Mascherano,Left Center Back,117,Barcelona,50.8,26.4,1.6,,,,Gerard Piqué Bernabéu,48.2,46.7,20.465826,1.6981816,Ground Pass,,,,,,,,,,,,,,,,
267533,2016-04-02,Barcelona,Real Madrid,La Liga,2015/2016,de13bb7e-3f88-4181-b6a6-5763f2733477,2546,2,00:17:50.977000,62,50,Ball Receipt*,Barcelona,Gerard Piqué Bernabéu,Right Center Back,117,Barcelona,48.2,46.7,,,,,,,,,,,,,,,,,,,,,,,,,,
267533,2016-04-02,Barcelona,Real Madrid,La Liga,2015/2016,fe5c831e-9ac9-4850-a7dc-5ebc6aa230b0,2547,2,00:17:50.977000,62,50,Carry,Barcelona,Gerard Piqué Bernabéu,Right Center Back,117,Barcelona,48.2,46.7,1.8694,,,,,,,,,,,53.7,47.8,,,,,,,,,,,,,
267533,2016-04-02,Barcelona,Real Madrid,La Liga,2015/2016,8b2168c3-d81c-44e7-9419-72ea2c6de6ce,2548,2,00:17:52.847000,62,52,Pass,Barcelona,Gerard Piqué Bernabéu,Right Center Back,117,Barcelona,53.7,47.8,3.346403,,,,Neymar da Silva Santos Junior,91.6,4.7,57.393555,-0.8495077,High Pass,,,,,,,,,,,,,,,,
267533,2016-04-02,Barcelona,Real Madrid,La Liga,2015/2016,c7c484e3-74da-40b0-a90d-d6fab424538c,2549,2,00:17:56.193000,62,56,Ball Receipt*,Barcelona,Neymar da Silva Santos Junior,Left Wing,117,Barcelona,91.6,4.7,,,,,,,,,,,,,,,,,,,,,,,,,,
267533,2016-04-02,Barcelona,Real Madrid,La Liga,2015/2016,3655060b-2c40-49da-b391-6a77517d95d3,2550,2,00:17:56.193000,62,56,Carry,Barcelona,Neymar da Silva Santos Junior,Left Wing,117,Barcelona,91.6,4.7,0.919297,,,,,,,,,,,90.8,5.0,,,,,,,,,,,,,
267533,2016-04-02,Barcelona,Real Madrid,La Liga,2015/2016,9a861a45-fe87-42ff-a838-dd83368d98fe,2551,2,00:17:57.112000,62,57,Pass,Barcelona,Neymar da Silva Santos Junior,Left Wing,117,Barcelona,90.8,5.0,1.5444,,,,Jordi Alba Ramos,78.1,9.4,13.44061,2.808078,Low Pass,,,,,,,,,,,,,,,,
267533,2016-04-02,Barcelona,Real Madrid,La Liga,2015/2016,6c23f5e2-543f-4e8a-a367-d1675198fbe9,2552,2,00:17:57.637000,62,57,Pressure,Real Madrid,Gareth Frank Bale,Right Wing,117,Barcelona,36.3,68.3,0.96609,,,,,,,,,,,,,,,,,,,,,,,,,
267533,2016-04-02,Barcelona,Real Madrid,La Liga,2015/2016,cf019786-637d-46e2-8845-c469210ef205,2553,2,00:17:58.657000,62,58,Ball Receipt*,Barcelona,Jordi Alba Ramos,Left Back,117,Barcelona,78.1,9.4,,,,,,,,,,,,,,,,,,,,,,,,,,
267533,2016-04-02,Barcelona,Real Madrid,La Liga,2015/2016,e43a711c-4863-4bbd-bb91-312d58b6f7ee,2554,2,00:17:58.657000,62,58,Carry,Barcelona,Jordi Alba Ramos,Left Back,117,Barcelona,78.1,9.4,0.04,,,,,,,,,,,75.9,10.5,,,,,,,,,,,,,
267533,2016-04-02,Barcelona,Real Madrid,La Liga,2015/2016,74a85f9a-6273-4350-b448-c6940e198349,2555,2,00:17:58.697000,62,58,Pass,Barcelona,Jordi Alba Ramos,Left Back,117,Barcelona,75.9,10.5,2.111597,,,,Sergio Busquets i Burgos,76.1,25.4,14.901342,1.5573744,Low Pass,,,,,,,,,,,,,,,,
267533,2016-04-02,Barcelona,Real Madrid,La Liga,2015/2016,3e47e349-899c-4105-a7d4-911241cd2102,2556,2,00:18:00.029000,63,0,Pressure,Real Madrid,Luka Modrić,Right Center Midfield,117,Barcelona,37.8,58.0,1.295121,,,,,,,,,,,,,,,,,,,,,,,,,
267533,2016-04-02,Barcelona,Real Madrid,La Liga,2015/2016,d5990b81-4560-4a33-a831-67f4545561c0,2557,2,00:18:00.808000,63,0,Ball Receipt*,Barcelona,Sergio Busquets i Burgos,Center Defensive Midfield,117,Barcelona,76.1,25.4,,True,,,,,,,,,,,,,,,,,,,,,,,,
267533,2016-04-02,Barcelona,Real Madrid,La Liga,2015/2016,75cc8307-32e0-4777-88e9-a33060a959ec,2558,2,00:18:00.808000,63,0,Carry,Barcelona,Sergio Busquets i Burgos,Center Defensive Midfield,117,Barcelona,76.1,25.4,0.808803,True,,,,,,,,,,75.2,27.1,,,,,,,,,,,,,
267533,2016-04-02,Barcelona,Real Madrid,La Liga,2015/2016,b22fda75-601f-40c0-ad4d-bb157bf1f984,2559,2,00:18:01.617000,63,1,Pass,Barcelona,Sergio Busquets i Burgos,Center Defensive Midfield,117,Barcelona,75.2,27.1,1.2,,,,Lionel Andrés Messi Cuccittini,83.4,43.6,18.425255,1.1095759,Ground Pass,,,,,,,,,,,,,,,,
267533,2016-04-02,Barcelona,Real Madrid,La Liga,2015/2016,99c0d85b-19a8-4582-8b9e-c38c1de28e24,2560,2,00:18:02.817000,63,2,Ball Receipt*,Barcelona,Lionel Andrés Messi Cuccittini,Center Forward,117,Barcelona,83.4,43.6,,,,,,,,,,,,,,,,,,,,,,,,,,
267533,2016-04-02,Barcelona,Real Madrid,La Liga,2015/2016,970c5b61-55b7-47c7-8dea-12c0464cbdd0,2561,2,00:18:02.817000,63,2,Carry,Barcelona,Lionel Andrés Messi Cuccittini,Center Forward,117,Barcelona,83.4,43.6,0.8476,,,,,,,,,,,84.2,42.5,,,,,,,,,,,,,
267533,2016-04-02,Barcelona,Real Madrid,La Liga,2015/2016,75b4c31d-0cde-4f41-9d9f-94ea9f70c8e9,2562,2,00:18:03.665000,63,3,Pass,Barcelona,Lionel Andrés Messi Cuccittini,Center Forward,117,Barcelona,84.2,42.5,1.571321,,,,Neymar da Silva Santos Junior,106.5,32.0,24.648327,-0.44005853,High Pass,Pass Offside,,,,,,,,,,,,,,,
267533,2016-04-02,Barcelona,Real Madrid,La Liga,2015/2016,80666121-1b7f-4e36-a226-8db0c1674f30,2563,2,00:18:05.236000,63,5,Ball Receipt*,Barcelona,Neymar da Silva Santos Junior,Left Wing,117,Barcelona,106.5,32.0,,,,,,,,,,,,,,,,,,,,,,,,,,
267533,2016-04-02,Barcelona,Real Madrid,La Liga,2015/2016,055f5e33-b0da-47e1-a90f-275e5c9079a6,2564,2,00:18:32.941000,63,32,Pass,Real Madrid,Keylor Navas Gamboa,Goalkeeper,118,Real Madrid,13.7,43.8,3.7232,,,,Gareth Frank Bale,83.9,50.3,70.50028,0.09232934,High Pass,Incomplete,,,,,,,,,,,,,,,
267533,2016-04-02,Barcelona,Real Madrid,La Liga,2015/2016,cf79a1aa-2266-468e-8bef-cdde4a0a6c8c,2565,2,00:18:36.665000,63,36,Ball Receipt*,Real Madrid,Gareth Frank Bale,Right Wing,118,Real Madrid,83.9,50.3,,,,,,,,,,,,,,,,,,,,,,,,,,
267533,2016-04-02,Barcelona,Real Madrid,La Liga,2015/2016,c0b6c176-4b26-472e-bdae-2d509313cb0f,2566,2,00:18:36.665000,63,36,Duel,Real Madrid,Gareth Frank Bale,Right Wing,118,Real Madrid,83.9,50.3,0.0,True,,,,,,,,,,,,,,,,Aerial Lost,,,,,,,,
267533,2016-04-02,Barcelona,Real Madrid,La Liga,2015/2016,cdf3af67-99e6-425f-b004-e8e296ec5ba2,2567,2,00:18:36.665000,63,36,Clearance,Barcelona,Javier Alejandro Mascherano,Left Center Back,118,Real Madrid,36.2,29.8,0.0,True,,,,,,,,,,,,,,,,,,,,,,,,
267533,2016-04-02,Barcelona,Real Madrid,La Liga,2015/2016,2871601b-47e1-41cd-8d60-152ed3a0cf24,2568,2,00:18:38.584000,63,38,Pass,Barcelona,Sergio Busquets i Burgos,Center Defensive Midfield,119,Barcelona,41.4,38.4,1.486745,,,,Ivan Rakitić,44.1,52.6,14.4544115,1.3828984,High Pass,,,,,,,,,,,,,,,,
267533,2016-04-02,Barcelona,Real Madrid,La Liga,2015/2016,4eec1e5e-1af8-4b8a-ae7f-3b5afa9a308c,2569,2,00:18:40.071000,63,40,Ball Receipt*,Barcelona,Ivan Rakitić,Right Center Midfield,119,Barcelona,44.1,52.6,,,,,,,,,,,,,,,,,,,,,,,,,,
267533,2016-04-02,Barcelona,Real Madrid,La Liga,2015/2016,7a5955b7-a652-4a7a-95a6-fdcbc54b8fb3,2570,2,00:18:40.151000,63,40,Pass,Barcelona,Ivan Rakitić,Right Center Midfield,119,Barcelona,44.1,52.6,3.2,,,,Daniel Alves da Silva,30.6,66.7,19.520758,2.3344588,High Pass,,,,,,,,,,,,,,,,
267533,2016-04-02,Barcelona,Real Madrid,La Liga,2015/2016,395ac423-2486-4e04-a0e5-9d62c2b983b3,2571,2,00:18:43.351000,63,43,Ball Receipt*,Barcelona,Daniel Alves da Silva,Right Back,119,Barcelona,30.6,66.7,,,,,,,,,,,,,,,,,,,,,,,,,,
267533,2016-04-02,Barcelona,Real Madrid,La Liga,2015/2016,8c22f547-f9a9-4623-8340-f86bfd019706,2572,2,00:18:43.351000,63,43,Carry,Barcelona,Daniel Alves da Silva,Right Back,119,Barcelona,30.6,66.7,0.646832,,,,,,,,,,,34.9,70.7,,,,,,,,,,,,,
267533,2016-04-02,Barcelona,Real Madrid,La Liga,2015/2016,e3260eb6-ef74-4685-87cb-f5f833c9bce4,2573,2,00:18:43.998000,63,43,Pass,Barcelona,Daniel Alves da Silva,Right Back,119,Barcelona,34.9,70.7,1.213668,,,,Sergio Busquets i Burgos,41.7,61.9,11.121151,-0.9129077,Ground Pass,,,,,,,,,,,,,,,,
267533,2016-04-02,Barcelona,Real Madrid,La Liga,2015/2016,2206499c-8db7-4051-ac92-332875e8edb2,2574,2,00:18:45.212000,63,45,Ball Receipt*,Barcelona,Sergio Busquets i Burgos,Center Defensive Midfield,119,Barcelona,41.7,61.9,,,,,,,,,,,,,,,,,,,,,,,,,,
267533,2016-04-02,Barcelona,Real Madrid,La Liga,2015/2016,efe172d3-0cc1-4049-8e4c-d3ca0099adf2,2575,2,00:18:45.212000,63,45,Carry,Barcelona,Sergio Busquets i Burgos,Center Defensive Midfield,119,Barcelona,41.7,61.9,1.928549,True,,,,,,,,,,42.0,62.6,,,,,,,,,,,,,
267533,2016-04-02,Barcelona,Real Madrid,La Liga,2015/2016,cdba758e-ee7d-464d-9d66-5d67f3f5031a,2576,2,00:18:45.276000,63,45,Pressure,Real Madrid,Karim Benzema,Center Forward,119,Barcelona,80.6,22.8,1.968934,,,,,,,,,,,,,,,,,,,,,,,,,
267533,2016-04-02,Barcelona,Real Madrid,La Liga,2015/2016,daa4a400-dd44-4d2a-8667-db3a30c9ef9a,2577,2,00:18:47.140000,63,47,Pass,Barcelona,Sergio Busquets i Burgos,Center Defensive Midfield,119,Barcelona,42.0,62.6,1.251251,True,,,Gerard Piqué Bernabéu,28.5,56.3,14.897651,-2.7049656,Ground Pass,,,,,,,,,,,,,,,,
267533,2016-04-02,Barcelona,Real Madrid,La Liga,2015/2016,da6fd33a-2dbc-4771-bc86-ad8b54860d19,2578,2,00:18:48.391000,63,48,Ball Receipt*,Barcelona,Gerard Piqué Bernabéu,Right Center Back,119,Barcelona,28.5,56.3,,,,,,,,,,,,,,,,,,,,,,,,,,
267533,2016-04-02,Barcelona,Real Madrid,La Liga,2015/2016,a991c78c-7687-4c33-a21d-e932eaa34d10,2579,2,00:18:48.391000,63,48,Carry,Barcelona,Gerard Piqué Bernabéu,Right Center Back,119,Barcelona,28.5,56.3,4.554943,,,,,,,,,,,27.7,40.6,,,,,,,,,,,,,
267533,2016-04-02,Barcelona,Real Madrid,La Liga,2015/2016,6b6075c0-47eb-442c-b3a4-f058b8cc726e,2580,2,00:18:52.946000,63,52,Pass,Barcelona,Gerard Piqué Bernabéu,Right Center Back,119,Barcelona,27.7,40.6,2.160157,,,,Javier Alejandro Mascherano,34.9,17.3,24.387087,-1.2710915,Ground Pass,,,,,,,,,,,,,,,,
267533,2016-04-02,Barcelona,Real Madrid,La Liga,2015/2016,82620bb8-bd02-4751-b5fc-776f034a3aaa,2581,2,00:18:55.107000,63,55,Ball Receipt*,Barcelona,Javier Alejandro Mascherano,Left Center Back,119,Barcelona,34.9,17.3,,,,,,,,,,,,,,,,,,,,,,,,,,
267533,2016-04-02,Barcelona,Real Madrid,La Liga,2015/2016,31bda5ef-d460-44eb-858c-efe822b0c888,2582,2,00:18:55.107000,63,55,Carry,Barcelona,Javier Alejandro Mascherano,Left Center Back,119,Barcelona,34.9,17.3,3.3214,,,,,,,,,,,42.8,9.0,,,,,,,,,,,,,
267533,2016-04-02,Barcelona,Real Madrid,La Liga,2015/2016,13983c6f-2ccf-4166-bbd8-5e7a044e708f,2583,2,00:18:58.428000,63,58,Pass,Barcelona,Javier Alejandro Mascherano,Left Center Back,119,Barcelona,42.8,9.0,2.0,,,,Claudio Andrés Bravo Muñoz,18.7,23.7,28.229418,2.5938828,Ground Pass,,,,,,,,,,,,,,,,
267533,2016-04-02,Barcelona,Real Madrid,La Liga,2015/2016,42c3317b-2f13-467e-9e0a-d99f55e43c4f,2584,2,00:19:00.428000,64,0,Ball Receipt*,Barcelona,Claudio Andrés Bravo Muñoz,Goalkeeper,119,Barcelona,18.7,23.7,,,,,,,,,,,,,,,,,,,,,,,,,,
267533,2016-04-02,Barcelona,Real Madrid,La Liga,2015/2016,fc98a77b-ff2f-4af9-8b6b-5ed28e003921,2585,2,00:19:00.428000,64,0,Carry,Barcelona,Claudio Andrés Bravo Muñoz,Goalkeeper,119,Barcelona,18.7,23.7,0.9554,,,,,,,,,,,19.3,23.3,,,,,,,,,,,,,
267533,2016-04-02,Barcelona,Real Madrid,La Liga,2015/2016,0fc929fe-1cdb-4c11-b6c5-0bdc0d95b3eb,2586,2,00:19:01.383000,64,1,Pass,Barcelona,Claudio Andrés Bravo Muñoz,Goalkeeper,119,Barcelona,19.3,23.3,1.2,,,,Gerard Piqué Bernabéu,24.1,38.8,16.226213,1.2704849,Ground Pass,,,,,,,,,,,,,,,,
267533,2016-04-02,Barcelona,Real Madrid,La Liga,2015/2016,d0142eba-67eb-4cca-b70e-aee0ecd28947,2587,2,00:19:02.583000,64,2,Ball Receipt*,Barcelona,Gerard Piqué Bernabéu,Right Center Back,119,Barcelona,24.1,38.8,,,,,,,,,,,,,,,,,,,,,,,,,,
267533,2016-04-02,Barcelona,Real Madrid,La Liga,2015/2016,6d899563-961e-46aa-82ac-2d387a705183,2588,2,00:19:02.583000,64,2,Carry,Barcelona,Gerard Piqué Bernabéu,Right Center Back,119,Barcelona,24.1,38.8,3.6189,,,,,,,,,,,30.3,44.6,,,,,,,,,,,,,
267533,2016-04-02,Barcelona,Real Madrid,La Liga,2015/2016,65edf21e-b41d-4458-ba00-df28fe79b750,2589,2,00:19:06.202000,64,6,Pass,Barcelona,Gerard Piqué Bernabéu,Right Center Back,119,Barcelona,30.3,44.6,0.8,,,,Sergio Busquets i Burgos,37.6,35.8,11.4337225,-0.8782977,Ground Pass,,,,,,,,,,,,,,,,
267533,2016-04-02,Barcelona,Real Madrid,La Liga,2015/2016,341b4c38-33de-4713-bb0c-d611ae3b3cfb,2590,2,00:19:07.002000,64,7,Ball Receipt*,Barcelona,Sergio Busquets i Burgos,Center Defensive Midfield,119,Barcelona,37.6,35.8,,,,,,,,,,,,,,,,,,,,,,,,,,
267533,2016-04-02,Barcelona,Real Madrid,La Liga,2015/2016,84efc3af-8c3e-44d6-8ed5-bcfa9528f385,2591,2,00:19:07.002000,64,7,Carry,Barcelona,Sergio Busquets i Burgos,Center Defensive Midfield,119,Barcelona,37.6,35.8,0.458623,True,,,,,,,,,,40.0,35.4,,,,,,,,,,,,,
267533,2016-04-02,Barcelona,Real Madrid,La Liga,2015/2016,f409b072-a281-488b-8522-52cd78b18e69,2592,2,00:19:07.192000,64,7,Pressure,Real Madrid,Luka Modrić,Right Center Midfield,119,Barcelona,75.3,46.5,0.4212,,,,,,,,,,,,,,,,,,,,,,,,,
267533,2016-04-02,Barcelona,Real Madrid,La Liga,2015/2016,d4abe0b2-2f4b-4be1-87a1-e27857b036d3,2593,2,00:19:07.461000,64,7,Pass,Barcelona,Sergio Busquets i Burgos,Center Defensive Midfield,119,Barcelona,40.0,35.4,1.30884,True,,,Andrés Iniesta Luján,48.2,36.3,8.249243,0.10931853,Ground Pass,,,,,,,,,,,,,,,,
267533,2016-04-02,Barcelona,Real Madrid,La Liga,2015/2016,3b5cac12-7155-493d-92aa-d7b282532a75,2594,2,00:19:08.770000,64,8,Ball Receipt*,Barcelona,Andrés Iniesta Luján,Left Center Midfield,119,Barcelona,48.2,36.3,,,,,,,,,,,,,,,,,,,,,,,,,,
267533,2016-04-02,Barcelona,Real Madrid,La Liga,2015/2016,60221c9f-b966-49c7-a43b-feec1f365931,2595,2,00:19:08.770000,64,8,Carry,Barcelona,Andrés Iniesta Luján,Left Center Midfield,119,Barcelona,48.2,36.3,2.394698,True,,,,,,,,,,63.1,30.5,,,,,,,,,,,,,
267533,2016-04-02,Barcelona,Real Madrid,La Liga,2015/2016,d84e3927-fbbc-49f3-85c0-c92bb451db48,2596,2,00:19:09.440000,64,9,Pressure,Real Madrid,Toni Kroos,Left Center Midfield,119,Barcelona,66.7,43.3,1.92773,,,,,,,,,,,,,,,,,,,,,,,,,
267533,2016-04-02,Barcelona,Real Madrid,La Liga,2015/2016,b1c92479-a7e1-4b8e-8679-3536e50090a1,2597,2,00:19:11.164000,64,11,Pass,Barcelona,Andrés Iniesta Luján,Left Center Midfield,119,Barcelona,63.1,30.5,1.528667,True,,,Neymar da Silva Santos Junior,79.3,29.5,16.230835,-0.061650172,Ground Pass,,,,,,,,,,,,,,,,
267533,2016-04-02,Barcelona,Real Madrid,La Liga,2015/2016,93b2a90f-2ca1-437b-8738-69a06057d917,2598,2,00:19:12.693000,64,12,Ball Receipt*,Barcelona,Neymar da Silva Santos Junior,Left Wing,119,Barcelona,79.3,29.5,,,,,,,,,,,,,,,,,,,,,,,,,,
267533,2016-04-02,Barcelona,Real Madrid,La Liga,2015/2016,9cb75ad2-4c29-4910-9c48-4189d29719d5,2599,2,00:19:12.693000,64,12,Carry,Barcelona,Neymar da Silva Santos Junior,Left Wing,119,Barcelona,79.3,29.5,0.715072,True,,,,,,,,,,78.9,34.9,,,,,,,,,,,,,
267533,2016-04-02,Barcelona,Real Madrid,La Liga,2015/2016,1bc36516-2f10-481d-bb58-33d8ece1bd44,2600,2,00:19:12.722000,64,12,Pressure,Real Madrid,Marcelo Vieira da Silva Júnior,Left Back,119,Barcelona,44.6,45.7,0.6069,,,,,,,,,,,,,,,,,,,,,,,,,
267533,2016-04-02,Barcelona,Real Madrid,La Liga,2015/2016,bee403e3-aab8-4d82-a69f-7323c1666184,2601,2,00:19:13.408000,64,13,Pass,Barcelona,Neymar da Silva Santos Junior,Left Wing,119,Barcelona,78.9,34.9,0.2668,,,,Lionel Andrés Messi Cuccittini,76.5,35.6,2.5,2.8577986,Low Pass,Incomplete,,,,,,,,,,,,,,,
267533,2016-04-02,Barcelona,Real Madrid,La Liga,2015/2016,bb2fe56d-9805-4cc8-94ac-7bd883a5e7d3,2602,2,00:19:13.675000,64,13,Ball Receipt*,Barcelona,Lionel Andrés Messi Cuccittini,Center Forward,119,Barcelona,66.3,51.9,,,,,,,,,,,,,,,,,,,,,,,,,,
267533,2016-04-02,Barcelona,Real Madrid,La Liga,2015/2016,8f74f7fb-d354-4a5e-818d-e55d2fe30d8e,2603,2,00:19:13.675000,64,13,Block,Real Madrid,Marcelo Vieira da Silva Júnior,Left Back,119,Barcelona,43.6,44.5,0.0,,,,,,,,,,,,,,,,,,,,,,,,,
267533,2016-04-02,Barcelona,Real Madrid,La Liga,2015/2016,9e198e36-411f-42b2-8115-85cd2a07072f,2604,2,00:19:14.711000,64,14,Ball Recovery,Real Madrid,Carlos Henrique Casimiro,Center Defensive Midfield,119,Barcelona,36.4,30.6,0.0,,,,,,,,,,,,,,,,,,,,,,,,,
267533,2016-04-02,Barcelona,Real Madrid,La Liga,2015/2016,a77adc00-81df-40db-bd07-6dc68deb737e,2605,2,00:19:14.711000,64,14,Carry,Real Madrid,Carlos Henrique Casimiro,Center Defensive Midfield,119,Barcelona,36.4,30.6,0.6773,,,,,,,,,,,40.2,29.3,,,,,,,,,,,,,
267533,2016-04-02,Barcelona,Real Madrid,La Liga,2015/2016,a3942a64-0988-43ef-89bb-f3a4898cf2a4,2606,2,00:19:15.388000,64,15,Pass,Real Madrid,Carlos Henrique Casimiro,Center Defensive Midfield,119,Barcelona,40.2,29.3,2.3202,,,,Karim Benzema,64.6,18.2,26.806156,-0.42693624,High Pass,,,,,,,,,,,,,,,,
267533,2016-04-02,Barcelona,Real Madrid,La Liga,2015/2016,cd76e22d-7eba-4408-a9d5-5b0501e34a92,2607,2,00:19:17.709000,64,17,Ball Receipt*,Real Madrid,Karim Benzema,Center Forward,119,Barcelona,64.6,18.2,,,,,,,,,,,,,,,,,,,,,,,,,,
267533,2016-04-02,Barcelona,Real Madrid,La Liga,2015/2016,9c7c9f26-dd14-4eb9-9df9-348233da0af9,2608,2,00:19:17.709000,64,17,Carry,Real Madrid,Karim Benzema,Center Forward,119,Barcelona,64.6,18.2,1.732896,True,,,,,,,,,,64.9,20.0,,,,,,,,,,,,,
267533,2016-04-02,Barcelona,Real Madrid,La Liga,2015/2016,e1d1cd3d-2833-4706-a547-0fda10b9ae04,2609,2,00:19:18.136000,64,18,Pressure,Barcelona,Daniel Alves da Silva,Right Back,119,Barcelona,54.4,63.5,0.574527,,,,,,,,,,,,,,,,,,,,,,,,,
267533,2016-04-02,Barcelona,Real Madrid,La Liga,2015/2016,9d246ade-b0ee-4147-9af8-fd086798c8b8,2610,2,00:19:19.441000,64,19,Dispossessed,Real Madrid,Karim Benzema,Center Forward,119,Barcelona,64.9,20.0,0.0,True,,,,,,,,,,,,,,,,,,,,,,,,
267533,2016-04-02,Barcelona,Real Madrid,La Liga,2015/2016,525d697c-bc07-4810-89a6-250c2c2ba6e8,2611,2,00:19:19.441000,64,19,Duel,Barcelona,Daniel Alves da Silva,Right Back,119,Barcelona,55.2,60.1,0.0,True,,,,,,,,,,,,,,,,Tackle,Won,,,,,,,
267533,2016-04-02,Barcelona,Real Madrid,La Liga,2015/2016,c1206691-d58c-49b0-a21d-07cabb7e146d,2612,2,00:19:19.441000,64,19,Carry,Barcelona,Daniel Alves da Silva,Right Back,119,Barcelona,55.2,60.1,0.800852,,,,,,,,,,,56.6,54.7,,,,,,,,,,,,,
267533,2016-04-02,Barcelona,Real Madrid,La Liga,2015/2016,7c05a544-6cfd-4c5d-b4d8-70fc64283b5a,2613,2,00:19:20.242000,64,20,Pass,Barcelona,Daniel Alves da Silva,Right Back,119,Barcelona,56.6,54.7,0.849952,,,,Sergio Busquets i Burgos,55.2,48.0,6.844706,-1.7767876,Ground Pass,,,,,,,,,,,,,,,,
267533,2016-04-02,Barcelona,Real Madrid,La Liga,2015/2016,d7974471-82dd-4ca3-ad42-5a8cd011848b,2614,2,00:19:21.092000,64,21,Ball Receipt*,Barcelona,Sergio Busquets i Burgos,Center Defensive Midfield,119,Barcelona,55.2,48.0,,,,,,,,,,,,,,,,,,,,,,,,,,
267533,2016-04-02,Barcelona,Real Madrid,La Liga,2015/2016,4f2a919c-b5f2-47dd-8b21-55766a6e99d6,2615,2,00:19:21.092000,64,21,Carry,Barcelona,Sergio Busquets i Burgos,Center Defensive Midfield,119,Barcelona,55.2,48.0,0.04,,,,,,,,,,,55.2,48.0,,,,,,,,,,,,,
267533,2016-04-02,Barcelona,Real Madrid,La Liga,2015/2016,9bf13fdf-ba71-4f33-bb82-cf455a30a31d,2616,2,00:19:21.132000,64,21,Pass,Barcelona,Sergio Busquets i Burgos,Center Defensive Midfield,119,Barcelona,55.2,48.0,0.6237,,,,Gerard Piqué Bernabéu,47.5,54.7,10.206861,2.4255276,Ground Pass,,,,,,,,,,,,,,,,
267533,2016-04-02,Barcelona,Real Madrid,La Liga,2015/2016,420e3b0f-cd26-40da-81dc-c81e246a174e,2617,2,00:19:21.756000,64,21,Ball Receipt*,Barcelona,Gerard Piqué Bernabéu,Right Center Back,119,Barcelona,47.5,54.7,,,,,,,,,,,,,,,,,,,,,,,,,,
267533,2016-04-02,Barcelona,Real Madrid,La Liga,2015/2016,f77004d6-e8a3-4465-ba08-843f63fa0698,2618,2,00:19:21.756000,64,21,Carry,Barcelona,Gerard Piqué Bernabéu,Right Center Back,119,Barcelona,47.5,54.7,0.799054,,,,,,,,,,,48.2,55.7,,,,,,,,,,,,,
267533,2016-04-02,Barcelona,Real Madrid,La Liga,2015/2016,d95cb94c-f9c0-47e9-8b6c-a95eb44e2806,2619,2,00:19:22.555000,64,22,Pass,Barcelona,Gerard Piqué Bernabéu,Right Center Back,119,Barcelona,48.2,55.7,1.380446,,,,Ivan Rakitić,58.3,63.3,12.640016,0.64508337,Ground Pass,,,,,,,,,,,,,,,,
267533,2016-04-02,Barcelona,Real Madrid,La Liga,2015/2016,0c06b3e1-9a82-4ef8-9cc3-e7188a71ff61,2620,2,00:19:23.935000,64,23,Ball Receipt*,Barcelona,Ivan Rakitić,Right Center Midfield,119,Barcelona,58.3,63.3,,,,,,,,,,,,,,,,,,,,,,,,,,
267533,2016-04-02,Barcelona,Real Madrid,La Liga,2015/2016,ba62d503-9f02-448f-a79c-d8577ffc7911,2621,2,00:19:23.935000,64,23,Carry,Barcelona,Ivan Rakitić,Right Center Midfield,119,Barcelona,58.3,63.3,0.989254,,,,,,,,,,,62.7,63.9,,,,,,,,,,,,,
267533,2016-04-02,Barcelona,Real Madrid,La Liga,2015/2016,a8e1be6e-a8d2-449b-8933-327792c5492f,2622,2,00:19:24.925000,64,24,Pass,Barcelona,Ivan Rakitić,Right Center Midfield,119,Barcelona,62.7,63.9,0.847138,,,,Daniel Alves da Silva,63.5,56.7,7.244308,-1.4601392,Ground Pass,,,,,,,,,,,,,,,,
267533,2016-04-02,Barcelona,Real Madrid,La Liga,2015/2016,c492e546-3c15-490b-9449-5a17c3f83242,2623,2,00:19:25.772000,64,25,Ball Receipt*,Barcelona,Daniel Alves da Silva,Right Back,119,Barcelona,63.5,56.7,,,,,,,,,,,,,,,,,,,,,,,,,,
267533,2016-04-02,Barcelona,Real Madrid,La Liga,2015/2016,11fdcf12-6017-4d65-9e47-c13ee6f99c3d,2624,2,00:19:25.772000,64,25,Carry,Barcelona,Daniel Alves da Silva,Right Back,119,Barcelona,63.5,56.7,0.539708,,,,,,,,,,,65.4,59.4,,,,,,,,,,,,,
267533,2016-04-02,Barcelona,Real Madrid,La Liga,2015/2016,6a8594a1-ef9e-4f8e-be8d-cc232fb8fd67,2625,2,00:19:26.312000,64,26,Pass,Barcelona,Daniel Alves da Silva,Right Back,119,Barcelona,65.4,59.4,0.278922,,,,Lionel Andrés Messi Cuccittini,71.3,56.6,6.530697,-0.44310257,Ground Pass,,,,,,,,,,,,,,,,
267533,2016-04-02,Barcelona,Real Madrid,La Liga,2015/2016,5841143a-3b40-4c3c-a61c-9875979166bc,2626,2,00:19:26.590000,64,26,Ball Receipt*,Barcelona,Lionel Andrés Messi Cuccittini,Center Forward,119,Barcelona,71.3,56.6,,,,,,,,,,,,,,,,,,,,,,,,,,
267533,2016-04-02,Barcelona,Real Madrid,La Liga,2015/2016,2e443c54-f457-41bf-8fae-99a336984a88,2627,2,00:19:26.590000,64,26,Carry,Barcelona,Lionel Andrés Messi Cuccittini,Center Forward,119,Barcelona,71.3,56.6,0.239978,,,,,,,,,,,71.3,56.6,,,,,,,,,,,,,
267533,2016-04-02,Barcelona,Real Madrid,La Liga,2015/2016,b88a4b5c-f24d-4466-a8af-ad9877424077,2628,2,00:19:26.830000,64,26,Pass,Barcelona,Lionel Andrés Messi Cuccittini,Center Forward,119,Barcelona,71.3,56.6,0.657181,,,,Daniel Alves da Silva,67.8,59.9,4.8104053,2.3855977,Ground Pass,,,,,,,,,,,,,,,,
267533,2016-04-02,Barcelona,Real Madrid,La Liga,2015/2016,fa8094cc-0e0b-4183-838d-d2392851c613,2629,2,00:19:27.488000,64,27,Ball Receipt*,Barcelona,Daniel Alves da Silva,Right Back,119,Barcelona,67.8,59.9,,,,,,,,,,,,,,,,,,,,,,,,,,
267533,2016-04-02,Barcelona,Real Madrid,La Liga,2015/2016,e722e7c6-424d-4583-942f-43ff53f0b396,2630,2,00:19:27.488000,64,27,Carry,Barcelona,Daniel Alves da Silva,Right Back,119,Barcelona,67.8,59.9,0.180783,,,,,,,,,,,67.8,59.9,,,,,,,,,,,,,
267533,2016-04-02,Barcelona,Real Madrid,La Liga,2015/2016,140ecda0-5087-40dc-acb6-9fdcd5fbf3e0,2631,2,00:19:27.668000,64,27,Pass,Barcelona,Daniel Alves da Silva,Right Back,119,Barcelona,67.8,59.9,0.561779,,,,Lionel Andrés Messi Cuccittini,68.7,53.2,6.7601776,-1.4372673,Ground Pass,,,,,,,,,,,,,,,,
267533,2016-04-02,Barcelona,Real Madrid,La Liga,2015/2016,defd88ca-cb6f-442e-8b35-716774439d2a,2632,2,00:19:28.230000,64,28,Ball Receipt*,Barcelona,Lionel Andrés Messi Cuccittini,Center Forward,119,Barcelona,68.7,53.2,,,,,,,,,,,,,,,,,,,,,,,,,,
267533,2016-04-02,Barcelona,Real Madrid,La Liga,2015/2016,209fb692-c722-46e5-af29-b66bd1436030,2633,2,00:19:28.230000,64,28,Carry,Barcelona,Lionel Andrés Messi Cuccittini,Center Forward,119,Barcelona,68.7,53.2,5.039757,,,,,,,,,,,73.7,45.0,,,,,,,,,,,,,
267533,2016-04-02,Barcelona,Real Madrid,La Liga,2015/2016,6b79ae7f-1e2d-414f-bca3-76ea7a9bd753,2634,2,00:19:33.270000,64,33,Pass,Barcelona,Lionel Andrés Messi Cuccittini,Center Forward,119,Barcelona,73.7,45.0,0.669844,,,,Sergio Busquets i Burgos,66.3,45.4,7.410803,3.0875912,Ground Pass,,,,,,,,,,,,,,,,
267533,2016-04-02,Barcelona,Real Madrid,La Liga,2015/2016,ce77d200-299d-4a3d-9c76-df84e61834eb,2635,2,00:19:33.940000,64,33,Ball Receipt*,Barcelona,Sergio Busquets i Burgos,Center Defensive Midfield,119,Barcelona,66.3,45.4,,,,,,,,,,,,,,,,,,,,,,,,,,
267533,2016-04-02,Barcelona,Real Madrid,La Liga,2015/2016,6dd6bc19-2036-4a4d-af91-44d68ed14a19,2636,2,00:19:33.940000,64,33,Carry,Barcelona,Sergio Busquets i Burgos,Center Defensive Midfield,119,Barcelona,66.3,45.4,0.039956,,,,,,,,,,,66.3,45.4,,,,,,,,,,,,,
267533,2016-04-02,Barcelona,Real Madrid,La Liga,2015/2016,4bfab379-4095-4e90-bf29-540401df12be,2637,2,00:19:33.980000,64,33,Pass,Barcelona,Sergio Busquets i Burgos,Center Defensive Midfield,119,Barcelona,66.3,45.4,1.2,,,,Andrés Iniesta Luján,69.2,29.8,15.867262,-1.386997,Ground Pass,,,,,,,,,,,,,,,,
267533,2016-04-02,Barcelona,Real Madrid,La Liga,2015/2016,49c487eb-b320-4e5c-8794-f325d084a58e,2638,2,00:19:35.180000,64,35,Ball Receipt*,Barcelona,Andrés Iniesta Luján,Left Center Midfield,119,Barcelona,69.2,29.8,,,,,,,,,,,,,,,,,,,,,,,,,,
267533,2016-04-02,Barcelona,Real Madrid,La Liga,2015/2016,27bcaf78-ee0c-44a5-842d-3b9b2e7db2ef,2639,2,00:19:35.180000,64,35,Carry,Barcelona,Andrés Iniesta Luján,Left Center Midfield,119,Barcelona,69.2,29.8,6.7757,,,,,,,,,,,71.4,33.9,,,,,,,,,,,,,
267533,2016-04-02,Barcelona,Real Madrid,La Liga,2015/2016,a7b64b6b-e8a6-4870-a88a-98c8e60859b2,2640,2,00:19:41.955000,64,41,Pass,Barcelona,Andrés Iniesta Luján,Left Center Midfield,119,Barcelona,71.4,33.9,1.6,,,,Jordi Alba Ramos,84.2,8.0,28.89031,-1.1117927,Ground Pass,,,,,,,,,,,,,,,,
267533,2016-04-02,Barcelona,Real Madrid,La Liga,2015/2016,37e6dfec-e442-47c9-b215-fb5d0f9deae6,2641,2,00:19:43.555000,64,43,Ball Receipt*,Barcelona,Jordi Alba Ramos,Left Back,119,Barcelona,84.2,8.0,,,,,,,,,,,,,,,,,,,,,,,,,,
267533,2016-04-02,Barcelona,Real Madrid,La Liga,2015/2016,c7bf767c-e275-41b6-91b8-ee1f3703df83,2642,2,00:19:43.555000,64,43,Carry,Barcelona,Jordi Alba Ramos,Left Back,119,Barcelona,84.2,8.0,2.0231,True,,,,,,,,,,90.6,1.4,,,,,,,,,,,,,
267533,2016-04-02,Barcelona,Real Madrid,La Liga,2015/2016,712b328b-d371-4063-96a0-3c590ff47687,2643,2,00:19:44.653000,64,44,Pressure,Real Madrid,Daniel Carvajal Ramos,Right Back,119,Barcelona,29.1,72.3,0.810668,,,,,,,,,,,,,,,,,,,,,,,,,
267533,2016-04-02,Barcelona,Real Madrid,La Liga,2015/2016,673e08f8-8e81-4554-85dc-9fce05acb009,2644,2,00:19:45.579000,64,45,Pass,Barcelona,Jordi Alba Ramos,Left Back,119,Barcelona,90.6,1.4,0.7734,,,,Neymar da Silva Santos Junior,99.6,6.6,10.394229,0.52391934,Ground Pass,,,,,,,,,,,,,,,,
267533,2016-04-02,Barcelona,Real Madrid,La Liga,2015/2016,240bf3cd-ddf7-4cd8-b4df-5e86651030e1,2645,2,00:19:46.352000,64,46,Ball Receipt*,Barcelona,Neymar da Silva Santos Junior,Left Wing,119,Barcelona,99.6,6.6,,,,,,,,,,,,,,,,,,,,,,,,,,
267533,2016-04-02,Barcelona,Real Madrid,La Liga,2015/2016,f5b282e7-cdb8-43a4-87fe-79eeca1ba6e1,2646,2,00:19:46.352000,64,46,Carry,Barcelona,Neymar da Silva Santos Junior,Left Wing,119,Barcelona,99.6,6.6,0.04,,,,,,,,,,,99.6,6.6,,,,,,,,,,,,,
267533,2016-04-02,Barcelona,Real Madrid,La Liga,2015/2016,0897ebc3-63e6-4fdf-a1fb-7984140fb891,2647,2,00:19:46.392000,64,46,Miscontrol,Barcelona,Neymar da Silva Santos Junior,Left Wing,119,Barcelona,99.6,6.6,0.0,,,,,,,,,,,,,,,,,,,,,,,,,
267533,2016-04-02,Barcelona,Real Madrid,La Liga,2015/2016,33095a2c-ef27-4acc-8bc3-914b21d17fa1,2648,2,00:19:48.186000,64,48,Ball Recovery,Real Madrid,Kléper Laveran Lima Ferreira,Right Center Back,119,Barcelona,7.0,71.1,0.0,,,,,,,,,,,,,,,,,,,,,,,,,
267533,2016-04-02,Barcelona,Real Madrid,La Liga,2015/2016,32d3146c-791d-43c2-8537-de294e8a64d4,2649,2,00:19:48.186000,64,48,Carry,Real Madrid,Kléper Laveran Lima Ferreira,Right Center Back,119,Barcelona,7.0,71.1,0.945933,,,,,,,,,,,6.8,71.3,,,,,,,,,,,,,
267533,2016-04-02,Barcelona,Real Madrid,La Liga,2015/2016,e2b88de3-8b00-4ca4-97d4-90a74e8d342e,2650,2,00:19:49.132000,64,49,Pass,Real Madrid,Kléper Laveran Lima Ferreira,Right Center Back,119,Barcelona,6.8,71.3,1.4529,,,,Carlos Henrique Casimiro,14.6,55.1,17.979988,-1.1220729,Ground Pass,,,,,,,,,,,,,,,,
267533,2016-04-02,Barcelona,Real Madrid,La Liga,2015/2016,cf5f83eb-0347-4e28-b3f3-9f20a9fa0dd8,2651,2,00:19:50.585000,64,50,Ball Receipt*,Real Madrid,Carlos Henrique Casimiro,Center Defensive Midfield,119,Barcelona,14.6,55.1,,,,,,,,,,,,,,,,,,,,,,,,,,
267533,2016-04-02,Barcelona,Real Madrid,La Liga,2015/2016,a914792d-56cd-4141-b3f6-717f4c6ea516,2652,2,00:19:50.585000,64,50,Pass,Real Madrid,Carlos Henrique Casimiro,Center Defensive Midfield,119,Barcelona,14.6,55.1,2.4973,,,,Gareth Frank Bale,50.5,79.5,43.40703,0.596948,Low Pass,Out,,,,,,,,,,,,,,,
267533,2016-04-02,Barcelona,Real Madrid,La Liga,2015/2016,7f0848d9-b918-4c06-97bd-0b02f805797e,2653,2,00:19:53.082000,64,53,Ball Receipt*,Real Madrid,Gareth Frank Bale,Right Wing,119,Barcelona,33.5,66.5,,,,,,,,,,,,,,,,,,,,,,,,,,
267533,2016-04-02,Barcelona,Real Madrid,La Liga,2015/2016,42ca8771-e48c-4459-a0a6-02006831e759,2654,2,00:20:08.613000,65,8,Pass,Barcelona,Jordi Alba Ramos,Left Back,120,Barcelona,64.0,0.1,2.0,,True,,Neymar da Silva Santos Junior,70.6,10.8,12.571794,1.0180992,Low Pass,,,,,,,,,,,,,,,,
267533,2016-04-02,Barcelona,Real Madrid,La Liga,2015/2016,8753dbda-7321-41b0-8f63-c8d2139deb39,2655,2,00:20:10.613000,65,10,Ball Receipt*,Barcelona,Neymar da Silva Santos Junior,Left Wing,120,Barcelona,70.6,10.8,,,,,,,,,,,,,,,,,,,,,,,,,,
267533,2016-04-02,Barcelona,Real Madrid,La Liga,2015/2016,4e0110a8-53bd-4979-825a-8144c1cecbc9,2656,2,00:20:10.929000,65,10,Pressure,Real Madrid,Gareth Frank Bale,Right Wing,120,Barcelona,42.5,64.0,0.5816,,,,,,,,,,,,,,,,,,,,,,,,,
267533,2016-04-02,Barcelona,Real Madrid,La Liga,2015/2016,c41df512-ee39-4b3b-9636-346aa4089de5,2657,2,00:20:11.511000,65,11,Dispossessed,Barcelona,Neymar da Silva Santos Junior,Left Wing,120,Barcelona,73.1,15.7,0.0,True,,,,,,,,,,,,,,,,,,,,,,,,
267533,2016-04-02,Barcelona,Real Madrid,La Liga,2015/2016,0ff8f5a3-1d49-42d7-939c-17bb62f9d165,2658,2,00:20:11.511000,65,11,Duel,Real Madrid,Gareth Frank Bale,Right Wing,120,Barcelona,47.0,64.4,0.0,True,,,,,,,,,,,,,,,,Tackle,Lost In Play,,,,,,,
267533,2016-04-02,Barcelona,Real Madrid,La Liga,2015/2016,26e4b3c6-976d-4f29-a7dc-3d1ddc9c5e3c,2659,2,00:20:11.839000,65,11,Foul Committed,Real Madrid,Gareth Frank Bale,Right Wing,120,Barcelona,47.6,64.4,0.0,,,,,,,,,,,,,,,,,,,,,,,,,
267533,2016-04-02,Barcelona,Real Madrid,La Liga,2015/2016,86a89071-38f2-4b07-9a33-98624551cde0,2660,2,00:20:11.839000,65,11,Foul Won,Barcelona,Neymar da Silva Santos Junior,Left Wing,120,Barcelona,72.5,15.7,0.0,True,,,,,,,,,,,,,,,,,,,,True,True,,,
267533,2016-04-02,Barcelona,Real Madrid,La Liga,2015/2016,99a54d41-0072-456c-9593-33852b6ea652,2661,2,00:20:12.713000,65,12,Ball Recovery,Barcelona,Sergio Busquets i Burgos,Center Defensive Midfield,120,Barcelona,64.5,17.9,0.0,,,,,,,,,,,,,,,,,,,,,,,,,
267533,2016-04-02,Barcelona,Real Madrid,La Liga,2015/2016,acf529bd-b9a2-4cd9-ad89-c96f1aeddafb,2662,2,00:20:12.713000,65,12,Carry,Barcelona,Sergio Busquets i Burgos,Center Defensive Midfield,120,Barcelona,64.5,17.9,2.666432,,,,,,,,,,,68.7,23.3,,,,,,,,,,,,,
267533,2016-04-02,Barcelona,Real Madrid,La Liga,2015/2016,ee08874f-d0d7-4ff9-81d4-a448e7e7e354,2663,2,00:20:15.379000,65,15,Pass,Barcelona,Sergio Busquets i Burgos,Center Defensive Midfield,120,Barcelona,68.7,23.3,0.975165,,,,Lionel Andrés Messi Cuccittini,67.2,37.4,14.179563,1.6767807,Ground Pass,,,,,,,,,,,,,,,,
267533,2016-04-02,Barcelona,Real Madrid,La Liga,2015/2016,308099a1-6579-4a07-8f1b-a6408f523d8a,2664,2,00:20:16.355000,65,16,Ball Receipt*,Barcelona,Lionel Andrés Messi Cuccittini,Center Forward,120,Barcelona,67.2,37.4,,,,,,,,,,,,,,,,,,,,,,,,,,
267533,2016-04-02,Barcelona,Real Madrid,La Liga,2015/2016,e31f3314-dd4a-4074-a01f-f812ecd0e251,2665,2,00:20:20.139000,65,20,Pass,Barcelona,Lionel Andrés Messi Cuccittini,Center Forward,120,Barcelona,67.2,37.4,1.473027,,True,,Ivan Rakitić,72.7,45.4,9.708244,0.96850896,Ground Pass,,,,,,,,,,,,,,,,
267533,2016-04-02,Barcelona,Real Madrid,La Liga,2015/2016,e5d0141b-779e-4319-94b9-36ac9b7d0b22,2666,2,00:20:21.612000,65,21,Ball Receipt*,Barcelona,Ivan Rakitić,Right Center Midfield,120,Barcelona,72.7,45.4,,,,,,,,,,,,,,,,,,,,,,,,,,
267533,2016-04-02,Barcelona,Real Madrid,La Liga,2015/2016,e4492384-1ef3-40f1-88f3-1e2589663f98,2667,2,00:20:21.662000,65,21,Pass,Barcelona,Ivan Rakitić,Right Center Midfield,120,Barcelona,72.1,45.6,1.2,,,,Gerard Piqué Bernabéu,55.0,45.2,17.104677,-3.118205,Ground Pass,,,,,,,,,,,,,,,,
267533,2016-04-02,Barcelona,Real Madrid,La Liga,2015/2016,890335f6-3df5-442f-9f0b-d741e4125f7f,2668,2,00:20:22.862000,65,22,Ball Receipt*,Barcelona,Gerard Piqué Bernabéu,Right Center Back,120,Barcelona,55.0,45.2,,,,,,,,,,,,,,,,,,,,,,,,,,
267533,2016-04-02,Barcelona,Real Madrid,La Liga,2015/2016,54749b36-207f-40d8-8266-d022d7758158,2669,2,00:20:22.862000,65,22,Carry,Barcelona,Gerard Piqué Bernabéu,Right Center Back,120,Barcelona,55.0,45.2,0.04,,,,,,,,,,,55.0,45.2,,,,,,,,,,,,,
267533,2016-04-02,Barcelona,Real Madrid,La Liga,2015/2016,14e5dfa2-5e40-4173-9369-e5c000d25962,2670,2,00:20:22.902000,65,22,Pass,Barcelona,Gerard Piqué Bernabéu,Right Center Back,120,Barcelona,55.0,45.2,2.0,,,,Javier Alejandro Mascherano,51.4,24.9,20.616741,-1.7463114,Ground Pass,,,,,,,,,,,,,,,,
267533,2016-04-02,Barcelona,Real Madrid,La Liga,2015/2016,56a38586-ef7f-4651-a07f-ac93cd962a16,2671,2,00:20:24.902000,65,24,Ball Receipt*,Barcelona,Javier Alejandro Mascherano,Left Center Back,120,Barcelona,51.4,24.9,,,,,,,,,,,,,,,,,,,,,,,,,,
267533,2016-04-02,Barcelona,Real Madrid,La Liga,2015/2016,f33af648-02fa-4ec7-9bb1-9455b60d2fcd,2672,2,00:20:24.902000,65,24,Carry,Barcelona,Javier Alejandro Mascherano,Left Center Back,120,Barcelona,51.4,24.9,3.760802,,,,,,,,,,,55.0,30.6,,,,,,,,,,,,,
267533,2016-04-02,Barcelona,Real Madrid,La Liga,2015/2016,714c5a4b-adc0-47d1-b337-fce5f880d7bf,2673,2,00:20:28.662000,65,28,Pass,Barcelona,Javier Alejandro Mascherano,Left Center Back,120,Barcelona,55.0,30.6,1.036513,,,,Sergio Busquets i Burgos,58.6,14.3,16.692812,-1.3534269,Ground Pass,,,,,,,,,,,,,,,,
267533,2016-04-02,Barcelona,Real Madrid,La Liga,2015/2016,d19d47ac-e56f-4e03-a9bc-77c8742b3d1f,2674,2,00:20:29.699000,65,29,Ball Receipt*,Barcelona,Sergio Busquets i Burgos,Center Defensive Midfield,120,Barcelona,58.6,14.3,,,,,,,,,,,,,,,,,,,,,,,,,,
267533,2016-04-02,Barcelona,Real Madrid,La Liga,2015/2016,64951021-04a5-49a0-bab2-cbf0eb948f88,2675,2,00:20:29.699000,65,29,Carry,Barcelona,Sergio Busquets i Burgos,Center Defensive Midfield,120,Barcelona,58.6,14.3,0.079985,,,,,,,,,,,60.0,14.6,,,,,,,,,,,,,
267533,2016-04-02,Barcelona,Real Madrid,La Liga,2015/2016,27b931cf-cbcf-4e58-8539-f04f7b8d6633,2676,2,00:20:29.779000,65,29,Pass,Barcelona,Sergio Busquets i Burgos,Center Defensive Midfield,120,Barcelona,60.0,14.6,1.333922,,,,Jordi Alba Ramos,74.9,2.8,19.006578,-0.66981083,Ground Pass,,,,,,,,,,,,,,,,
267533,2016-04-02,Barcelona,Real Madrid,La Liga,2015/2016,258a6cb3-39b4-4519-bfa4-04c51f16455f,2677,2,00:20:30.810000,65,30,Pressure,Real Madrid,Daniel Carvajal Ramos,Right Back,120,Barcelona,41.1,72.1,0.816774,,,,,,,,,,,,,,,,,,,,,,,,,
267533,2016-04-02,Barcelona,Real Madrid,La Liga,2015/2016,9be5e6ba-28c3-4925-ba23-48340167058e,2678,2,00:20:31.113000,65,31,Ball Receipt*,Barcelona,Jordi Alba Ramos,Left Back,120,Barcelona,74.9,2.8,,True,,,,,,,,,,,,,,,,,,,,,,,,
267533,2016-04-02,Barcelona,Real Madrid,La Liga,2015/2016,560bbbc3-fe3a-4a47-b6c1-d4f775c2d091,2679,2,00:20:31.113000,65,31,Carry,Barcelona,Jordi Alba Ramos,Left Back,120,Barcelona,74.9,2.8,0.536678,True,,,,,,,,,,74.3,2.6,,,,,,,,,,,,,
267533,2016-04-02,Barcelona,Real Madrid,La Liga,2015/2016,1f143fe3-6028-4b7c-b69b-4868f438d15a,2680,2,00:20:31.649000,65,31,Pass,Barcelona,Jordi Alba Ramos,Left Back,120,Barcelona,74.3,2.6,0.94328,,,,Andrés Iniesta Luján,73.0,13.7,11.175867,1.6873823,Ground Pass,,,,,,,,,,,,,,,,
267533,2016-04-02,Barcelona,Real Madrid,La Liga,2015/2016,300686c6-fa72-4d32-916b-2e9010596c92,2681,2,00:20:32.593000,65,32,Ball Receipt*,Barcelona,Andrés Iniesta Luján,Left Center Midfield,120,Barcelona,73.0,13.7,,,,,,,,,,,,,,,,,,,,,,,,,,
267533,2016-04-02,Barcelona,Real Madrid,La Liga,2015/2016,b5b68587-69de-4623-95ba-383465e30fcf,2682,2,00:20:32.593000,65,32,Carry,Barcelona,Andrés Iniesta Luján,Left Center Midfield,120,Barcelona,73.0,13.7,6.770829,True,,,,,,,,,,71.1,21.9,,,,,,,,,,,,,
267533,2016-04-02,Barcelona,Real Madrid,La Liga,2015/2016,b1b0921f-ab42-44f7-ac43-25727211c305,2683,2,00:20:35.416000,65,35,Pressure,Real Madrid,Gareth Frank Bale,Right Wing,120,Barcelona,45.2,66.8,4.097505,,,,,,,,,,,,,,,,,,,,,,,,,
267533,2016-04-02,Barcelona,Real Madrid,La Liga,2015/2016,9ab6c7fd-d31b-48c4-8a93-b76e8d565cdb,2684,2,00:20:39.364000,65,39,Pass,Barcelona,Andrés Iniesta Luján,Left Center Midfield,120,Barcelona,71.1,21.9,0.662522,True,,,Sergio Busquets i Burgos,64.4,21.5,6.71193,-3.0819619,Ground Pass,,,,,,,,,,,,,,,,
267533,2016-04-02,Barcelona,Real Madrid,La Liga,2015/2016,c6f66818-fdcb-4c83-b9fd-240eeadd3fc2,2685,2,00:20:40.026000,65,40,Ball Receipt*,Barcelona,Sergio Busquets i Burgos,Center Defensive Midfield,120,Barcelona,64.4,21.5,,,,,,,,,,,,,,,,,,,,,,,,,,
267533,2016-04-02,Barcelona,Real Madrid,La Liga,2015/2016,15f7f50c-d257-49f1-abdd-a893a3b3d4da,2686,2,00:20:40.026000,65,40,Carry,Barcelona,Sergio Busquets i Burgos,Center Defensive Midfield,120,Barcelona,64.4,21.5,0.968668,,,,,,,,,,,65.1,26.4,,,,,,,,,,,,,
267533,2016-04-02,Barcelona,Real Madrid,La Liga,2015/2016,d46721fc-3ca2-4a9a-a926-fbe26a1404b9,2687,2,00:20:40.995000,65,40,Pass,Barcelona,Sergio Busquets i Burgos,Center Defensive Midfield,120,Barcelona,65.1,26.4,1.276701,,,,Ivan Rakitić,77.1,45.2,22.303364,1.0026916,Ground Pass,,,,,,,,,,,,,,,,
267533,2016-04-02,Barcelona,Real Madrid,La Liga,2015/2016,f14f17f6-70af-4410-a565-83932c6064bb,2688,2,00:20:42.271000,65,42,Ball Receipt*,Barcelona,Ivan Rakitić,Right Center Midfield,120,Barcelona,77.1,45.2,,,,,,,,,,,,,,,,,,,,,,,,,,
267533,2016-04-02,Barcelona,Real Madrid,La Liga,2015/2016,f391abf1-91fd-4db8-afc9-36d30620185a,2689,2,00:20:42.271000,65,42,Carry,Barcelona,Ivan Rakitić,Right Center Midfield,120,Barcelona,77.1,45.2,0.856967,,,,,,,,,,,78.5,52.3,,,,,,,,,,,,,
267533,2016-04-02,Barcelona,Real Madrid,La Liga,2015/2016,afadab36-c119-452e-893d-ad17f2c6ffef,2690,2,00:20:43.128000,65,43,Pass,Barcelona,Ivan Rakitić,Right Center Midfield,120,Barcelona,78.5,52.3,2.591133,,,,Daniel Alves da Silva,84.4,73.2,21.716814,1.2956592,Ground Pass,,,,,,,,,,,,,,,,
267533,2016-04-02,Barcelona,Real Madrid,La Liga,2015/2016,127640d6-df6f-404c-b274-786c88501f16,2691,2,00:20:45.720000,65,45,Ball Receipt*,Barcelona,Daniel Alves da Silva,Right Back,120,Barcelona,84.4,73.2,,,,,,,,,,,,,,,,,,,,,,,,,,
267533,2016-04-02,Barcelona,Real Madrid,La Liga,2015/2016,9c893b07-ede9-4f60-8bce-60d5cdd1878f,2692,2,00:20:45.720000,65,45,Carry,Barcelona,Daniel Alves da Silva,Right Back,120,Barcelona,84.4,73.2,0.953391,,,,,,,,,,,91.6,68.5,,,,,,,,,,,,,
267533,2016-04-02,Barcelona,Real Madrid,La Liga,2015/2016,c04a5496-db11-4785-902d-f14ffff0e77a,2693,2,00:20:46.673000,65,46,Pass,Barcelona,Daniel Alves da Silva,Right Back,120,Barcelona,91.6,68.5,1.341209,,,,Lionel Andrés Messi Cuccittini,84.8,51.4,18.402445,-1.9492846,Ground Pass,,,,,,,,,,,,,,,,
267533,2016-04-02,Barcelona,Real Madrid,La Liga,2015/2016,12e252e2-836d-4e59-b7df-b740225adfc3,2694,2,00:20:48.014000,65,48,Ball Receipt*,Barcelona,Lionel Andrés Messi Cuccittini,Center Forward,120,Barcelona,84.8,51.4,,,,,,,,,,,,,,,,,,,,,,,,,,
267533,2016-04-02,Barcelona,Real Madrid,La Liga,2015/2016,80585c60-1b0e-4e2e-9a5d-bccfbdc3c07a,2695,2,00:20:48.014000,65,48,Carry,Barcelona,Lionel Andrés Messi Cuccittini,Center Forward,120,Barcelona,84.8,51.4,1.706495,True,,,,,,,,,,86.1,49.0,,,,,,,,,,,,,
267533,2016-04-02,Barcelona,Real Madrid,La Liga,2015/2016,21e252ac-bb2e-4717-91df-635545b776e2,2696,2,00:20:49.152000,65,49,Pressure,Real Madrid,Carlos Henrique Casimiro,Center Defensive Midfield,120,Barcelona,30.2,29.9,0.669669,,,,,,,,,,,,,,,,,,,,,,,,,
267533,2016-04-02,Barcelona,Real Madrid,La Liga,2015/2016,8628c689-196b-4bab-983d-6e92f96c35ee,2697,2,00:20:49.721000,65,49,Pass,Barcelona,Lionel Andrés Messi Cuccittini,Center Forward,120,Barcelona,86.1,49.0,2.089805,True,,,Jordi Alba Ramos,103.5,22.5,31.701893,-0.9897927,High Pass,Incomplete,,,,,,,,,,,,,,,
267533,2016-04-02,Barcelona,Real Madrid,La Liga,2015/2016,14b58eed-c604-4bdd-8ff5-a73a5ec984fc,2698,2,00:20:51.810000,65,51,Ball Receipt*,Barcelona,Jordi Alba Ramos,Left Back,120,Barcelona,105.4,19.5,,,,,,,,,,,,,,,,,,,,,,,,,,
267533,2016-04-02,Barcelona,Real Madrid,La Liga,2015/2016,801ef381-56fb-4599-861c-40cb9c5d6b3e,2699,2,00:20:51.810000,65,51,Pass,Real Madrid,Daniel Carvajal Ramos,Right Back,121,Real Madrid,16.6,57.6,1.7943,,,,Gareth Frank Bale,25.9,55.1,9.630161,-0.26260906,High Pass,,,,,,,,,,,,,,,,
267533,2016-04-02,Barcelona,Real Madrid,La Liga,2015/2016,3c8c0d55-2649-4729-8b05-1c88665e54fa,2700,2,00:20:53.605000,65,53,Ball Receipt*,Real Madrid,Gareth Frank Bale,Right Wing,121,Real Madrid,25.9,55.1,,,,,,,,,,,,,,,,,,,,,,,,,,
267533,2016-04-02,Barcelona,Real Madrid,La Liga,2015/2016,60c6ced0-12b5-4743-8eaa-282282f062ef,2701,2,00:20:53.605000,65,53,Pass,Real Madrid,Gareth Frank Bale,Right Wing,121,Real Madrid,26.1,55.6,2.5539,,,,Daniel Carvajal Ramos,36.8,68.8,16.992058,0.8896217,High Pass,,,,,,,,,,,,,,,,
267533,2016-04-02,Barcelona,Real Madrid,La Liga,2015/2016,e082f480-b8eb-41e3-a8e3-d604cb79d57b,2702,2,00:20:55.632000,65,55,Pressure,Barcelona,Jordi Alba Ramos,Left Back,121,Real Madrid,82.4,12.6,1.440974,,,,,,,,,,,,,,,,,,,,,,,,,
267533,2016-04-02,Barcelona,Real Madrid,La Liga,2015/2016,4b3670f9-f9e0-42fe-bfab-6420ebb90173,2703,2,00:20:56.159000,65,56,Ball Receipt*,Real Madrid,Daniel Carvajal Ramos,Right Back,121,Real Madrid,36.8,68.8,,True,,,,,,,,,,,,,,,,,,,,,,,,
267533,2016-04-02,Barcelona,Real Madrid,La Liga,2015/2016,73d92b96-6c64-4b0b-9d8b-70964a3d9373,2704,2,00:20:56.159000,65,56,Carry,Real Madrid,Daniel Carvajal Ramos,Right Back,121,Real Madrid,36.8,68.8,1.4099,True,,,,,,,,,,38.1,77.1,,,,,,,,,,,,,
267533,2016-04-02,Barcelona,Real Madrid,La Liga,2015/2016,a60941b6-2a94-40ff-ad43-ad1d373b567f,2705,2,00:20:57.129000,65,57,Pressure,Barcelona,Andrés Iniesta Luján,Left Center Midfield,121,Real Madrid,81.7,5.4,0.5201,,,,,,,,,,,,,,,,,,,,,,,,,
267533,2016-04-02,Barcelona,Real Madrid,La Liga,2015/2016,bdd56526-8b46-4095-8067-1d51fe413685,2706,2,00:20:57.569000,65,57,Pass,Real Madrid,Daniel Carvajal Ramos,Right Back,121,Real Madrid,38.1,77.1,0.1609,True,,,Gareth Frank Bale,36.4,75.5,2.3345234,-2.3864882,Low Pass,Incomplete,,,,,,,,,,,,,,,
267533,2016-04-02,Barcelona,Real Madrid,La Liga,2015/2016,aa7133d5-e600-4b00-8c87-649d456fcf18,2707,2,00:20:57.729000,65,57,Ball Receipt*,Real Madrid,Gareth Frank Bale,Right Wing,121,Real Madrid,31.5,62.2,,,,,,,,,,,,,,,,,,,,,,,,,,
267533,2016-04-02,Barcelona,Real Madrid,La Liga,2015/2016,7c319830-efc0-42cf-9074-81dd4fc8b00e,2708,2,00:20:57.729000,65,57,Block,Barcelona,Andrés Iniesta Luján,Left Center Midfield,121,Real Madrid,83.7,4.6,0.0,,,True,,,,,,,,,,,,,,,,,,,,,,
267533,2016-04-02,Barcelona,Real Madrid,La Liga,2015/2016,ef3fab48-3d37-4109-b1f9-dd4d294ff894,2709,2,00:21:14.968000,66,14,Pass,Real Madrid,Daniel Carvajal Ramos,Right Back,122,Real Madrid,46.0,80.0,3.589813,,,,Cristiano Ronaldo dos Santos Aveiro,91.8,74.1,46.17846,-0.12811539,High Pass,,,,,,,,,,,,,,,,
267533,2016-04-02,Barcelona,Real Madrid,La Liga,2015/2016,c6d6505b-7f92-44e7-85e3-bfab0162fdea,2710,2,00:21:18.558000,66,18,Ball Receipt*,Real Madrid,Cristiano Ronaldo dos Santos Aveiro,Left Wing,122,Real Madrid,91.8,74.1,,,,,,,,,,,,,,,,,,,,,,,,,,
267533,2016-04-02,Barcelona,Real Madrid,La Liga,2015/2016,4b973447-8b42-4a5f-93cc-9e9cae387ea8,2711,2,00:21:18.558000,66,18,Carry,Real Madrid,Cristiano Ronaldo dos Santos Aveiro,Left Wing,122,Real Madrid,91.8,74.1,7.190787,True,,,,,,,,,,87.6,71.7,,,,,,,,,,,,,
267533,2016-04-02,Barcelona,Real Madrid,La Liga,2015/2016,16a25e06-82f8-41b6-9f54-0267ec0d2ed0,2712,2,00:21:23.190000,66,23,Pressure,Barcelona,Andrés Iniesta Luján,Left Center Midfield,122,Real Madrid,42.7,6.0,1.650402,,,,,,,,,,,,,,,,,,,,,,,,,
267533,2016-04-02,Barcelona,Real Madrid,La Liga,2015/2016,19eefe53-1692-4514-9fec-b096b351b93f,2713,2,00:21:25.749000,66,25,Pass,Real Madrid,Cristiano Ronaldo dos Santos Aveiro,Left Wing,122,Real Madrid,87.6,71.7,0.061353,,,,Daniel Carvajal Ramos,89.8,74.5,3.5608988,0.9048271,Ground Pass,Incomplete,,,,,,,,,,,,,,,
267533,2016-04-02,Barcelona,Real Madrid,La Liga,2015/2016,edfa1839-c86e-42ff-827a-71ca9607c14d,2714,2,00:21:25.810000,66,25,Ball Receipt*,Real Madrid,Daniel Carvajal Ramos,Right Back,122,Real Madrid,91.9,78.3,,,,,,,,,,,,,,,,,,,,,,,,,,
267533,2016-04-02,Barcelona,Real Madrid,La Liga,2015/2016,64601bac-029e-4ee3-b291-cd70bbcfbee2,2715,2,00:21:25.810000,66,25,Block,Barcelona,Jordi Alba Ramos,Left Back,122,Real Madrid,30.3,5.6,0.0,,,,,,,,,,,,,,,,,,,,,,,,,
267533,2016-04-02,Barcelona,Real Madrid,La Liga,2015/2016,a8bd3daa-8d0f-4f74-b9d3-c86178c30512,2716,2,00:21:27.794000,66,27,Pass,Barcelona,Jordi Alba Ramos,Left Back,123,Barcelona,31.3,19.1,1.3256,,,,Gerard Piqué Bernabéu,20.6,24.9,12.170867,2.6448689,Ground Pass,,,,,,,,,,,,,,,,
267533,2016-04-02,Barcelona,Real Madrid,La Liga,2015/2016,15249c7e-8b46-45ec-9236-446bc4c29225,2717,2,00:21:29.120000,66,29,Ball Receipt*,Barcelona,Gerard Piqué Bernabéu,Right Center Back,123,Barcelona,20.6,24.9,,,,,,,,,,,,,,,,,,,,,,,,,,
267533,2016-04-02,Barcelona,Real Madrid,La Liga,2015/2016,0b49635b-c9bf-45cf-bc23-410564e7fc74,2718,2,00:21:29.120000,66,29,Carry,Barcelona,Gerard Piqué Bernabéu,Right Center Back,123,Barcelona,20.6,24.9,3.6042,,,,,,,,,,,28.2,33.5,,,,,,,,,,,,,
267533,2016-04-02,Barcelona,Real Madrid,La Liga,2015/2016,c9aa8760-6481-4906-8050-330e72a16017,2719,2,00:21:32.724000,66,32,Pass,Barcelona,Gerard Piqué Bernabéu,Right Center Back,123,Barcelona,28.2,33.5,0.8,,,,Sergio Busquets i Burgos,32.1,26.3,8.188406,-1.0743736,Ground Pass,,,,,,,,,,,,,,,,
267533,2016-04-02,Barcelona,Real Madrid,La Liga,2015/2016,8a788802-7c52-4e31-8889-c68afdc2a463,2720,2,00:21:33.524000,66,33,Ball Receipt*,Barcelona,Sergio Busquets i Burgos,Center Defensive Midfield,123,Barcelona,32.1,26.3,,,,,,,,,,,,,,,,,,,,,,,,,,
267533,2016-04-02,Barcelona,Real Madrid,La Liga,2015/2016,a653bace-c2b3-4074-8327-35eff4d41be0,2721,2,00:21:33.524000,66,33,Carry,Barcelona,Sergio Busquets i Burgos,Center Defensive Midfield,123,Barcelona,32.1,26.3,1.976146,True,,,,,,,,,,35.2,30.2,,,,,,,,,,,,,
267533,2016-04-02,Barcelona,Real Madrid,La Liga,2015/2016,19236854-51c4-4c89-a1ba-caf5d6d7d290,2722,2,00:21:34.254000,66,34,Pressure,Real Madrid,Karim Benzema,Center Forward,123,Barcelona,86.4,48.9,1.209941,,,,,,,,,,,,,,,,,,,,,,,,,
267533,2016-04-02,Barcelona,Real Madrid,La Liga,2015/2016,64a1a061-97a5-4e76-8b6e-acb76732936b,2723,2,00:21:35.500000,66,35,Pass,Barcelona,Sergio Busquets i Burgos,Center Defensive Midfield,123,Barcelona,35.2,30.2,0.567811,,,,Andrés Iniesta Luján,44.8,33.5,10.151355,0.33109608,Ground Pass,,,,,,,,,,,,,,,,
267533,2016-04-02,Barcelona,Real Madrid,La Liga,2015/2016,d1d09a31-38c3-492e-a0a5-1bb96bde67ae,2724,2,00:21:36.068000,66,36,Ball Receipt*,Barcelona,Andrés Iniesta Luján,Left Center Midfield,123,Barcelona,44.8,33.5,,,,,,,,,,,,,,,,,,,,,,,,,,
267533,2016-04-02,Barcelona,Real Madrid,La Liga,2015/2016,f211604e-09d3-4820-a27f-47720ff8cacd,2725,2,00:21:36.068000,66,36,Carry,Barcelona,Andrés Iniesta Luján,Left Center Midfield,123,Barcelona,44.8,33.5,0.209084,,,,,,,,,,,44.8,33.5,,,,,,,,,,,,,
267533,2016-04-02,Barcelona,Real Madrid,La Liga,2015/2016,e4627849-6d96-4be8-b2cc-ae6ba4c0d21f,2726,2,00:21:36.277000,66,36,Pass,Barcelona,Andrés Iniesta Luján,Left Center Midfield,123,Barcelona,44.8,33.5,2.487214,,,,Gerard Piqué Bernabéu,28.3,43.0,19.039433,2.6191893,Ground Pass,,,,,,,,,,,,,,,,
267533,2016-04-02,Barcelona,Real Madrid,La Liga,2015/2016,14b09ef4-a8b8-4644-9e83-7ea0dfaac790,2727,2,00:21:38.764000,66,38,Ball Receipt*,Barcelona,Gerard Piqué Bernabéu,Right Center Back,123,Barcelona,28.3,43.0,,,,,,,,,,,,,,,,,,,,,,,,,,
267533,2016-04-02,Barcelona,Real Madrid,La Liga,2015/2016,2dd2eebd-5729-4a0f-a08a-db3750220cc3,2728,2,00:21:38.764000,66,38,Carry,Barcelona,Gerard Piqué Bernabéu,Right Center Back,123,Barcelona,28.3,43.0,0.21298,,,,,,,,,,,28.3,50.4,,,,,,,,,,,,,
267533,2016-04-02,Barcelona,Real Madrid,La Liga,2015/2016,96973555-3c34-4b74-a88c-68c842eb20dd,2729,2,00:21:38.977000,66,38,Pass,Barcelona,Gerard Piqué Bernabéu,Right Center Back,123,Barcelona,28.3,50.4,1.385166,,,,Daniel Alves da Silva,35.1,70.8,21.503489,1.2490457,Ground Pass,,,,,,,,,,,,,,,,
267533,2016-04-02,Barcelona,Real Madrid,La Liga,2015/2016,c4aea01c-b57e-4ad7-972a-c5c4f8d72e9f,2730,2,00:21:40.363000,66,40,Ball Receipt*,Barcelona,Daniel Alves da Silva,Right Back,123,Barcelona,35.1,70.8,,,,,,,,,,,,,,,,,,,,,,,,,,
267533,2016-04-02,Barcelona,Real Madrid,La Liga,2015/2016,05f6909b-a775-4d99-a157-3e1faa241ce0,2731,2,00:21:40.363000,66,40,Carry,Barcelona,Daniel Alves da Silva,Right Back,123,Barcelona,35.1,70.8,1.033199,,,,,,,,,,,35.7,65.9,,,,,,,,,,,,,
267533,2016-04-02,Barcelona,Real Madrid,La Liga,2015/2016,11404a28-b8df-4730-badc-0df229224ab6,2732,2,00:21:41.396000,66,41,Pass,Barcelona,Daniel Alves da Silva,Right Back,123,Barcelona,35.7,65.9,1.522466,,,,Sergio Busquets i Burgos,45.1,51.5,17.196512,-0.99247086,Ground Pass,,,,,,,,,,,,,,,,
267533,2016-04-02,Barcelona,Real Madrid,La Liga,2015/2016,dcbe0b6b-3c76-4585-ae8d-413f72105ed5,2733,2,00:21:42.918000,66,42,Ball Receipt*,Barcelona,Sergio Busquets i Burgos,Center Defensive Midfield,123,Barcelona,45.1,51.5,,,,,,,,,,,,,,,,,,,,,,,,,,
267533,2016-04-02,Barcelona,Real Madrid,La Liga,2015/2016,cdfdae85-b1b8-4bb9-9c57-cafc85903aa4,2734,2,00:21:42.918000,66,42,Carry,Barcelona,Sergio Busquets i Burgos,Center Defensive Midfield,123,Barcelona,45.1,51.5,2.817034,,,,,,,,,,,56.9,42.8,,,,,,,,,,,,,
267533,2016-04-02,Barcelona,Real Madrid,La Liga,2015/2016,7c7ca8ca-5a16-4292-a382-0c5cbf206571,2735,2,00:21:45.735000,66,45,Pass,Barcelona,Sergio Busquets i Burgos,Center Defensive Midfield,123,Barcelona,56.9,42.8,2.093325,,,,Jordi Alba Ramos,63.1,5.2,38.107742,-1.4073733,High Pass,,,,,,,,,,,,,,,,
267533,2016-04-02,Barcelona,Real Madrid,La Liga,2015/2016,62177349-7b9f-4026-9d5f-704a2a8f5c06,2736,2,00:21:47.829000,66,47,Ball Receipt*,Barcelona,Jordi Alba Ramos,Left Back,123,Barcelona,63.1,5.2,,,,,,,,,,,,,,,,,,,,,,,,,,
267533,2016-04-02,Barcelona,Real Madrid,La Liga,2015/2016,56685111-5234-441d-a754-f06cc474d236,2737,2,00:21:47.829000,66,47,Carry,Barcelona,Jordi Alba Ramos,Left Back,123,Barcelona,63.1,5.2,1.945308,,,,,,,,,,,63.4,5.4,,,,,,,,,,,,,
267533,2016-04-02,Barcelona,Real Madrid,La Liga,2015/2016,11a00e79-5bda-49bf-89ed-e1da965f1a7b,2738,2,00:21:49.774000,66,49,Pass,Barcelona,Jordi Alba Ramos,Left Back,123,Barcelona,63.4,5.4,0.968207,,,,Neymar da Silva Santos Junior,74.1,5.2,10.701869,-0.018689413,Ground Pass,,,,,,,,,,,,,,,,
267533,2016-04-02,Barcelona,Real Madrid,La Liga,2015/2016,a35399e7-efb8-45ac-9e28-125a0a558c2a,2739,2,00:21:50.742000,66,50,Ball Receipt*,Barcelona,Neymar da Silva Santos Junior,Left Wing,123,Barcelona,74.1,5.2,,,,,,,,,,,,,,,,,,,,,,,,,,
267533,2016-04-02,Barcelona,Real Madrid,La Liga,2015/2016,789111f5-7ab7-419f-a358-4a4bd640cd97,2740,2,00:21:50.742000,66,50,Carry,Barcelona,Neymar da Silva Santos Junior,Left Wing,123,Barcelona,74.1,5.2,0.72846,True,,,,,,,,,,76.5,4.2,,,,,,,,,,,,,
267533,2016-04-02,Barcelona,Real Madrid,La Liga,2015/2016,ff2920b3-ff7a-4cfd-8bf1-5c8a4b420581,2741,2,00:21:50.965000,66,50,Pressure,Real Madrid,Daniel Carvajal Ramos,Right Back,123,Barcelona,41.2,73.5,0.501942,,,,,,,,,,,,,,,,,,,,,,,,,
267533,2016-04-02,Barcelona,Real Madrid,La Liga,2015/2016,c0344a75-b9f8-437e-b307-ccbf367dabee,2742,2,00:21:51.471000,66,51,Pass,Barcelona,Neymar da Silva Santos Junior,Left Wing,123,Barcelona,76.5,4.2,1.080672,,,,Jordi Alba Ramos,69.7,7.0,7.3539104,2.7509856,Ground Pass,,,,,,,,,,,,,,,,
267533,2016-04-02,Barcelona,Real Madrid,La Liga,2015/2016,b22b4ac4-26b2-4cf4-82fe-f26bc04b2a17,2743,2,00:21:52.551000,66,52,Ball Receipt*,Barcelona,Jordi Alba Ramos,Left Back,123,Barcelona,69.7,7.0,,,,,,,,,,,,,,,,,,,,,,,,,,
267533,2016-04-02,Barcelona,Real Madrid,La Liga,2015/2016,0958bcba-2514-4ed7-a536-d426fdee3be0,2744,2,00:21:52.551000,66,52,Carry,Barcelona,Jordi Alba Ramos,Left Back,123,Barcelona,69.7,7.0,1.048428,,,,,,,,,,,69.7,7.0,,,,,,,,,,,,,
267533,2016-04-02,Barcelona,Real Madrid,La Liga,2015/2016,cf7f0a6d-f98e-422a-92a1-8d49f2ae6474,2745,2,00:21:53.600000,66,53,Pass,Barcelona,Jordi Alba Ramos,Left Back,123,Barcelona,69.7,7.0,1.592471,,,,Javier Alejandro Mascherano,50.4,16.0,21.295305,2.705249,Ground Pass,,,,,,,,,,,,,,,,
267533,2016-04-02,Barcelona,Real Madrid,La Liga,2015/2016,cba3c6f6-2c93-41ae-bce4-2375c0a30152,2746,2,00:21:55.192000,66,55,Ball Receipt*,Barcelona,Javier Alejandro Mascherano,Left Center Back,123,Barcelona,50.4,16.0,,,,,,,,,,,,,,,,,,,,,,,,,,
267533,2016-04-02,Barcelona,Real Madrid,La Liga,2015/2016,5f98549c-b882-4e12-80ea-542a0dfe4641,2747,2,00:21:55.192000,66,55,Carry,Barcelona,Javier Alejandro Mascherano,Left Center Back,123,Barcelona,50.4,16.0,2.802529,,,,,,,,,,,51.6,23.7,,,,,,,,,,,,,
267533,2016-04-02,Barcelona,Real Madrid,La Liga,2015/2016,e177430c-db03-4bbf-97c3-fe1dff447d41,2748,2,00:21:57.995000,66,57,Pass,Barcelona,Javier Alejandro Mascherano,Left Center Back,123,Barcelona,51.6,23.7,2.839024,,,,Daniel Alves da Silva,65.1,73.9,51.983555,1.3080873,High Pass,,,,,,,,,,,,,,,,
267533,2016-04-02,Barcelona,Real Madrid,La Liga,2015/2016,93e10b15-b8c0-4275-b74e-d4e7d0071a4c,2749,2,00:22:00.834000,67,0,Ball Receipt*,Barcelona,Daniel Alves da Silva,Right Back,123,Barcelona,65.1,73.9,,,,,,,,,,,,,,,,,,,,,,,,,,
267533,2016-04-02,Barcelona,Real Madrid,La Liga,2015/2016,93eca49f-cb10-464e-8495-4934d0c68640,2750,2,00:22:00.834000,67,0,Carry,Barcelona,Daniel Alves da Silva,Right Back,123,Barcelona,65.1,73.9,2.946476,,,,,,,,,,,77.1,73.0,,,,,,,,,,,,,
267533,2016-04-02,Barcelona,Real Madrid,La Liga,2015/2016,49cc88f2-eef9-4c89-8a92-d4ffab95ad4e,2751,2,00:22:03.780000,67,3,Pass,Barcelona,Daniel Alves da Silva,Right Back,123,Barcelona,77.1,73.0,2.0055,,,,Luis Alberto Suárez Díaz,106.8,49.8,37.687267,-0.6631377,High Pass,Incomplete,,,,,,,,,,,,,,,
267533,2016-04-02,Barcelona,Real Madrid,La Liga,2015/2016,6666f574-c8f7-4640-8cdf-9c1a0012822f,2752,2,00:22:05.786000,67,5,Ball Receipt*,Barcelona,Luis Alberto Suárez Díaz,Right Wing,123,Barcelona,108.7,48.1,,,,,,,,,,,,,,,,,,,,,,,,,,
267533,2016-04-02,Barcelona,Real Madrid,La Liga,2015/2016,a9af4e4a-c83b-409d-b44d-d7604af1536d,2753,2,00:22:05.786000,67,5,Interception,Real Madrid,Kléper Laveran Lima Ferreira,Right Center Back,123,Barcelona,13.3,30.3,0.0,,,,,,,,,,,,,,,,,,,,,,,,,
267533,2016-04-02,Barcelona,Real Madrid,La Liga,2015/2016,5195cdea-a3e1-4e07-8135-164bcfdecd4e,2754,2,00:22:29.522000,67,29,Pass,Barcelona,Ivan Rakitić,Right Center Midfield,124,Barcelona,120.0,80.0,1.0172,,,,Sergio Busquets i Burgos,115.9,48.8,31.468239,-1.7014579,High Pass,Incomplete,,,,,,,,,,,,,,,
267533,2016-04-02,Barcelona,Real Madrid,La Liga,2015/2016,8ee5aeaf-f8b0-4a56-892b-f5e6150946e5,2755,2,00:22:30.539000,67,30,Ball Receipt*,Barcelona,Sergio Busquets i Burgos,Center Defensive Midfield,124,Barcelona,115.1,48.4,,,,,,,,,,,,,,,,,,,,,,,,,,
267533,2016-04-02,Barcelona,Real Madrid,La Liga,2015/2016,553f400d-d0d3-4f92-baf0-faa621cd6054,2756,2,00:22:30.539000,67,30,Duel,Barcelona,Sergio Busquets i Burgos,Center Defensive Midfield,124,Barcelona,115.9,48.8,0.0,True,,,,,,,,,,,,,,,,Aerial Lost,,,,,,,,
267533,2016-04-02,Barcelona,Real Madrid,La Liga,2015/2016,4e7b5d8a-2a46-41af-b0c4-5f70e0b5b327,2757,2,00:22:30.539000,67,30,Clearance,Real Madrid,Carlos Henrique Casimiro,Center Defensive Midfield,124,Barcelona,4.2,31.3,0.0,True,,,,,,,,,,,,,,,,,,,,,,,,
267533,2016-04-02,Barcelona,Real Madrid,La Liga,2015/2016,c1d93251-51fb-4bc5-aaa2-4a4753073871,2758,2,00:22:33.687000,67,33,Pass,Barcelona,Andrés Iniesta Luján,Left Center Midfield,124,Barcelona,96.4,69.7,1.020455,,,,Ivan Rakitić,100.0,79.4,10.346497,1.2154193,Ground Pass,Out,,,,,,,,,,,,,,,
267533,2016-04-02,Barcelona,Real Madrid,La Liga,2015/2016,578f87bc-9bb5-401f-85e4-57d6132a926f,2759,2,00:22:34.708000,67,34,Ball Receipt*,Barcelona,Ivan Rakitić,Right Center Midfield,124,Barcelona,102.0,76.4,,,,,,,,,,,,,,,,,,,,,,,,,,
267533,2016-04-02,Barcelona,Real Madrid,La Liga,2015/2016,7fe1c6ff-b389-4965-b6bd-9e55f4afeee2,2760,2,00:22:40.745000,67,40,Pass,Real Madrid,Marcelo Vieira da Silva Júnior,Left Back,125,Real Madrid,22.5,0.1,1.3212,,,,Karim Benzema,36.3,3.3,14.166157,0.22785705,Low Pass,,,,,,,,,,,,,,,,
267533,2016-04-02,Barcelona,Real Madrid,La Liga,2015/2016,c6800178-5988-4227-867f-ff423d8d4f29,2761,2,00:22:41.879000,67,41,Pressure,Barcelona,Daniel Alves da Silva,Right Back,125,Real Madrid,80.4,77.0,1.305467,,,,,,,,,,,,,,,,,,,,,,,,,
267533,2016-04-02,Barcelona,Real Madrid,La Liga,2015/2016,1153d03d-bad2-402d-baa1-ae3c4e429f5f,2762,2,00:22:42.067000,67,42,Ball Receipt*,Real Madrid,Karim Benzema,Center Forward,125,Real Madrid,36.3,3.3,,True,,,,,,,,,,,,,,,,,,,,,,,,
267533,2016-04-02,Barcelona,Real Madrid,La Liga,2015/2016,7d25e6b0-cd46-4d1c-be04-0f1649f733b6,2763,2,00:22:42.067000,67,42,Carry,Real Madrid,Karim Benzema,Center Forward,125,Real Madrid,36.3,3.3,1.1184,True,,,,,,,,,,35.3,5.5,,,,,,,,,,,,,
267533,2016-04-02,Barcelona,Real Madrid,La Liga,2015/2016,0bc321a1-ffbb-4500-9e47-d24cc314c72a,2764,2,00:22:43.185000,67,43,Pass,Real Madrid,Karim Benzema,Center Forward,125,Real Madrid,35.3,5.5,1.4877,,,,Toni Kroos,27.3,8.6,8.579627,2.7719083,High Pass,,,,,,,,,,,,,,,,
267533,2016-04-02,Barcelona,Real Madrid,La Liga,2015/2016,b96fd1ff-bcb1-47a9-970f-c6466556ca95,2765,2,00:22:44.673000,67,44,Ball Receipt*,Real Madrid,Toni Kroos,Left Center Midfield,125,Real Madrid,27.3,8.6,,,,,,,,,,,,,,,,,,,,,,,,,,
267533,2016-04-02,Barcelona,Real Madrid,La Liga,2015/2016,3ec7a86d-15ff-4982-b4a8-5b07f809fbc7,2766,2,00:22:44.673000,67,44,Pass,Real Madrid,Toni Kroos,Left Center Midfield,125,Real Madrid,27.3,8.0,2.7399,,,,Gareth Frank Bale,47.6,44.5,41.765297,1.0632327,High Pass,,,,,,,,,,,,,,,,
267533,2016-04-02,Barcelona,Real Madrid,La Liga,2015/2016,6fc83edd-3355-4a8d-b156-5c84504482cd,2767,2,00:22:47.045000,67,47,Pressure,Barcelona,Javier Alejandro Mascherano,Left Center Back,125,Real Madrid,69.0,35.6,0.729414,,,,,,,,,,,,,,,,,,,,,,,,,
267533,2016-04-02,Barcelona,Real Madrid,La Liga,2015/2016,788c7f22-4a59-4572-a0ab-2b0d1cab9642,2768,2,00:22:47.413000,67,47,Ball Receipt*,Real Madrid,Gareth Frank Bale,Right Wing,125,Real Madrid,47.6,44.5,,True,,,,,,,,,,,,,,,,,,,,,,,,
267533,2016-04-02,Barcelona,Real Madrid,La Liga,2015/2016,c763df38-0c99-43c0-9e30-f02dbdd4cc86,2769,2,00:22:47.413000,67,47,Pass,Real Madrid,Gareth Frank Bale,Right Wing,125,Real Madrid,47.8,41.4,0.8161,True,,,Luka Modrić,42.6,33.4,9.541489,-2.1471715,Low Pass,,,,,,,,,,,,,,,,
267533,2016-04-02,Barcelona,Real Madrid,La Liga,2015/2016,ab97a791-9744-4b99-bc01-3c7689a5f1d5,2770,2,00:22:48.229000,67,48,Ball Receipt*,Real Madrid,Luka Modrić,Right Center Midfield,125,Real Madrid,42.6,33.4,,,,,,,,,,,,,,,,,,,,,,,,,,
267533,2016-04-02,Barcelona,Real Madrid,La Liga,2015/2016,951d25b8-d82e-40f4-bfd4-d58222dbab9d,2771,2,00:22:48.229000,67,48,Carry,Real Madrid,Luka Modrić,Right Center Midfield,125,Real Madrid,42.6,33.4,1.842255,,,,,,,,,,,47.6,39.7,,,,,,,,,,,,,
267533,2016-04-02,Barcelona,Real Madrid,La Liga,2015/2016,bab31929-0a3d-4eb9-abd3-97bacb522da7,2772,2,00:22:50.071000,67,50,Pass,Real Madrid,Luka Modrić,Right Center Midfield,125,Real Madrid,47.6,39.7,1.649782,,,,Daniel Carvajal Ramos,62.5,56.6,22.530424,0.8482085,Ground Pass,,,,,,,,,,,,,,,,
267533,2016-04-02,Barcelona,Real Madrid,La Liga,2015/2016,d79d7e3f-cc32-4aaf-9d5f-e02f6047e21d,2773,2,00:22:51.721000,67,51,Ball Receipt*,Real Madrid,Daniel Carvajal Ramos,Right Back,125,Real Madrid,62.5,56.6,,,,,,,,,,,,,,,,,,,,,,,,,,
267533,2016-04-02,Barcelona,Real Madrid,La Liga,2015/2016,cda0dfc2-294a-45fb-ab5f-dbf7cbfcb9e3,2774,2,00:22:51.721000,67,51,Carry,Real Madrid,Daniel Carvajal Ramos,Right Back,125,Real Madrid,62.5,56.6,0.079963,,,,,,,,,,,62.5,56.6,,,,,,,,,,,,,
267533,2016-04-02,Barcelona,Real Madrid,La Liga,2015/2016,6de8e744-1ea3-4a16-bce5-7e77b6f0c546,2775,2,00:22:51.801000,67,51,Pass,Real Madrid,Daniel Carvajal Ramos,Right Back,125,Real Madrid,62.5,56.6,1.407142,,,,Gareth Frank Bale,72.2,35.7,23.041267,-1.1362667,Ground Pass,,,,,,,,,,,,,,,,
267533,2016-04-02,Barcelona,Real Madrid,La Liga,2015/2016,d2805551-2211-4756-a44b-b506a102e01c,2776,2,00:22:53.208000,67,53,Ball Receipt*,Real Madrid,Gareth Frank Bale,Right Wing,125,Real Madrid,72.2,35.7,,,,,,,,,,,,,,,,,,,,,,,,,,
267533,2016-04-02,Barcelona,Real Madrid,La Liga,2015/2016,f45bc729-7dde-4d26-b192-f2aa648edff1,2777,2,00:22:53.208000,67,53,Carry,Real Madrid,Gareth Frank Bale,Right Wing,125,Real Madrid,72.2,35.7,1.428658,,,,,,,,,,,81.6,29.2,,,,,,,,,,,,,
267533,2016-04-02,Barcelona,Real Madrid,La Liga,2015/2016,6876c513-ed6c-4711-9b42-42221e7fad1b,2778,2,00:22:54.637000,67,54,Pass,Real Madrid,Gareth Frank Bale,Right Wing,125,Real Madrid,81.6,29.2,1.008022,,,,Karim Benzema,91.6,21.2,12.806249,-0.67474097,Ground Pass,,,,,,,,,,,,,,,,
267533,2016-04-02,Barcelona,Real Madrid,La Liga,2015/2016,84093202-17ab-4f04-bed7-773309f6ff20,2779,2,00:22:55.645000,67,55,Ball Receipt*,Real Madrid,Karim Benzema,Center Forward,125,Real Madrid,91.6,21.2,,,,,,,,,,,,,,,,,,,,,,,,,,
267533,2016-04-02,Barcelona,Real Madrid,La Liga,2015/2016,0a5fa909-36cd-4dd9-b779-f88da9f03b45,2780,2,00:22:55.645000,67,55,Carry,Real Madrid,Karim Benzema,Center Forward,125,Real Madrid,91.6,21.2,1.644432,,,,,,,,,,,100.1,27.9,,,,,,,,,,,,,
267533,2016-04-02,Barcelona,Real Madrid,La Liga,2015/2016,7f52d60e-42ef-4463-b5cf-75bbfd7e1393,2781,2,00:22:57.289000,67,57,Pass,Real Madrid,Karim Benzema,Center Forward,125,Real Madrid,100.1,27.9,1.045846,,,,Gareth Frank Bale,100.4,42.4,14.503103,1.5501096,Ground Pass,,,,,,,,,,,,,,,,
267533,2016-04-02,Barcelona,Real Madrid,La Liga,2015/2016,e2eb39f2-5f89-43d7-adb3-e5af0cf6fa9d,2782,2,00:22:58.335000,67,58,Ball Receipt*,Real Madrid,Gareth Frank Bale,Right Wing,125,Real Madrid,100.4,42.4,,,,,,,,,,,,,,,,,,,,,,,,,,
267533,2016-04-02,Barcelona,Real Madrid,La Liga,2015/2016,81a360ed-5b3b-4adc-989f-8d37c92a4a5c,2783,2,00:22:58.335000,67,58,Shot,Real Madrid,Gareth Frank Bale,Right Wing,125,Real Madrid,100.0,42.6,0.8327,,,,,,,,,,,,,0.09394495,Saved,Left Foot,Normal,,,,,,,,,
267533,2016-04-02,Barcelona,Real Madrid,La Liga,2015/2016,0f9f456e-b2c3-4163-9432-c8bb62a6a0b9,2784,2,00:22:59.168000,67,59,Goal Keeper,Barcelona,Claudio Andrés Bravo Muñoz,Goalkeeper,125,Real Madrid,1.2,41.7,0.0,,,,,,,,,,,,,,,,,,,,,,,,,
267533,2016-04-02,Barcelona,Real Madrid,La Liga,2015/2016,70801db8-d2c2-450f-9642-13057987fc74,2785,2,00:23:01.489000,68,1,Pass,Barcelona,Claudio Andrés Bravo Muñoz,Goalkeeper,126,Barcelona,6.6,47.6,2.15481,,,,Ivan Rakitić,35.9,70.8,37.372852,0.6697264,High Pass,,,,,,,,,,,,,,,,
267533,2016-04-02,Barcelona,Real Madrid,La Liga,2015/2016,a1f95547-b578-4fbc-b0eb-be32c73f1eb2,2786,2,00:23:03.644000,68,3,Ball Receipt*,Barcelona,Ivan Rakitić,Right Center Midfield,126,Barcelona,35.9,70.8,,,,,,,,,,,,,,,,,,,,,,,,,,
267533,2016-04-02,Barcelona,Real Madrid,La Liga,2015/2016,2d3422a3-f617-4e85-bfae-db3924cb52f5,2787,2,00:23:03.644000,68,3,Carry,Barcelona,Ivan Rakitić,Right Center Midfield,126,Barcelona,35.9,70.8,4.130684,True,,,,,,,,,,48.0,74.9,,,,,,,,,,,,,
267533,2016-04-02,Barcelona,Real Madrid,La Liga,2015/2016,3696c1c4-68ce-42ba-8348-4f83f438a331,2788,2,00:23:04.181000,68,4,Pressure,Real Madrid,Toni Kroos,Left Center Midfield,126,Barcelona,84.4,8.5,2.967258,,,,,,,,,,,,,,,,,,,,,,,,,
267533,2016-04-02,Barcelona,Real Madrid,La Liga,2015/2016,0eb4c6f2-dd71-495a-9c07-b50dd5027887,2789,2,00:23:07.171000,68,7,Pressure,Real Madrid,Marcelo Vieira da Silva Júnior,Left Back,126,Barcelona,71.5,6.5,0.512198,,,,,,,,,,,,,,,,,,,,,,,,,
267533,2016-04-02,Barcelona,Real Madrid,La Liga,2015/2016,bbdabc1b-f73a-4a8c-b1f8-901300cb9dfe,2790,2,00:23:07.774000,68,7,Dribbled Past,Real Madrid,Marcelo Vieira da Silva Júnior,Left Back,126,Barcelona,72.1,5.2,0.0,,,,,,,,,,,,,,,,,,,,,,,,,
267533,2016-04-02,Barcelona,Real Madrid,La Liga,2015/2016,c647bb35-f1e3-4589-9099-8473bc92fa1c,2791,2,00:23:07.774000,68,7,Dribble,Barcelona,Ivan Rakitić,Right Center Midfield,126,Barcelona,48.0,74.9,0.0,True,,,,,,,,,,,,,,,,,,,,,,,,
267533,2016-04-02,Barcelona,Real Madrid,La Liga,2015/2016,d8dbd1b0-05c4-4acc-8a25-f2c206c8ff0f,2792,2,00:23:09.378000,68,9,Pass,Real Madrid,Carlos Henrique Casimiro,Center Defensive Midfield,127,Real Madrid,64.6,12.8,0.783616,,,,Toni Kroos,70.2,11.4,5.772348,-0.24497867,Ground Pass,,,,,,,,,,,,,,,,
267533,2016-04-02,Barcelona,Real Madrid,La Liga,2015/2016,8448acde-22ea-4f05-abfe-64fd3ee50526,2793,2,00:23:10.162000,68,10,Ball Receipt*,Real Madrid,Toni Kroos,Left Center Midfield,127,Real Madrid,70.2,11.4,,,,,,,,,,,,,,,,,,,,,,,,,,
267533,2016-04-02,Barcelona,Real Madrid,La Liga,2015/2016,a048c7dc-22fb-4c18-865c-2819ef52b5a7,2794,2,00:23:10.162000,68,10,Carry,Real Madrid,Toni Kroos,Left Center Midfield,127,Real Madrid,70.2,11.4,0.039984003,,,,,,,,,,,71.1,10.9,,,,,,,,,,,,,
267533,2016-04-02,Barcelona,Real Madrid,La Liga,2015/2016,f33f8c67-e631-465c-8857-e40ae1df369f,2795,2,00:23:10.202000,68,10,Pass,Real Madrid,Toni Kroos,Left Center Midfield,127,Real Madrid,71.1,10.9,1.5613,,,,Marcelo Vieira da Silva Júnior,64.9,5.8,8.028076,-2.453234,Ground Pass,Incomplete,,,,,,,,,,,,,,,
267533,2016-04-02,Barcelona,Real Madrid,La Liga,2015/2016,a1152e47-bd13-4b9b-b7d9-03e2b5232adf,2796,2,00:23:10.980000,68,10,Pressure,Barcelona,Ivan Rakitić,Right Center Midfield,127,Real Madrid,54.4,77.3,0.510356,,,,,,,,,,,,,,,,,,,,,,,,,
267533,2016-04-02,Barcelona,Real Madrid,La Liga,2015/2016,a5064a48-25ec-42e4-b5c0-e9dabee6a8aa,2797,2,00:23:11.763000,68,11,Ball Receipt*,Real Madrid,Marcelo Vieira da Silva Júnior,Left Back,127,Real Madrid,65.1,2.3,,,,,,,,,,,,,,,,,,,,,,,,,,
267533,2016-04-02,Barcelona,Real Madrid,La Liga,2015/2016,e23dfa9d-55eb-46ca-b712-d3cf2972eb1b,2798,2,00:23:11.763000,68,11,Interception,Barcelona,Ivan Rakitić,Right Center Midfield,127,Real Madrid,55.2,74.3,0.0,,,,,,,,,,,,,,,,,,,,,,,,,
267533,2016-04-02,Barcelona,Real Madrid,La Liga,2015/2016,bc8bcbd7-6b57-4110-b3b5-27fb81cb82a9,2799,2,00:23:15.146000,68,15,Pass,Real Madrid,Marcelo Vieira da Silva Júnior,Left Back,128,Real Madrid,62.9,0.1,0.942942,,,,Carlos Henrique Casimiro,56.6,5.2,8.105554,2.4610715,High Pass,,,,,,,,,,,,,,,,
267533,2016-04-02,Barcelona,Real Madrid,La Liga,2015/2016,d00ff446-26b9-453c-b195-fc7fcff8ca84,2800,2,00:23:16.089000,68,16,Ball Receipt*,Real Madrid,Carlos Henrique Casimiro,Center Defensive Midfield,128,Real Madrid,56.6,5.2,,,,,,,,,,,,,,,,,,,,,,,,,,
267533,2016-04-02,Barcelona,Real Madrid,La Liga,2015/2016,db88be0e-3832-4c9b-b60e-878ba637a15d,2801,2,00:23:16.089000,68,16,Carry,Real Madrid,Carlos Henrique Casimiro,Center Defensive Midfield,128,Real Madrid,56.6,5.2,2.131261,,,,,,,,,,,55.0,7.6,,,,,,,,,,,,,
267533,2016-04-02,Barcelona,Real Madrid,La Liga,2015/2016,5e945e53-e970-45be-bbd3-e9b948103f55,2802,2,00:23:18.220000,68,18,Pass,Real Madrid,Carlos Henrique Casimiro,Center Defensive Midfield,128,Real Madrid,55.0,7.6,0.94295,,,,Sergio Ramos García,43.5,16.4,14.480677,2.4884233,Ground Pass,,,,,,,,,,,,,,,,
267533,2016-04-02,Barcelona,Real Madrid,La Liga,2015/2016,f78f62b4-4228-4915-8c89-4a07d05c5c76,2803,2,00:23:19.163000,68,19,Ball Receipt*,Real Madrid,Sergio Ramos García,Left Center Back,128,Real Madrid,43.5,16.4,,,,,,,,,,,,,,,,,,,,,,,,,,
267533,2016-04-02,Barcelona,Real Madrid,La Liga,2015/2016,3924cad0-54aa-4808-81fd-24212b30bb1d,2804,2,00:23:19.163000,68,19,Carry,Real Madrid,Sergio Ramos García,Left Center Back,128,Real Madrid,43.5,16.4,2.472047,,,,,,,,,,,42.5,26.9,,,,,,,,,,,,,
267533,2016-04-02,Barcelona,Real Madrid,La Liga,2015/2016,c1b485bc-bd47-44fc-8066-ebf062d82b94,2805,2,00:23:21.635000,68,21,Pass,Real Madrid,Sergio Ramos García,Left Center Back,128,Real Madrid,42.5,26.9,1.765964,,,,Karim Benzema,69.5,49.5,35.210224,0.6969201,Low Pass,,,,,,,,,,,,,,,,
267533,2016-04-02,Barcelona,Real Madrid,La Liga,2015/2016,f4f05bca-9ebb-4fa6-bd6e-8b703ba3114c,2806,2,00:23:23.401000,68,23,Ball Receipt*,Real Madrid,Karim Benzema,Center Forward,128,Real Madrid,69.5,49.5,,,,,,,,,,,,,,,,,,,,,,,,,,
267533,2016-04-02,Barcelona,Real Madrid,La Liga,2015/2016,7a143528-e6eb-410b-9502-5b9fecebcafe,2807,2,00:23:23.401000,68,23,Carry,Real Madrid,Karim Benzema,Center Forward,128,Real Madrid,69.5,49.5,1.501336,True,,,,,,,,,,64.7,45.2,,,,,,,,,,,,,
267533,2016-04-02,Barcelona,Real Madrid,La Liga,2015/2016,6b93a966-e2ef-4d20-bd7c-25f2f83f625d,2808,2,00:23:23.938000,68,23,Pressure,Barcelona,Javier Alejandro Mascherano,Left Center Back,128,Real Madrid,48.2,30.8,1.226214,,,,,,,,,,,,,,,,,,,,,,,,,
267533,2016-04-02,Barcelona,Real Madrid,La Liga,2015/2016,f26a75ee-70ca-4800-84a9-c8f82d2adfbe,2809,2,00:23:24.903000,68,24,Pass,Real Madrid,Karim Benzema,Center Forward,128,Real Madrid,64.7,45.2,0.8642,True,,,Luka Modrić,61.5,48.1,4.3185644,2.4053352,Ground Pass,,,,,,,,,,,,,,,,
267533,2016-04-02,Barcelona,Real Madrid,La Liga,2015/2016,8963776b-7156-4634-85ca-de10f231d40a,2810,2,00:23:25.767000,68,25,Ball Receipt*,Real Madrid,Luka Modrić,Right Center Midfield,128,Real Madrid,61.5,48.1,,,,,,,,,,,,,,,,,,,,,,,,,,
267533,2016-04-02,Barcelona,Real Madrid,La Liga,2015/2016,a8dfa530-c3d6-4fd6-850b-6689a93b34e2,2811,2,00:23:25.767000,68,25,Carry,Real Madrid,Luka Modrić,Right Center Midfield,128,Real Madrid,61.5,48.1,5.037944,,,,,,,,,,,83.5,64.1,,,,,,,,,,,,,
267533,2016-04-02,Barcelona,Real Madrid,La Liga,2015/2016,aa2c8b96-1dda-4219-b400-edc0c1f52abe,2812,2,00:23:30.805000,68,30,Pass,Real Madrid,Luka Modrić,Right Center Midfield,128,Real Madrid,83.5,64.1,0.548351,,,,Karim Benzema,79.1,53.8,11.200446,-1.9745158,Ground Pass,,,,,,,,,,,,,,,,
267533,2016-04-02,Barcelona,Real Madrid,La Liga,2015/2016,abf1c7f0-3848-42b9-aa49-937c4c5bc3ea,2813,2,00:23:31.353000,68,31,Ball Receipt*,Real Madrid,Karim Benzema,Center Forward,128,Real Madrid,79.1,53.8,,,,,,,,,,,,,,,,,,,,,,,,,,
267533,2016-04-02,Barcelona,Real Madrid,La Liga,2015/2016,f45ca7c6-9e2e-4bc9-b1e0-66b2aeb163fe,2814,2,00:23:31.353000,68,31,Carry,Real Madrid,Karim Benzema,Center Forward,128,Real Madrid,79.1,53.8,1.273005,,,,,,,,,,,83.2,53.4,,,,,,,,,,,,,
267533,2016-04-02,Barcelona,Real Madrid,La Liga,2015/2016,ebad1cbf-1349-4a9a-8ddd-799d9cbf9925,2815,2,00:23:32.626000,68,32,Pass,Real Madrid,Karim Benzema,Center Forward,128,Real Madrid,83.2,53.4,1.8758,,,,Cristiano Ronaldo dos Santos Aveiro,107.5,54.8,24.340296,0.05754955,Ground Pass,Pass Offside,,,,,,,,,,,,,,,
267533,2016-04-02,Barcelona,Real Madrid,La Liga,2015/2016,79a2979f-b4f6-4129-b39e-3f5b3b17465b,2816,2,00:23:34.502000,68,34,Ball Receipt*,Real Madrid,Cristiano Ronaldo dos Santos Aveiro,Left Wing,128,Real Madrid,107.5,54.8,,,,,,,,,,,,,,,,,,,,,,,,,,
267533,2016-04-02,Barcelona,Real Madrid,La Liga,2015/2016,fc92b442-2c1f-4433-8d6a-332748e39503,2817,2,00:23:44.376000,68,44,Pass,Barcelona,Claudio Andrés Bravo Muñoz,Goalkeeper,129,Barcelona,12.1,25.0,3.4412,,True,,Lionel Andrés Messi Cuccittini,45.8,35.3,35.2389,0.2966212,Ground Pass,,,,,,,,,,,,,,,,
267533,2016-04-02,Barcelona,Real Madrid,La Liga,2015/2016,cf0a2ab9-bf16-4b36-b8d0-0a82c42c284e,2818,2,00:23:47.817000,68,47,Ball Receipt*,Barcelona,Lionel Andrés Messi Cuccittini,Center Forward,129,Barcelona,45.8,35.3,,,,,,,,,,,,,,,,,,,,,,,,,,
267533,2016-04-02,Barcelona,Real Madrid,La Liga,2015/2016,42cc4aea-3bd4-45bd-9007-d390597a16b7,2819,2,00:23:48.729000,68,48,Pass,Barcelona,Lionel Andrés Messi Cuccittini,Center Forward,129,Barcelona,52.0,38.2,0.832423,,,,Andrés Iniesta Luján,46.8,33.5,7.0092797,-2.4066567,Ground Pass,,,,,,,,,,,,,,,,
267533,2016-04-02,Barcelona,Real Madrid,La Liga,2015/2016,bdb156d0-9d0b-493f-8c41-c53ce98a4a4b,2820,2,00:23:49.561000,68,49,Ball Receipt*,Barcelona,Andrés Iniesta Luján,Left Center Midfield,129,Barcelona,46.8,33.5,,,,,,,,,,,,,,,,,,,,,,,,,,
267533,2016-04-02,Barcelona,Real Madrid,La Liga,2015/2016,b645ae10-2fa3-4582-a3c7-46d08d4e9ae7,2821,2,00:23:49.561000,68,49,Carry,Barcelona,Andrés Iniesta Luján,Left Center Midfield,129,Barcelona,46.8,33.5,1.111934,,,,,,,,,,,45.5,34.6,,,,,,,,,,,,,
267533,2016-04-02,Barcelona,Real Madrid,La Liga,2015/2016,2374938f-3bcb-4b1d-995a-dc8c7ad72be4,2822,2,00:23:50.673000,68,50,Pass,Barcelona,Andrés Iniesta Luján,Left Center Midfield,129,Barcelona,45.5,34.6,1.625166,,,,Ivan Rakitić,50.0,61.9,27.668394,1.4074302,High Pass,,,,,,,,,,,,,,,,
267533,2016-04-02,Barcelona,Real Madrid,La Liga,2015/2016,c105ff44-23bb-4bbd-9f8e-65142784d55f,2823,2,00:23:52.298000,68,52,Ball Receipt*,Barcelona,Ivan Rakitić,Right Center Midfield,129,Barcelona,50.0,61.9,,,,,,,,,,,,,,,,,,,,,,,,,,
267533,2016-04-02,Barcelona,Real Madrid,La Liga,2015/2016,20cac780-9899-4c50-a421-851885833222,2824,2,00:23:52.298000,68,52,Carry,Barcelona,Ivan Rakitić,Right Center Midfield,129,Barcelona,50.0,61.9,1.827677,,,,,,,,,,,51.3,65.9,,,,,,,,,,,,,
267533,2016-04-02,Barcelona,Real Madrid,La Liga,2015/2016,c69554e7-8759-4529-b837-127a3a8f0cdc,2825,2,00:23:54.126000,68,54,Pass,Barcelona,Ivan Rakitić,Right Center Midfield,129,Barcelona,51.3,65.9,1.016494,,,,Daniel Alves da Silva,63.7,76.4,16.248384,0.70261836,Low Pass,,,,,,,,,,,,,,,,
267533,2016-04-02,Barcelona,Real Madrid,La Liga,2015/2016,35333050-d705-47cc-a05c-f67a79f97505,2826,2,00:23:55.142000,68,55,Ball Receipt*,Barcelona,Daniel Alves da Silva,Right Back,129,Barcelona,63.7,76.4,,,,,,,,,,,,,,,,,,,,,,,,,,
267533,2016-04-02,Barcelona,Real Madrid,La Liga,2015/2016,bafe77ac-4a98-47c4-9c1f-5cf1288bb8e8,2827,2,00:23:55.142000,68,55,Carry,Barcelona,Daniel Alves da Silva,Right Back,129,Barcelona,63.7,76.4,1.15469,,,,,,,,,,,63.7,76.4,,,,,,,,,,,,,
267533,2016-04-02,Barcelona,Real Madrid,La Liga,2015/2016,a82a3e72-d2e5-4d08-833b-570fc1dd69d9,2828,2,00:23:56.297000,68,56,Pass,Barcelona,Daniel Alves da Silva,Right Back,129,Barcelona,63.7,76.4,1.364912,,,,Sergio Busquets i Burgos,57.6,55.1,22.156263,-1.849716,Ground Pass,,,,,,,,,,,,,,,,
267533,2016-04-02,Barcelona,Real Madrid,La Liga,2015/2016,f3c2bde6-1b71-4b45-a505-28ad60ab4b63,2829,2,00:23:57.662000,68,57,Ball Receipt*,Barcelona,Sergio Busquets i Burgos,Center Defensive Midfield,129,Barcelona,57.6,55.1,,,,,,,,,,,,,,,,,,,,,,,,,,
267533,2016-04-02,Barcelona,Real Madrid,La Liga,2015/2016,46a62203-a9e2-4ef0-8f1a-f05e2a549546,2830,2,00:23:57.662000,68,57,Carry,Barcelona,Sergio Busquets i Burgos,Center Defensive Midfield,129,Barcelona,57.6,55.1,4.146804,,,,,,,,,,,63.0,55.1,,,,,,,,,,,,,
267533,2016-04-02,Barcelona,Real Madrid,La Liga,2015/2016,d9854593-72ea-4e70-ac9a-84ee13cca67a,2831,2,00:24:01.809000,69,1,Pass,Barcelona,Sergio Busquets i Burgos,Center Defensive Midfield,129,Barcelona,63.0,55.1,1.035337,,,,Daniel Alves da Silva,76.1,73.2,22.343231,0.94430345,Ground Pass,,,,,,,,,,,,,,,,
267533,2016-04-02,Barcelona,Real Madrid,La Liga,2015/2016,feaba101-ac5f-4e72-a6c5-3229eea9abce,2832,2,00:24:02.844000,69,2,Ball Receipt*,Barcelona,Daniel Alves da Silva,Right Back,129,Barcelona,76.1,73.2,,,,,,,,,,,,,,,,,,,,,,,,,,
267533,2016-04-02,Barcelona,Real Madrid,La Liga,2015/2016,b0ca178f-fb8d-4bc1-8e6b-bdfb577ade96,2833,2,00:24:02.844000,69,2,Carry,Barcelona,Daniel Alves da Silva,Right Back,129,Barcelona,76.1,73.2,0.915544,,,,,,,,,,,76.6,75.3,,,,,,,,,,,,,
267533,2016-04-02,Barcelona,Real Madrid,La Liga,2015/2016,02d1cc22-1d8b-4036-97ff-5c325d3085d0,2834,2,00:24:03.759000,69,3,Pass,Barcelona,Daniel Alves da Silva,Right Back,129,Barcelona,76.6,75.3,1.73243,,,,Luis Alberto Suárez Díaz,84.1,64.7,12.984991,-0.9550231,Ground Pass,,,,,,,,,,,,,,,,
267533,2016-04-02,Barcelona,Real Madrid,La Liga,2015/2016,fe966d3d-8acb-4fc8-aa66-285ed54ec330,2835,2,00:24:05.349000,69,5,Pressure,Real Madrid,Carlos Henrique Casimiro,Center Defensive Midfield,129,Barcelona,37.3,18.6,1.200866,,,,,,,,,,,,,,,,,,,,,,,,,
267533,2016-04-02,Barcelona,Real Madrid,La Liga,2015/2016,07a3dde2-2491-4f48-9374-3597fda5e47d,2836,2,00:24:05.492000,69,5,Ball Receipt*,Barcelona,Luis Alberto Suárez Díaz,Right Wing,129,Barcelona,84.1,64.7,,True,,,,,,,,,,,,,,,,,,,,,,,,
267533,2016-04-02,Barcelona,Real Madrid,La Liga,2015/2016,0845e777-1bf3-4787-9aaf-2d0fa75008c7,2837,2,00:24:05.492000,69,5,Carry,Barcelona,Luis Alberto Suárez Díaz,Right Wing,129,Barcelona,84.1,64.7,1.720089,True,,,,,,,,,,86.1,66.7,,,,,,,,,,,,,
267533,2016-04-02,Barcelona,Real Madrid,La Liga,2015/2016,88aec86e-3d90-4ea9-92b4-e97b9b2bffca,2838,2,00:24:06.550000,69,6,Pressure,Real Madrid,Toni Kroos,Left Center Midfield,129,Barcelona,39.4,15.6,0.6618,,,,,,,,,,,,,,,,,,,,,,,,,
267533,2016-04-02,Barcelona,Real Madrid,La Liga,2015/2016,6557a72b-db6a-430a-95a4-5c3db97a2e29,2839,2,00:24:07.212000,69,7,Dispossessed,Barcelona,Luis Alberto Suárez Díaz,Right Wing,129,Barcelona,86.1,66.7,0.0,True,,,,,,,,,,,,,,,,,,,,,,,,
267533,2016-04-02,Barcelona,Real Madrid,La Liga,2015/2016,97c79c23-d57e-4f26-82f7-54ba6a4af807,2840,2,00:24:07.212000,69,7,Duel,Real Madrid,Toni Kroos,Left Center Midfield,129,Barcelona,34.0,13.4,0.0,True,,,,,,,,,,,,,,,,Tackle,Success In Play,,,,,,,
267533,2016-04-02,Barcelona,Real Madrid,La Liga,2015/2016,ddee0a62-c91d-4fc9-a407-f55afe7f4bde,2841,2,00:24:08.278000,69,8,Pass,Real Madrid,Marcelo Vieira da Silva Júnior,Left Back,129,Barcelona,33.3,10.9,1.5616,,,,Sergio Ramos García,30.9,17.6,7.1168814,1.9147655,High Pass,,,,,,,,,,,,,,,,
267533,2016-04-02,Barcelona,Real Madrid,La Liga,2015/2016,82cd3404-eca0-4942-a47d-49cfe973f474,2842,2,00:24:09.477000,69,9,Pressure,Barcelona,Luis Alberto Suárez Díaz,Right Wing,129,Barcelona,91.5,61.0,0.57492,,,,,,,,,,,,,,,,,,,,,,,,,
267533,2016-04-02,Barcelona,Real Madrid,La Liga,2015/2016,cac8eb26-af42-4dfd-9436-efc10318e1db,2843,2,00:24:09.839000,69,9,Ball Receipt*,Real Madrid,Sergio Ramos García,Left Center Back,129,Barcelona,30.9,17.6,,True,,,,,,,,,,,,,,,,,,,,,,,,
267533,2016-04-02,Barcelona,Real Madrid,La Liga,2015/2016,13cde0ef-ec12-46fa-8c98-5c0a789def32,2844,2,00:24:09.839000,69,9,Pass,Real Madrid,Sergio Ramos García,Left Center Back,129,Barcelona,30.5,18.8,2.1123,True,,,,59.4,22.8,29.175503,0.1375345,High Pass,Incomplete,,,,,,,,,,,,,,,
267533,2016-04-02,Barcelona,Real Madrid,La Liga,2015/2016,75c9e074-8617-47de-a270-010cb43b8e54,2845,2,00:24:11.952000,69,11,Pass,Barcelona,Gerard Piqué Bernabéu,Right Center Back,129,Barcelona,60.7,57.3,0.786349,,,,Ivan Rakitić,69.7,65.7,12.31097,0.75092906,Low Pass,,,,,,,,,,,,,,,,
267533,2016-04-02,Barcelona,Real Madrid,La Liga,2015/2016,e2327bad-f7c0-4245-8f06-4821d159f568,2846,2,00:24:12.738000,69,12,Ball Receipt*,Barcelona,Ivan Rakitić,Right Center Midfield,129,Barcelona,69.7,65.7,,,,,,,,,,,,,,,,,,,,,,,,,,
267533,2016-04-02,Barcelona,Real Madrid,La Liga,2015/2016,4d823318-85ce-4c8c-95af-8bd375ab781c,2847,2,00:24:12.738000,69,12,Carry,Barcelona,Ivan Rakitić,Right Center Midfield,129,Barcelona,69.7,65.7,1.560551,,,,,,,,,,,69.9,73.6,,,,,,,,,,,,,
267533,2016-04-02,Barcelona,Real Madrid,La Liga,2015/2016,782ab56f-e1f3-400e-9197-5dd6acefb698,2848,2,00:24:14.299000,69,14,Pass,Barcelona,Ivan Rakitić,Right Center Midfield,129,Barcelona,69.9,73.6,0.81237,,,,Daniel Alves da Silva,71.4,70.8,3.176476,-1.0789871,Ground Pass,,,,,,,,,,,,,,,,
267533,2016-04-02,Barcelona,Real Madrid,La Liga,2015/2016,277bd3ad-ca8a-44f4-9492-b122f5194241,2849,2,00:24:15.111000,69,15,Ball Receipt*,Barcelona,Daniel Alves da Silva,Right Back,129,Barcelona,71.4,70.8,,,,,,,,,,,,,,,,,,,,,,,,,,
267533,2016-04-02,Barcelona,Real Madrid,La Liga,2015/2016,0e541a93-4fb5-42be-989c-71d910879a22,2850,2,00:24:15.111000,69,15,Carry,Barcelona,Daniel Alves da Silva,Right Back,129,Barcelona,71.4,70.8,0.04003,,,,,,,,,,,70.6,70.1,,,,,,,,,,,,,
267533,2016-04-02,Barcelona,Real Madrid,La Liga,2015/2016,c15e6fb8-d8d7-4125-936b-8abb29522f16,2851,2,00:24:15.151000,69,15,Pass,Barcelona,Daniel Alves da Silva,Right Back,129,Barcelona,70.6,70.1,1.3305,,,,Gerard Piqué Bernabéu,54.5,66.7,16.45509,-2.9334705,Ground Pass,,,,,,,,,,,,,,,,
267533,2016-04-02,Barcelona,Real Madrid,La Liga,2015/2016,3d91e875-3a7a-4fa9-b946-14a88312b07d,2852,2,00:24:16.481000,69,16,Ball Receipt*,Barcelona,Gerard Piqué Bernabéu,Right Center Back,129,Barcelona,54.5,66.7,,,,,,,,,,,,,,,,,,,,,,,,,,
267533,2016-04-02,Barcelona,Real Madrid,La Liga,2015/2016,29afcf1d-3d52-4984-9bf5-e1a4ae67b02a,2853,2,00:24:16.481000,69,16,Carry,Barcelona,Gerard Piqué Bernabéu,Right Center Back,129,Barcelona,54.5,66.7,4.1306,,,,,,,,,,,62.6,58.7,,,,,,,,,,,,,
267533,2016-04-02,Barcelona,Real Madrid,La Liga,2015/2016,b71dd4b6-2ce5-4ca1-ac3d-39f101411b70,2854,2,00:24:20.612000,69,20,Pass,Barcelona,Gerard Piqué Bernabéu,Right Center Back,129,Barcelona,62.6,58.7,0.747389,,,,Sergio Busquets i Burgos,69.9,58.7,7.3,0.0,Ground Pass,,,,,,,,,,,,,,,,
267533,2016-04-02,Barcelona,Real Madrid,La Liga,2015/2016,259470ac-2a95-4447-9354-b5d997e725c0,2855,2,00:24:21.359000,69,21,Ball Receipt*,Barcelona,Sergio Busquets i Burgos,Center Defensive Midfield,129,Barcelona,69.9,58.7,,,,,,,,,,,,,,,,,,,,,,,,,,
267533,2016-04-02,Barcelona,Real Madrid,La Liga,2015/2016,a45e4368-7fc8-4f33-b9a0-0f31f9ed97c9,2856,2,00:24:21.359000,69,21,Carry,Barcelona,Sergio Busquets i Burgos,Center Defensive Midfield,129,Barcelona,69.9,58.7,0.040011,,,,,,,,,,,69.9,56.7,,,,,,,,,,,,,
267533,2016-04-02,Barcelona,Real Madrid,La Liga,2015/2016,7b823b48-f91e-46ab-8825-4384652de3c8,2857,2,00:24:21.399000,69,21,Pass,Barcelona,Sergio Busquets i Burgos,Center Defensive Midfield,129,Barcelona,69.9,56.7,0.9302,,,,Lionel Andrés Messi Cuccittini,62.1,49.8,10.413933,-2.4173427,Ground Pass,,,,,,,,,,,,,,,,
267533,2016-04-02,Barcelona,Real Madrid,La Liga,2015/2016,60df5afb-08f7-4bf9-b22a-acebefe2c36e,2858,2,00:24:22.330000,69,22,Ball Receipt*,Barcelona,Lionel Andrés Messi Cuccittini,Center Forward,129,Barcelona,62.1,49.8,,,,,,,,,,,,,,,,,,,,,,,,,,
267533,2016-04-02,Barcelona,Real Madrid,La Liga,2015/2016,d20e8042-83b2-4293-bf63-4ffa6e6af2bf,2859,2,00:24:22.330000,69,22,Carry,Barcelona,Lionel Andrés Messi Cuccittini,Center Forward,129,Barcelona,62.1,49.8,1.8882,,,,,,,,,,,64.0,43.3,,,,,,,,,,,,,
267533,2016-04-02,Barcelona,Real Madrid,La Liga,2015/2016,1303e102-1586-445b-bbd0-6f654998d50f,2860,2,00:24:24.218000,69,24,Pass,Barcelona,Lionel Andrés Messi Cuccittini,Center Forward,129,Barcelona,64.0,43.3,1.0381,,,,Andrés Iniesta Luján,71.1,24.5,20.09602,-1.209696,Ground Pass,,,,,,,,,,,,,,,,
267533,2016-04-02,Barcelona,Real Madrid,La Liga,2015/2016,b6795ffa-4503-48c8-bbf7-588ed04d0d9d,2861,2,00:24:25.256000,69,25,Ball Receipt*,Barcelona,Andrés Iniesta Luján,Left Center Midfield,129,Barcelona,71.1,24.5,,,,,,,,,,,,,,,,,,,,,,,,,,
267533,2016-04-02,Barcelona,Real Madrid,La Liga,2015/2016,d07b1399-98b5-4e45-9c2d-77653d265dee,2862,2,00:24:25.256000,69,25,Carry,Barcelona,Andrés Iniesta Luján,Left Center Midfield,129,Barcelona,71.1,24.5,4.582486,True,,,,,,,,,,85.5,22.5,,,,,,,,,,,,,
267533,2016-04-02,Barcelona,Real Madrid,La Liga,2015/2016,045bd3fb-9ba6-4032-8f56-86428430f26f,2863,2,00:24:29.556000,69,29,Pressure,Real Madrid,Luka Modrić,Right Center Midfield,129,Barcelona,31.1,57.2,0.382022,,,,,,,,,,,,,,,,,,,,,,,,,
267533,2016-04-02,Barcelona,Real Madrid,La Liga,2015/2016,91be9cf4-380a-489a-a82b-df4090ab130f,2864,2,00:24:29.838000,69,29,Pass,Barcelona,Andrés Iniesta Luján,Left Center Midfield,129,Barcelona,85.5,22.5,1.403356,True,,,Lionel Andrés Messi Cuccittini,79.5,39.4,17.933489,1.9119447,Ground Pass,,,,,,,,,,,,,,,,
267533,2016-04-02,Barcelona,Real Madrid,La Liga,2015/2016,024a13d3-af16-4725-8392-719e2ea2e2f7,2865,2,00:24:31.242000,69,31,Ball Receipt*,Barcelona,Lionel Andrés Messi Cuccittini,Center Forward,129,Barcelona,79.5,39.4,,,,,,,,,,,,,,,,,,,,,,,,,,
267533,2016-04-02,Barcelona,Real Madrid,La Liga,2015/2016,b08686db-5fe1-49fc-9457-c6f7f2e2341c,2866,2,00:24:31.242000,69,31,Carry,Barcelona,Lionel Andrés Messi Cuccittini,Center Forward,129,Barcelona,79.5,39.4,0.045058,,,,,,,,,,,79.5,39.4,,,,,,,,,,,,,
267533,2016-04-02,Barcelona,Real Madrid,La Liga,2015/2016,b5a38d8f-6bd7-4e4f-b607-d445e1a0e4ed,2867,2,00:24:31.287000,69,31,Pass,Barcelona,Lionel Andrés Messi Cuccittini,Center Forward,129,Barcelona,79.5,39.4,0.9999,,,,Luis Alberto Suárez Díaz,92.6,42.6,13.485177,0.23958303,Low Pass,Incomplete,,,,,,,,,,,,,,,
267533,2016-04-02,Barcelona,Real Madrid,La Liga,2015/2016,ce2b99af-7f05-4b67-92a7-d2f62756c396,2868,2,00:24:32.287000,69,32,Ball Receipt*,Barcelona,Luis Alberto Suárez Díaz,Right Wing,129,Barcelona,95.8,40.2,,,,,,,,,,,,,,,,,,,,,,,,,,
267533,2016-04-02,Barcelona,Real Madrid,La Liga,2015/2016,9362eeda-7d77-4038-b4c1-df72d07f483f,2869,2,00:24:32.287000,69,32,Pass,Real Madrid,Sergio Ramos García,Left Center Back,129,Barcelona,27.5,37.5,1.1955,,,,Carlos Henrique Casimiro,33.0,40.9,6.4660654,0.5536813,Ground Pass,Incomplete,,,,,,,,,,,,,,,
267533,2016-04-02,Barcelona,Real Madrid,La Liga,2015/2016,b397f57d-0e8e-4ca0-8ec0-b0eec5064c35,2870,2,00:24:33.482000,69,33,Ball Receipt*,Real Madrid,Carlos Henrique Casimiro,Center Defensive Midfield,129,Barcelona,30.5,40.3,,,,,,,,,,,,,,,,,,,,,,,,,,
267533,2016-04-02,Barcelona,Real Madrid,La Liga,2015/2016,eeea8c7a-16fc-47a5-90d7-6201001d7563,2871,2,00:24:33.482000,69,33,Pass,Barcelona,Lionel Andrés Messi Cuccittini,Center Forward,129,Barcelona,87.1,39.2,0.2079,,,,Luis Alberto Suárez Díaz,89.9,40.2,2.9732137,0.34302393,Low Pass,Incomplete,,,,,,,,,,,,,,,
267533,2016-04-02,Barcelona,Real Madrid,La Liga,2015/2016,cc0ee102-ee02-4d11-a0ed-56f0a236d682,2872,2,00:24:33.690000,69,33,Ball Receipt*,Barcelona,Luis Alberto Suárez Díaz,Right Wing,129,Barcelona,96.2,40.1,,,,,,,,,,,,,,,,,,,,,,,,,,
267533,2016-04-02,Barcelona,Real Madrid,La Liga,2015/2016,ea8f8dcf-d8ec-46e8-888d-b56adbd5cfa7,2873,2,00:24:33.690000,69,33,Block,Real Madrid,Carlos Henrique Casimiro,Center Defensive Midfield,129,Barcelona,30.2,39.9,0.0,,,,,,,,,,,,,,,,,,,,,,,,,
267533,2016-04-02,Barcelona,Real Madrid,La Liga,2015/2016,fd7cf4ab-bdf0-4f6b-b4e1-9c2b7bb48989,2874,2,00:24:37.764000,69,37,Pass,Barcelona,Javier Alejandro Mascherano,Left Center Back,129,Barcelona,52.6,32.0,1.3298,,,,Gerard Piqué Bernabéu,52.1,42.6,10.611786,1.6179312,Ground Pass,,,,,,,,,,,,,,,,
267533,2016-04-02,Barcelona,Real Madrid,La Liga,2015/2016,3b9c6738-7fc9-4a77-9fdc-f88d777e132e,2875,2,00:24:39.094000,69,39,Ball Receipt*,Barcelona,Gerard Piqué Bernabéu,Right Center Back,129,Barcelona,52.1,42.6,,,,,,,,,,,,,,,,,,,,,,,,,,
267533,2016-04-02,Barcelona,Real Madrid,La Liga,2015/2016,3ab3b21c-6b3c-4bd7-a6e1-544488afdeee,2876,2,00:24:39.094000,69,39,Carry,Barcelona,Gerard Piqué Bernabéu,Right Center Back,129,Barcelona,52.1,42.6,0.984412,,,,,,,,,,,52.1,42.6,,,,,,,,,,,,,
267533,2016-04-02,Barcelona,Real Madrid,La Liga,2015/2016,fe933b57-65ec-4c09-a18d-29d77f7a25c2,2877,2,00:24:40.079000,69,40,Pass,Barcelona,Gerard Piqué Bernabéu,Right Center Back,129,Barcelona,52.1,42.6,0.489666,,,,Sergio Busquets i Burgos,60.7,42.8,8.602325,0.023251623,Ground Pass,,,,,,,,,,,,,,,,
267533,2016-04-02,Barcelona,Real Madrid,La Liga,2015/2016,010a7443-d16b-44f6-935d-26e6f2ff0f60,2878,2,00:24:40.568000,69,40,Ball Receipt*,Barcelona,Sergio Busquets i Burgos,Center Defensive Midfield,129,Barcelona,60.7,42.8,,,,,,,,,,,,,,,,,,,,,,,,,,
267533,2016-04-02,Barcelona,Real Madrid,La Liga,2015/2016,f63c3969-4a30-42db-a949-f64e08ba86a3,2879,2,00:24:40.568000,69,40,Carry,Barcelona,Sergio Busquets i Burgos,Center Defensive Midfield,129,Barcelona,60.7,42.8,2.273925,True,,,,,,,,,,63.5,36.4,,,,,,,,,,,,,
267533,2016-04-02,Barcelona,Real Madrid,La Liga,2015/2016,626739ba-2c81-49fa-8ca5-55449995a9af,2880,2,00:24:40.763000,69,40,Pressure,Real Madrid,Toni Kroos,Left Center Midfield,129,Barcelona,54.3,35.1,2.083848,,,,,,,,,,,,,,,,,,,,,,,,,
267533,2016-04-02,Barcelona,Real Madrid,La Liga,2015/2016,4dc7aa1a-b82d-46b1-a7b0-2be4d38d0257,2881,2,00:24:42.842000,69,42,Pass,Barcelona,Sergio Busquets i Burgos,Center Defensive Midfield,129,Barcelona,63.5,36.4,1.422297,True,,,Ivan Rakitić,72.7,53.6,19.505896,1.0796328,Ground Pass,,,,,,,,,,,,,,,,
267533,2016-04-02,Barcelona,Real Madrid,La Liga,2015/2016,765c5fb7-7adf-48be-bf80-83dbb0d6b9bd,2882,2,00:24:44.265000,69,44,Ball Receipt*,Barcelona,Ivan Rakitić,Right Center Midfield,129,Barcelona,72.7,53.6,,,,,,,,,,,,,,,,,,,,,,,,,,
267533,2016-04-02,Barcelona,Real Madrid,La Liga,2015/2016,dee183a7-2bba-491a-b2c6-526fa25e2de5,2883,2,00:24:44.265000,69,44,Carry,Barcelona,Ivan Rakitić,Right Center Midfield,129,Barcelona,72.7,53.6,0.899925,,,,,,,,,,,77.9,56.0,,,,,,,,,,,,,
267533,2016-04-02,Barcelona,Real Madrid,La Liga,2015/2016,a313d47b-d430-4d36-a5f8-14bb96864a44,2884,2,00:24:45.164000,69,45,Pass,Barcelona,Ivan Rakitić,Right Center Midfield,129,Barcelona,77.9,56.0,3.146675,,,,Daniel Alves da Silva,102.6,73.6,30.32903,0.6190996,Ground Pass,,,,,,,,,,,,,,,,
267533,2016-04-02,Barcelona,Real Madrid,La Liga,2015/2016,fc1a50ca-84bf-4c37-9ed3-5fd985fbbfc8,2885,2,00:24:48.311000,69,48,Ball Receipt*,Barcelona,Daniel Alves da Silva,Right Back,129,Barcelona,102.6,73.6,,,,,,,,,,,,,,,,,,,,,,,,,,
267533,2016-04-02,Barcelona,Real Madrid,La Liga,2015/2016,3e6bdc5d-be07-4291-b2d3-7be2c1ad4b31,2886,2,00:24:48.311000,69,48,Carry,Barcelona,Daniel Alves da Silva,Right Back,129,Barcelona,102.6,73.6,0.504122,,,,,,,,,,,106.8,76.0,,,,,,,,,,,,,
267533,2016-04-02,Barcelona,Real Madrid,La Liga,2015/2016,c83ba740-81da-4374-b4e2-f2d1d9f3c171,2887,2,00:24:48.815000,69,48,Pass,Barcelona,Daniel Alves da Silva,Right Back,129,Barcelona,106.8,76.0,2.297378,,,,Lionel Andrés Messi Cuccittini,104.1,31.2,44.881287,-1.6309913,High Pass,,,,,,,,,,,,,,,,
267533,2016-04-02,Barcelona,Real Madrid,La Liga,2015/2016,808ee36a-2ec4-4335-8e5e-dce5f4be060b,2888,2,00:24:51.113000,69,51,Ball Receipt*,Barcelona,Lionel Andrés Messi Cuccittini,Center Forward,129,Barcelona,104.1,31.2,,,,,,,,,,,,,,,,,,,,,,,,,,
267533,2016-04-02,Barcelona,Real Madrid,La Liga,2015/2016,1e5b18af-d1d4-4c8e-ad87-a2a2d0430be0,2889,2,00:24:51.153000,69,51,Pass,Barcelona,Lionel Andrés Messi Cuccittini,Center Forward,129,Barcelona,104.1,31.2,1.1131,,,,Luis Alberto Suárez Díaz,104.9,43.8,12.625371,1.5073894,Low Pass,,,,,,,,,,,,,,,,
267533,2016-04-02,Barcelona,Real Madrid,La Liga,2015/2016,887685ab-cee0-4e31-8182-9e2ace45203e,2890,2,00:24:51.402000,69,51,Pressure,Real Madrid,Carlos Henrique Casimiro,Center Defensive Midfield,129,Barcelona,13.7,32.7,0.879134,,,,,,,,,,,,,,,,,,,,,,,,,
267533,2016-04-02,Barcelona,Real Madrid,La Liga,2015/2016,edca122c-faf1-41be-97bc-423365b1df11,2891,2,00:24:52.266000,69,52,Ball Receipt*,Barcelona,Luis Alberto Suárez Díaz,Right Wing,129,Barcelona,104.9,43.8,,True,,,,,,,,,,,,,,,,,,,,,,,,
267533,2016-04-02,Barcelona,Real Madrid,La Liga,2015/2016,78178271-bfef-4706-a122-dc21d4b124f3,2892,2,00:24:52.270000,69,52,Shot,Barcelona,Luis Alberto Suárez Díaz,Right Wing,129,Barcelona,103.6,42.0,0.0676,True,,,,,,,,,,,,0.046138667,Blocked,Left Foot,Half Volley,,,,,,,,,
267533,2016-04-02,Barcelona,Real Madrid,La Liga,2015/2016,a84303fb-1c20-48b1-a45f-4266547d0384,2893,2,00:24:52.338000,69,52,Block,Real Madrid,Carlos Henrique Casimiro,Center Defensive Midfield,129,Barcelona,15.0,38.3,0.0,,,,,,,,,,,,,,,,,,,,,,,,,
267533,2016-04-02,Barcelona,Real Madrid,La Liga,2015/2016,0215b236-be9e-412c-8b06-a9cd886476a6,2894,2,00:24:52.467000,69,52,Goal Keeper,Real Madrid,Keylor Navas Gamboa,Goalkeeper,129,Barcelona,1.1,39.4,0.0,,,,,,,,,,,,,,,,,,,,,,,,,
267533,2016-04-02,Barcelona,Real Madrid,La Liga,2015/2016,b96596c1-a4ca-4e0a-93c2-92295516aa93,2895,2,00:24:52.848000,69,52,Ball Recovery,Barcelona,Neymar da Silva Santos Junior,Left Wing,129,Barcelona,110.6,32.3,0.0,,,True,,,,,,,,,,,,,,,,,,,,,,
267533,2016-04-02,Barcelona,Real Madrid,La Liga,2015/2016,5580f878-3938-4731-b142-6c121668ea81,2896,2,00:25:17.186000,70,17,Pass,Real Madrid,Keylor Navas Gamboa,Goalkeeper,130,Real Madrid,6.0,44.0,5.3934,,,,Karim Benzema,80.6,44.1,74.60007,0.0013404818,High Pass,Incomplete,,,,,,,,,,,,,,,
267533,2016-04-02,Barcelona,Real Madrid,La Liga,2015/2016,2a8d22cb-61de-4094-b15a-912ce9226277,2897,2,00:25:22.579000,70,22,Ball Receipt*,Real Madrid,Karim Benzema,Center Forward,130,Real Madrid,69.3,43.3,,,,,,,,,,,,,,,,,,,,,,,,,,
267533,2016-04-02,Barcelona,Real Madrid,La Liga,2015/2016,a9b1e8d6-289b-4f27-8722-30ff7917e1ae,2898,2,00:25:22.579000,70,22,Duel,Real Madrid,Karim Benzema,Center Forward,130,Real Madrid,80.6,44.1,0.0,True,,,,,,,,,,,,,,,,Aerial Lost,,,,,,,,
267533,2016-04-02,Barcelona,Real Madrid,La Liga,2015/2016,9ee52934-968b-4796-8b4e-17ea459101d4,2899,2,00:25:22.579000,70,22,Pass,Barcelona,Gerard Piqué Bernabéu,Right Center Back,131,Barcelona,39.5,36.0,1.0153,True,,,Sergio Busquets i Burgos,43.4,41.4,6.661081,0.9453113,Low Pass,,,,,,,,,,,,,,,,
267533,2016-04-02,Barcelona,Real Madrid,La Liga,2015/2016,830d5ff1-0c87-4652-992c-3ead0ac9a99a,2900,2,00:25:23.595000,70,23,Ball Receipt*,Barcelona,Sergio Busquets i Burgos,Center Defensive Midfield,131,Barcelona,43.4,41.4,,,,,,,,,,,,,,,,,,,,,,,,,,
267533,2016-04-02,Barcelona,Real Madrid,La Liga,2015/2016,3ab9077b-cb11-437a-9292-02c7641699e4,2901,2,00:25:23.646000,70,23,Pass,Barcelona,Sergio Busquets i Burgos,Center Defensive Midfield,131,Barcelona,43.2,42.2,2.3727,,,,Daniel Alves da Silva,49.2,58.4,17.275415,1.2160907,Low Pass,,,,,,,,,,,,,,,,
267533,2016-04-02,Barcelona,Real Madrid,La Liga,2015/2016,eb7dab99-07e7-4ca3-93bd-44b2450633a2,2902,2,00:25:24.601000,70,24,Pressure,Real Madrid,Karim Benzema,Center Forward,131,Barcelona,76.7,29.2,1.342872,,,,,,,,,,,,,,,,,,,,,,,,,
267533,2016-04-02,Barcelona,Real Madrid,La Liga,2015/2016,220af455-c0bc-407c-bab8-5cdef375d16d,2903,2,00:25:26.019000,70,26,Ball Receipt*,Barcelona,Daniel Alves da Silva,Right Back,131,Barcelona,49.2,58.4,,,,,,,,,,,,,,,,,,,,,,,,,,
267533,2016-04-02,Barcelona,Real Madrid,La Liga,2015/2016,431e9d72-a74c-489c-b638-a6bd5f2514d8,2904,2,00:25:26.019000,70,26,Carry,Barcelona,Daniel Alves da Silva,Right Back,131,Barcelona,49.2,58.4,0.08,,,,,,,,,,,51.3,64.7,,,,,,,,,,,,,
267533,2016-04-02,Barcelona,Real Madrid,La Liga,2015/2016,74237312-1446-48d6-8a1e-300ccac03443,2905,2,00:25:26.099000,70,26,Pass,Barcelona,Daniel Alves da Silva,Right Back,131,Barcelona,51.3,64.7,1.968932,,,,Luis Alberto Suárez Díaz,84.2,75.4,34.59624,0.31443807,Ground Pass,,,,,,,,,,,,,,,,
267533,2016-04-02,Barcelona,Real Madrid,La Liga,2015/2016,d6da05a7-6822-467a-a50c-eade9f58f8e2,2906,2,00:25:28.068000,70,28,Ball Receipt*,Barcelona,Luis Alberto Suárez Díaz,Right Wing,131,Barcelona,84.2,75.4,,,,,,,,,,,,,,,,,,,,,,,,,,
267533,2016-04-02,Barcelona,Real Madrid,La Liga,2015/2016,beb1b89c-dc70-4886-8153-5b0a72dcbea2,2907,2,00:25:28.068000,70,28,Carry,Barcelona,Luis Alberto Suárez Díaz,Right Wing,131,Barcelona,84.2,75.4,1.664527,,,,,,,,,,,97.2,75.6,,,,,,,,,,,,,
267533,2016-04-02,Barcelona,Real Madrid,La Liga,2015/2016,fea1fd4a-3ba1-46db-a5ca-2e16ce58ed27,2908,2,00:25:29.732000,70,29,Pass,Barcelona,Luis Alberto Suárez Díaz,Right Wing,131,Barcelona,97.2,75.6,2.066341,,,,Neymar da Silva Santos Junior,105.1,31.9,44.408333,-1.3919499,High Pass,Unknown,,,,,,,,,,,,,,,
267533,2016-04-02,Barcelona,Real Madrid,La Liga,2015/2016,73e4a608-b88b-4592-ad95-676610c652d2,2909,2,00:25:31.799000,70,31,Ball Receipt*,Barcelona,Neymar da Silva Santos Junior,Left Wing,131,Barcelona,105.5,29.8,,,,,,,,,,,,,,,,,,,,,,,,,,
267533,2016-04-02,Barcelona,Real Madrid,La Liga,2015/2016,eb61410b-c6d2-45e2-b184-56a165bbc854,2910,2,00:25:32.006000,70,32,Foul Committed,Barcelona,Neymar da Silva Santos Junior,Left Wing,131,Barcelona,105.5,32.0,0.0,,,,,,,,,,,,,,,,,,,,,,,,,
267533,2016-04-02,Barcelona,Real Madrid,La Liga,2015/2016,d29d6289-6855-48ec-a2da-a16b6225e5a4,2911,2,00:25:32.006000,70,32,Foul Won,Real Madrid,Daniel Carvajal Ramos,Right Back,131,Barcelona,14.6,48.1,0.0,True,,,,,,,,,,,,,,,,,,,,True,,,,
267533,2016-04-02,Barcelona,Real Madrid,La Liga,2015/2016,57c846c2-3e83-4ade-bf49-842360ab6fbc,2912,2,00:25:41.830000,70,41,Pass,Real Madrid,Daniel Carvajal Ramos,Right Back,132,Real Madrid,14.2,48.5,2.116747,,True,,Toni Kroos,28.7,49.0,14.508618,0.0344691,High Pass,,,,,,,,,,,,,,,,
267533,2016-04-02,Barcelona,Real Madrid,La Liga,2015/2016,1cb5e388-d430-4142-939d-90a6a49831a3,2913,2,00:25:43.947000,70,43,Ball Receipt*,Real Madrid,Toni Kroos,Left Center Midfield,132,Real Madrid,28.7,49.0,,,,,,,,,,,,,,,,,,,,,,,,,,
267533,2016-04-02,Barcelona,Real Madrid,La Liga,2015/2016,db3b70ff-93ad-49b3-817a-1a7b603fdcfb,2914,2,00:25:46.030000,70,46,Pass,Real Madrid,Toni Kroos,Left Center Midfield,132,Real Madrid,29.3,50.0,1.682315,,,,Gareth Frank Bale,55.2,57.8,27.04903,0.29251912,High Pass,,,,,,,,,,,,,,,,
267533,2016-04-02,Barcelona,Real Madrid,La Liga,2015/2016,95d4f358-a241-42a7-866c-8643bf1ae635,2915,2,00:25:47.712000,70,47,Ball Receipt*,Real Madrid,Gareth Frank Bale,Right Wing,132,Real Madrid,55.2,57.8,,,,,,,,,,,,,,,,,,,,,,,,,,
267533,2016-04-02,Barcelona,Real Madrid,La Liga,2015/2016,f4556d1d-c4b7-46c9-bda0-e418a6f76ffe,2916,2,00:25:47.712000,70,47,Carry,Real Madrid,Gareth Frank Bale,Right Wing,132,Real Madrid,55.2,57.8,2.072999,,,,,,,,,,,47.1,44.8,,,,,,,,,,,,,
267533,2016-04-02,Barcelona,Real Madrid,La Liga,2015/2016,01ab3d0d-3416-4a3d-b1a6-548772f55a31,2917,2,00:25:49.785000,70,49,Pass,Real Madrid,Gareth Frank Bale,Right Wing,132,Real Madrid,47.1,44.8,1.473858,,,,Marcelo Vieira da Silva Júnior,50.2,12.0,32.946167,-1.476564,High Pass,,,,,,,,,,,,,,,,
267533,2016-04-02,Barcelona,Real Madrid,La Liga,2015/2016,b2d8f62a-154a-46cc-863b-52ad07a7e56d,2918,2,00:25:51.259000,70,51,Ball Receipt*,Real Madrid,Marcelo Vieira da Silva Júnior,Left Back,132,Real Madrid,50.2,12.0,,,,,,,,,,,,,,,,,,,,,,,,,,
267533,2016-04-02,Barcelona,Real Madrid,La Liga,2015/2016,ba0dab2f-2bba-4b68-8820-7fc07cee0813,2919,2,00:25:51.259000,70,51,Carry,Real Madrid,Marcelo Vieira da Silva Júnior,Left Back,132,Real Madrid,50.2,12.0,4.292028,,,,,,,,,,,79.1,10.3,,,,,,,,,,,,,
267533,2016-04-02,Barcelona,Real Madrid,La Liga,2015/2016,e1f1949c-0ba7-4337-97d8-86aca2e2b372,2920,2,00:25:55.551000,70,55,Pass,Real Madrid,Marcelo Vieira da Silva Júnior,Left Back,132,Real Madrid,79.1,10.3,1.012473,,,,Cristiano Ronaldo dos Santos Aveiro,91.9,5.2,13.778606,-0.37915868,Ground Pass,,,,,,,,,,,,,,,,
267533,2016-04-02,Barcelona,Real Madrid,La Liga,2015/2016,f637130e-ad1a-42ff-a094-22ab1aa988aa,2921,2,00:25:56.564000,70,56,Ball Receipt*,Real Madrid,Cristiano Ronaldo dos Santos Aveiro,Left Wing,132,Real Madrid,91.9,5.2,,,,,,,,,,,,,,,,,,,,,,,,,,
267533,2016-04-02,Barcelona,Real Madrid,La Liga,2015/2016,6a07132e-af7e-43e0-b62c-afc3474a48f4,2922,2,00:25:56.564000,70,56,Carry,Real Madrid,Cristiano Ronaldo dos Santos Aveiro,Left Wing,132,Real Madrid,91.9,5.2,3.698242,,,,,,,,,,,104.9,13.8,,,,,,,,,,,,,
267533,2016-04-02,Barcelona,Real Madrid,La Liga,2015/2016,eded205f-fe33-4434-ae39-ae0b5a9aaa07,2923,2,00:26:00.262000,71,0,Dribble,Real Madrid,Cristiano Ronaldo dos Santos Aveiro,Left Wing,132,Real Madrid,104.9,13.8,0.0,True,,,,,,,,,,,,,,,,,,,,,,,,
267533,2016-04-02,Barcelona,Real Madrid,La Liga,2015/2016,ee0e3a34-347d-4b2b-a00d-45fe7382e08e,2924,2,00:26:00.262000,71,0,Duel,Barcelona,Daniel Alves da Silva,Right Back,132,Real Madrid,15.2,66.3,0.0,True,,,,,,,,,,,,,,,,Tackle,Lost Out,,,,,,,
267533,2016-04-02,Barcelona,Real Madrid,La Liga,2015/2016,dd3ed118-07f8-4ec0-9688-460c6b22ff9c,2925,2,00:26:17.844000,71,17,Pass,Real Madrid,Marcelo Vieira da Silva Júnior,Left Back,133,Real Madrid,97.6,0.1,1.3351,,,,Karim Benzema,104.9,10.4,12.624579,0.95423007,High Pass,,,,,,,,,,,,,,,,
267533,2016-04-02,Barcelona,Real Madrid,La Liga,2015/2016,e834fde7-5deb-4130-98b6-d4102d6e88c9,2926,2,00:26:19.179000,71,19,Ball Receipt*,Real Madrid,Karim Benzema,Center Forward,133,Real Madrid,104.9,10.4,,,,,,,,,,,,,,,,,,,,,,,,,,
267533,2016-04-02,Barcelona,Real Madrid,La Liga,2015/2016,7ddc2495-34b0-4fc1-92aa-30075e751e03,2927,2,00:26:19.179000,71,19,Pass,Real Madrid,Karim Benzema,Center Forward,133,Real Madrid,104.9,10.4,0.7904,,,,Cristiano Ronaldo dos Santos Aveiro,98.7,11.4,6.2801275,2.9816794,Low Pass,,,,,,,,,,,,,,,,
267533,2016-04-02,Barcelona,Real Madrid,La Liga,2015/2016,cc168ef8-3388-415a-9a8d-c03baec1b833,2928,2,00:26:19.970000,71,19,Ball Receipt*,Real Madrid,Cristiano Ronaldo dos Santos Aveiro,Left Wing,133,Real Madrid,98.7,11.4,,,,,,,,,,,,,,,,,,,,,,,,,,
267533,2016-04-02,Barcelona,Real Madrid,La Liga,2015/2016,b0a67347-b393-40b9-a56b-9c4a75ea0ed7,2929,2,00:26:19.970000,71,19,Carry,Real Madrid,Cristiano Ronaldo dos Santos Aveiro,Left Wing,133,Real Madrid,98.7,11.4,0.673,,,,,,,,,,,98.1,13.2,,,,,,,,,,,,,
267533,2016-04-02,Barcelona,Real Madrid,La Liga,2015/2016,442398f6-c001-4542-b737-4b60c78c77f3,2930,2,00:26:20.643000,71,20,Pass,Real Madrid,Cristiano Ronaldo dos Santos Aveiro,Left Wing,133,Real Madrid,98.1,13.2,0.6095,,,,Gareth Frank Bale,102.3,17.2,5.8,0.76101273,Ground Pass,,,,,,,,,,,,,,,,
267533,2016-04-02,Barcelona,Real Madrid,La Liga,2015/2016,183fefcc-d695-46f9-817d-8e2dd9d2be43,2931,2,00:26:21.252000,71,21,Ball Receipt*,Real Madrid,Gareth Frank Bale,Right Wing,133,Real Madrid,102.3,17.2,,,,,,,,,,,,,,,,,,,,,,,,,,
267533,2016-04-02,Barcelona,Real Madrid,La Liga,2015/2016,c8004ccc-94b5-4a0e-9e3e-c51163ff7fd5,2932,2,00:26:21.252000,71,21,Carry,Real Madrid,Gareth Frank Bale,Right Wing,133,Real Madrid,102.3,17.2,2.6836,True,,,,,,,,,,91.8,29.2,,,,,,,,,,,,,
267533,2016-04-02,Barcelona,Real Madrid,La Liga,2015/2016,621f193d-fbba-434c-aeec-0e7572b0f7f2,2933,2,00:26:22.382000,71,22,Pressure,Barcelona,Javier Alejandro Mascherano,Left Center Back,133,Real Madrid,16.4,54.6,1.629697,,,,,,,,,,,,,,,,,,,,,,,,,
267533,2016-04-02,Barcelona,Real Madrid,La Liga,2015/2016,be17ee0b-2aa0-4452-bac1-6e6d599494b4,2934,2,00:26:23.936000,71,23,Pass,Real Madrid,Gareth Frank Bale,Right Wing,133,Real Madrid,91.8,29.2,0.8729,True,,,Luka Modrić,84.9,27.9,7.0213957,-2.9553697,Ground Pass,,,,,,,,,,,,,,,,
267533,2016-04-02,Barcelona,Real Madrid,La Liga,2015/2016,4f44ddd9-5797-4943-9b3b-5a888e8fa8f7,2935,2,00:26:24.809000,71,24,Ball Receipt*,Real Madrid,Luka Modrić,Right Center Midfield,133,Real Madrid,84.9,27.9,,,,,,,,,,,,,,,,,,,,,,,,,,
267533,2016-04-02,Barcelona,Real Madrid,La Liga,2015/2016,fcb7a814-3e75-44af-8f5a-6f372151bec2,2936,2,00:26:24.809000,71,24,Carry,Real Madrid,Luka Modrić,Right Center Midfield,133,Real Madrid,84.9,27.9,0.922791,True,,,,,,,,,,84.2,27.2,,,,,,,,,,,,,
267533,2016-04-02,Barcelona,Real Madrid,La Liga,2015/2016,295a20d5-e4e8-489f-a250-4b8c990817c7,2937,2,00:26:25.680000,71,25,Pressure,Barcelona,Sergio Busquets i Burgos,Center Defensive Midfield,133,Real Madrid,32.3,54.2,2.129825,,,,,,,,,,,,,,,,,,,,,,,,,
267533,2016-04-02,Barcelona,Real Madrid,La Liga,2015/2016,23c50b4e-b585-47f2-98e8-5427cc32c5f0,2938,2,00:26:25.731000,71,25,Pass,Real Madrid,Luka Modrić,Right Center Midfield,133,Real Madrid,84.2,27.2,0.233909,True,,,Toni Kroos,86.4,21.4,6.203225,-1.2082521,Ground Pass,,,,,,,,,,,,,,,,
267533,2016-04-02,Barcelona,Real Madrid,La Liga,2015/2016,3e83f52a-c2f2-4a93-b43d-f780ee6e03fd,2939,2,00:26:25.965000,71,25,Ball Receipt*,Real Madrid,Toni Kroos,Left Center Midfield,133,Real Madrid,86.4,21.4,,True,,,,,,,,,,,,,,,,,,,,,,,,
267533,2016-04-02,Barcelona,Real Madrid,La Liga,2015/2016,259c5e24-4ccc-44f4-a4fb-23321c721a24,2940,2,00:26:25.965000,71,25,Carry,Real Madrid,Toni Kroos,Left Center Midfield,133,Real Madrid,86.4,21.4,1.845794,True,,,,,,,,,,85.4,18.8,,,,,,,,,,,,,
267533,2016-04-02,Barcelona,Real Madrid,La Liga,2015/2016,4fce9d33-d15e-45eb-b64e-7b06274805fb,2941,2,00:26:27.811000,71,27,Pass,Real Madrid,Toni Kroos,Left Center Midfield,133,Real Madrid,85.4,18.8,0.959706,,,,Carlos Henrique Casimiro,74.3,24.0,12.25765,2.703487,Ground Pass,,,,,,,,,,,,,,,,
267533,2016-04-02,Barcelona,Real Madrid,La Liga,2015/2016,eb4cdda8-6a79-4a29-9d9c-485c2a8ec811,2942,2,00:26:28.771000,71,28,Ball Receipt*,Real Madrid,Carlos Henrique Casimiro,Center Defensive Midfield,133,Real Madrid,74.3,24.0,,,,,,,,,,,,,,,,,,,,,,,,,,
267533,2016-04-02,Barcelona,Real Madrid,La Liga,2015/2016,9c31f129-8121-48f0-9981-499fe9c7be0c,2943,2,00:26:28.771000,71,28,Carry,Real Madrid,Carlos Henrique Casimiro,Center Defensive Midfield,133,Real Madrid,74.3,24.0,2.417339,,,,,,,,,,,66.3,28.3,,,,,,,,,,,,,
267533,2016-04-02,Barcelona,Real Madrid,La Liga,2015/2016,63c9273c-3137-4138-b5c3-0367fa135415,2944,2,00:26:31.188000,71,31,Pass,Real Madrid,Carlos Henrique Casimiro,Center Defensive Midfield,133,Real Madrid,66.3,28.3,1.545761,,,,Kléper Laveran Lima Ferreira,62.9,51.4,23.348875,1.7169333,Ground Pass,,,,,,,,,,,,,,,,
267533,2016-04-02,Barcelona,Real Madrid,La Liga,2015/2016,dec1cae8-a607-409f-9bbd-f73906e4f906,2945,2,00:26:32.734000,71,32,Ball Receipt*,Real Madrid,Kléper Laveran Lima Ferreira,Right Center Back,133,Real Madrid,62.9,51.4,,,,,,,,,,,,,,,,,,,,,,,,,,
267533,2016-04-02,Barcelona,Real Madrid,La Liga,2015/2016,51806e34-f1c0-4b5b-9d28-ce5a50dc0a3f,2946,2,00:26:32.734000,71,32,Carry,Real Madrid,Kléper Laveran Lima Ferreira,Right Center Back,133,Real Madrid,62.9,51.4,0.2422,,,,,,,,,,,64.7,53.8,,,,,,,,,,,,,
267533,2016-04-02,Barcelona,Real Madrid,La Liga,2015/2016,4c6e2a7d-63df-4682-8ea7-86c204fa5934,2947,2,00:26:32.976000,71,32,Pass,Real Madrid,Kléper Laveran Lima Ferreira,Right Center Back,133,Real Madrid,64.7,53.8,1.424874,,,,Daniel Carvajal Ramos,84.6,72.7,27.444855,0.7596307,Ground Pass,,,,,,,,,,,,,,,,
267533,2016-04-02,Barcelona,Real Madrid,La Liga,2015/2016,9bab3310-36de-4772-a70a-f3a5545e8a58,2948,2,00:26:34.401000,71,34,Ball Receipt*,Real Madrid,Daniel Carvajal Ramos,Right Back,133,Real Madrid,84.6,72.7,,,,,,,,,,,,,,,,,,,,,,,,,,
267533,2016-04-02,Barcelona,Real Madrid,La Liga,2015/2016,05c2513d-caf2-46a7-b655-05402280eea7,2949,2,00:26:34.401000,71,34,Carry,Real Madrid,Daniel Carvajal Ramos,Right Back,133,Real Madrid,84.6,72.7,1.927708,True,,,,,,,,,,89.0,69.3,,,,,,,,,,,,,
267533,2016-04-02,Barcelona,Real Madrid,La Liga,2015/2016,23f1907d-777b-46f0-a7ae-78cd4e5ce570,2950,2,00:26:36.329000,71,36,Dribbled Past,Barcelona,Neymar da Silva Santos Junior,Left Wing,133,Real Madrid,31.1,10.8,0.0,,,,,,,,,,,,,,,,,,,,,,,,,
267533,2016-04-02,Barcelona,Real Madrid,La Liga,2015/2016,5364ac10-b31d-4971-840f-50b152309047,2951,2,00:26:36.329000,71,36,Dribble,Real Madrid,Daniel Carvajal Ramos,Right Back,133,Real Madrid,89.0,69.3,0.0,True,,,,,,,,,,,,,,,,,,,,,,,,
267533,2016-04-02,Barcelona,Real Madrid,La Liga,2015/2016,599629bb-709f-4bb4-b89c-d1b049d5dca9,2952,2,00:26:36.951000,71,36,Pressure,Real Madrid,Daniel Carvajal Ramos,Right Back,133,Real Madrid,86.6,54.2,0.768,,,,,,,,,,,,,,,,,,,,,,,,,
267533,2016-04-02,Barcelona,Real Madrid,La Liga,2015/2016,262c0bd5-3f23-44df-b546-e2387974c529,2953,2,00:26:37.463000,71,37,Pass,Barcelona,Andrés Iniesta Luján,Left Center Midfield,134,Barcelona,29.3,24.3,0.795394,True,,,Jordi Alba Ramos,20.7,23.2,8.670063,-3.0143764,Ground Pass,,,,,,,,,,,,,,,,
267533,2016-04-02,Barcelona,Real Madrid,La Liga,2015/2016,9302e736-6035-4d33-8e87-265436619406,2954,2,00:26:38.259000,71,38,Ball Receipt*,Barcelona,Jordi Alba Ramos,Left Back,134,Barcelona,20.7,23.2,,,,,,,,,,,,,,,,,,,,,,,,,,
267533,2016-04-02,Barcelona,Real Madrid,La Liga,2015/2016,fc6dcfa8-2c1a-4183-bd09-fa46cfcc8d68,2955,2,00:26:38.259000,71,38,Carry,Barcelona,Jordi Alba Ramos,Left Back,134,Barcelona,20.7,23.2,2.973986,,,,,,,,,,,8.4,12.3,,,,,,,,,,,,,
267533,2016-04-02,Barcelona,Real Madrid,La Liga,2015/2016,4db07e6f-a399-4d6f-944d-efb286647993,2956,2,00:26:41.233000,71,41,Pass,Barcelona,Jordi Alba Ramos,Left Back,134,Barcelona,8.4,12.3,2.7949,,,,Neymar da Silva Santos Junior,49.2,6.0,41.28353,-0.15320182,High Pass,,,,,,,,,,,,,,,,
267533,2016-04-02,Barcelona,Real Madrid,La Liga,2015/2016,d9fcaea0-3e2d-4294-b50b-7417fb83182f,2957,2,00:26:42.804000,71,42,Pressure,Real Madrid,Gareth Frank Bale,Right Wing,134,Barcelona,75.0,71.3,1.155954,,,,,,,,,,,,,,,,,,,,,,,,,
267533,2016-04-02,Barcelona,Real Madrid,La Liga,2015/2016,9ef49e9c-16a9-445f-81ec-8b8e0bfca044,2958,2,00:26:44.027000,71,44,Ball Receipt*,Barcelona,Neymar da Silva Santos Junior,Left Wing,134,Barcelona,49.2,6.0,,,,,,,,,,,,,,,,,,,,,,,,,,
267533,2016-04-02,Barcelona,Real Madrid,La Liga,2015/2016,0a6c5455-7b0f-4299-8939-43326cb5d69d,2959,2,00:26:44.027000,71,44,Miscontrol,Barcelona,Neymar da Silva Santos Junior,Left Wing,134,Barcelona,49.4,5.6,0.0,,,,,,,,,,,,,,,,,,,,,,,,,
267533,2016-04-02,Barcelona,Real Madrid,La Liga,2015/2016,a4869d19-dee5-480a-863b-1b9ac26b0ebb,2960,2,00:26:45.660000,71,45,Ball Recovery,Real Madrid,Luka Modrić,Right Center Midfield,135,Real Madrid,76.7,77.1,0.0,,,,,,,,,,,,,,,,,,,,,,,,,
267533,2016-04-02,Barcelona,Real Madrid,La Liga,2015/2016,c8441d65-fa4e-42a2-b2b8-063125af7c58,2961,2,00:26:45.660000,71,45,Carry,Real Madrid,Luka Modrić,Right Center Midfield,135,Real Madrid,76.7,77.1,1.153387,,,,,,,,,,,72.1,75.9,,,,,,,,,,,,,
267533,2016-04-02,Barcelona,Real Madrid,La Liga,2015/2016,042f58f4-09bd-4451-9ea0-6437a9f28be6,2962,2,00:26:46.814000,71,46,Pass,Real Madrid,Luka Modrić,Right Center Midfield,135,Real Madrid,72.1,75.9,0.8004,,,,Carlos Henrique Casimiro,68.5,62.4,13.971757,-1.8313987,Ground Pass,,,,,,,,,,,,,,,,
267533,2016-04-02,Barcelona,Real Madrid,La Liga,2015/2016,502079fa-488a-46a5-9d8b-f60e63f9b1a1,2963,2,00:26:47.614000,71,47,Ball Receipt*,Real Madrid,Carlos Henrique Casimiro,Center Defensive Midfield,135,Real Madrid,68.5,62.4,,,,,,,,,,,,,,,,,,,,,,,,,,
267533,2016-04-02,Barcelona,Real Madrid,La Liga,2015/2016,3fe8f3de-93f5-4c77-85b8-372fe62cd8c1,2964,2,00:26:47.614000,71,47,Pass,Real Madrid,Carlos Henrique Casimiro,Center Defensive Midfield,135,Real Madrid,69.3,64.4,1.0133,,,,Daniel Carvajal Ramos,83.0,66.4,13.845216,0.1449614,Ground Pass,,,,,,,,,,,,,,,,
267533,2016-04-02,Barcelona,Real Madrid,La Liga,2015/2016,141cab50-1164-471b-94d3-dcffe25cbd44,2965,2,00:26:48.628000,71,48,Ball Receipt*,Real Madrid,Daniel Carvajal Ramos,Right Back,135,Real Madrid,83.0,66.4,,,,,,,,,,,,,,,,,,,,,,,,,,
267533,2016-04-02,Barcelona,Real Madrid,La Liga,2015/2016,d8fd476b-c467-4b7f-91f0-bfd3fcc83193,2966,2,00:26:48.628000,71,48,Pass,Real Madrid,Daniel Carvajal Ramos,Right Back,135,Real Madrid,83.0,66.4,1.7796,,,,Luka Modrić,76.3,79.7,14.89228,2.037447,Low Pass,Out,,,,,,,,,,,,,,,
267533,2016-04-02,Barcelona,Real Madrid,La Liga,2015/2016,21657305-0598-42ca-a748-d64d6c9212be,2967,2,00:26:50.407000,71,50,Ball Receipt*,Real Madrid,Luka Modrić,Right Center Midfield,135,Real Madrid,79.7,74.7,,,,,,,,,,,,,,,,,,,,,,,,,,
267533,2016-04-02,Barcelona,Real Madrid,La Liga,2015/2016,d94843e9-0493-4be9-a55f-cd86ff4fc3e5,2968,2,00:26:56.697000,71,56,Pass,Barcelona,Jordi Alba Ramos,Left Back,136,Barcelona,40.3,0.1,2.3774,,True,,Javier Alejandro Mascherano,27.3,10.9,16.900888,2.4483695,Low Pass,,,,,,,,,,,,,,,,
267533,2016-04-02,Barcelona,Real Madrid,La Liga,2015/2016,7fce5891-0467-4332-b424-216d32fed56b,2969,2,00:26:59.074000,71,59,Ball Receipt*,Barcelona,Javier Alejandro Mascherano,Left Center Back,136,Barcelona,27.3,10.9,,,,,,,,,,,,,,,,,,,,,,,,,,
267533,2016-04-02,Barcelona,Real Madrid,La Liga,2015/2016,7d2c147b-d3a0-4fac-838a-0e7d88a9c17f,2970,2,00:27:00.277000,72,0,Pass,Barcelona,Javier Alejandro Mascherano,Left Center Back,136,Barcelona,22.0,11.9,2.181314,,,,Gerard Piqué Bernabéu,16.4,43.3,31.895454,1.7472848,Ground Pass,,,,,,,,,,,,,,,,
267533,2016-04-02,Barcelona,Real Madrid,La Liga,2015/2016,696d39f3-62fb-478d-967c-f9fb61305930,2971,2,00:27:02.458000,72,2,Ball Receipt*,Barcelona,Gerard Piqué Bernabéu,Right Center Back,136,Barcelona,16.4,43.3,,,,,,,,,,,,,,,,,,,,,,,,,,
267533,2016-04-02,Barcelona,Real Madrid,La Liga,2015/2016,2d50e59d-74b6-4302-8cd8-e485ae628d32,2972,2,00:27:06.072000,72,6,Pass,Barcelona,Gerard Piqué Bernabéu,Right Center Back,136,Barcelona,25.1,42.5,2.091,,True,,Javier Alejandro Mascherano,34.5,20.2,24.200207,-1.171873,Ground Pass,,,,,,,,,,,,,,,,
267533,2016-04-02,Barcelona,Real Madrid,La Liga,2015/2016,55f1ca89-219a-4087-b9a5-efb8bbcce2dc,2973,2,00:27:08.163000,72,8,Ball Receipt*,Barcelona,Javier Alejandro Mascherano,Left Center Back,136,Barcelona,34.5,20.2,,,,,,,,,,,,,,,,,,,,,,,,,,
267533,2016-04-02,Barcelona,Real Madrid,La Liga,2015/2016,557ce3ef-9183-44d9-a3ff-8e2839a7a104,2974,2,00:27:11.359000,72,11,Pass,Barcelona,Javier Alejandro Mascherano,Left Center Back,136,Barcelona,43.1,25.4,2.049879,,,,Gerard Piqué Bernabéu,43.1,55.3,29.9,1.5707964,Ground Pass,,,,,,,,,,,,,,,,
267533,2016-04-02,Barcelona,Real Madrid,La Liga,2015/2016,074e7568-629f-4294-a3ee-93e4d82916fe,2975,2,00:27:13.409000,72,13,Ball Receipt*,Barcelona,Gerard Piqué Bernabéu,Right Center Back,136,Barcelona,43.1,55.3,,,,,,,,,,,,,,,,,,,,,,,,,,
267533,2016-04-02,Barcelona,Real Madrid,La Liga,2015/2016,dde2aabe-7aad-4eeb-bc4b-5e3b6b815bcc,2976,2,00:27:13.409000,72,13,Carry,Barcelona,Gerard Piqué Bernabéu,Right Center Back,136,Barcelona,43.1,55.3,2.906597,,,,,,,,,,,49.0,54.6,,,,,,,,,,,,,
267533,2016-04-02,Barcelona,Real Madrid,La Liga,2015/2016,6800bc9a-bf88-40e2-af16-cab8e3299246,2977,2,00:27:16.315000,72,16,Pass,Barcelona,Gerard Piqué Bernabéu,Right Center Back,136,Barcelona,49.0,54.6,2.136803,,,,Javier Alejandro Mascherano,49.9,26.1,28.514208,-1.5392278,Ground Pass,,,,,,,,,,,,,,,,
267533,2016-04-02,Barcelona,Real Madrid,La Liga,2015/2016,0508b6a1-42da-4b03-a803-a17353472823,2978,2,00:27:18.452000,72,18,Ball Receipt*,Barcelona,Javier Alejandro Mascherano,Left Center Back,136,Barcelona,49.9,26.1,,,,,,,,,,,,,,,,,,,,,,,,,,
267533,2016-04-02,Barcelona,Real Madrid,La Liga,2015/2016,a1f8d30c-50a0-4629-bd0d-552ac7bbe779,2979,2,00:27:18.452000,72,18,Carry,Barcelona,Javier Alejandro Mascherano,Left Center Back,136,Barcelona,49.9,26.1,3.702146,,,,,,,,,,,62.6,25.3,,,,,,,,,,,,,
267533,2016-04-02,Barcelona,Real Madrid,La Liga,2015/2016,882a8966-e1be-4a53-a139-3b67c5678dd9,2980,2,00:27:22.154000,72,22,Pass,Barcelona,Javier Alejandro Mascherano,Left Center Back,136,Barcelona,62.6,25.3,2.573354,,,,Jordi Alba Ramos,77.5,4.0,25.99423,-0.9603855,Ground Pass,,,,,,,,,,,,,,,,
267533,2016-04-02,Barcelona,Real Madrid,La Liga,2015/2016,c95b88a9-be78-4b95-a2f6-d4276f1ecf5c,2981,2,00:27:24.728000,72,24,Ball Receipt*,Barcelona,Jordi Alba Ramos,Left Back,136,Barcelona,77.5,4.0,,,,,,,,,,,,,,,,,,,,,,,,,,
267533,2016-04-02,Barcelona,Real Madrid,La Liga,2015/2016,ed7fc5dc-c228-47bc-a288-005200f20532,2982,2,00:27:24.728000,72,24,Carry,Barcelona,Jordi Alba Ramos,Left Back,136,Barcelona,77.5,4.0,1.417428,,,,,,,,,,,83.8,4.6,,,,,,,,,,,,,
267533,2016-04-02,Barcelona,Real Madrid,La Liga,2015/2016,d737d49d-1720-452b-8610-cda2a7a2a2eb,2983,2,00:27:26.145000,72,26,Pass,Barcelona,Jordi Alba Ramos,Left Back,136,Barcelona,83.8,4.6,1.224472,,,,Neymar da Silva Santos Junior,74.5,8.4,10.046392,2.7536926,Ground Pass,,,,,,,,,,,,,,,,
267533,2016-04-02,Barcelona,Real Madrid,La Liga,2015/2016,6a9a59f6-38cf-49cb-af16-638263a9345f,2984,2,00:27:27.369000,72,27,Ball Receipt*,Barcelona,Neymar da Silva Santos Junior,Left Wing,136,Barcelona,74.5,8.4,,,,,,,,,,,,,,,,,,,,,,,,,,
267533,2016-04-02,Barcelona,Real Madrid,La Liga,2015/2016,6f6eb4f1-cef8-403f-ace8-c75c142a37f3,2985,2,00:27:27.369000,72,27,Carry,Barcelona,Neymar da Silva Santos Junior,Left Wing,136,Barcelona,74.5,8.4,1.952466,,,,,,,,,,,73.0,10.9,,,,,,,,,,,,,
267533,2016-04-02,Barcelona,Real Madrid,La Liga,2015/2016,3ca91874-0603-45bf-9339-66f43c02fde6,2986,2,00:27:29.322000,72,29,Pass,Barcelona,Neymar da Silva Santos Junior,Left Wing,136,Barcelona,73.0,10.9,1.01883,,,,Andrés Iniesta Luján,71.4,22.5,11.709825,1.7078625,Ground Pass,,,,,,,,,,,,,,,,
267533,2016-04-02,Barcelona,Real Madrid,La Liga,2015/2016,e84ac65d-fd9d-4e1b-8065-55352c153999,2987,2,00:27:30.341000,72,30,Ball Receipt*,Barcelona,Andrés Iniesta Luján,Left Center Midfield,136,Barcelona,71.4,22.5,,,,,,,,,,,,,,,,,,,,,,,,,,
267533,2016-04-02,Barcelona,Real Madrid,La Liga,2015/2016,305bbd6f-f416-4383-9600-28db4efd6fe3,2988,2,00:27:30.341000,72,30,Carry,Barcelona,Andrés Iniesta Luján,Left Center Midfield,136,Barcelona,71.4,22.5,1.706839,,,,,,,,,,,71.3,25.0,,,,,,,,,,,,,
267533,2016-04-02,Barcelona,Real Madrid,La Liga,2015/2016,9b90c049-d613-49db-8c2e-65799e006c68,2989,2,00:27:32.048000,72,32,Pass,Barcelona,Andrés Iniesta Luján,Left Center Midfield,136,Barcelona,71.3,25.0,2.691965,,,,Daniel Alves da Silva,84.2,75.4,52.024704,1.3202233,High Pass,,,,,,,,,,,,,,,,
267533,2016-04-02,Barcelona,Real Madrid,La Liga,2015/2016,ae37b43a-fa83-44c2-9b51-5d7ac6a67a01,2990,2,00:27:34.740000,72,34,Ball Receipt*,Barcelona,Daniel Alves da Silva,Right Back,136,Barcelona,84.2,75.4,,,,,,,,,,,,,,,,,,,,,,,,,,
267533,2016-04-02,Barcelona,Real Madrid,La Liga,2015/2016,be2fc2c1-7e4c-4185-9bd6-f4221c22282f,2991,2,00:27:34.740000,72,34,Carry,Barcelona,Daniel Alves da Silva,Right Back,136,Barcelona,84.2,75.4,2.7828,,,,,,,,,,,84.2,76.3,,,,,,,,,,,,,
267533,2016-04-02,Barcelona,Real Madrid,La Liga,2015/2016,3a5d4f0e-e94d-4091-8a21-8b6ceff81301,2992,2,00:27:37.522000,72,37,Pass,Barcelona,Daniel Alves da Silva,Right Back,136,Barcelona,84.2,76.3,1.2186,,,,Sergio Busquets i Burgos,72.1,60.3,20.06016,-2.2182856,Ground Pass,,,,,,,,,,,,,,,,
267533,2016-04-02,Barcelona,Real Madrid,La Liga,2015/2016,59c43708-5508-47c8-9a4d-9ba577294972,2993,2,00:27:38.741000,72,38,Ball Receipt*,Barcelona,Sergio Busquets i Burgos,Center Defensive Midfield,136,Barcelona,72.1,60.3,,,,,,,,,,,,,,,,,,,,,,,,,,
267533,2016-04-02,Barcelona,Real Madrid,La Liga,2015/2016,982551fc-3e4d-41e7-89ef-d2c288e8743f,2994,2,00:27:38.741000,72,38,Carry,Barcelona,Sergio Busquets i Burgos,Center Defensive Midfield,136,Barcelona,72.1,60.3,0.1161,,,,,,,,,,,72.1,60.3,,,,,,,,,,,,,
267533,2016-04-02,Barcelona,Real Madrid,La Liga,2015/2016,ae76511f-9bae-4884-9453-91d20aebeb76,2995,2,00:27:38.857000,72,38,Pass,Barcelona,Sergio Busquets i Burgos,Center Defensive Midfield,136,Barcelona,72.1,60.3,1.448682,,,,Gerard Piqué Bernabéu,53.4,57.7,18.879883,-3.0034409,Ground Pass,,,,,,,,,,,,,,,,
267533,2016-04-02,Barcelona,Real Madrid,La Liga,2015/2016,7f030621-0355-469b-94dc-26cf4b014204,2996,2,00:27:40.306000,72,40,Ball Receipt*,Barcelona,Gerard Piqué Bernabéu,Right Center Back,136,Barcelona,53.4,57.7,,,,,,,,,,,,,,,,,,,,,,,,,,
267533,2016-04-02,Barcelona,Real Madrid,La Liga,2015/2016,f6d5c54d-76f4-462d-af10-6129fba922a9,2997,2,00:27:40.306000,72,40,Carry,Barcelona,Gerard Piqué Bernabéu,Right Center Back,136,Barcelona,53.4,57.7,2.896601,,,,,,,,,,,54.0,53.6,,,,,,,,,,,,,
267533,2016-04-02,Barcelona,Real Madrid,La Liga,2015/2016,855dd329-e3d7-4bb5-9c9d-3f2a1b843359,2998,2,00:27:43.202000,72,43,Pass,Barcelona,Gerard Piqué Bernabéu,Right Center Back,136,Barcelona,54.0,53.6,0.856631,,,,Javier Alejandro Mascherano,63.0,36.7,19.147062,-1.0814534,Ground Pass,,,,,,,,,,,,,,,,
267533,2016-04-02,Barcelona,Real Madrid,La Liga,2015/2016,83e1b598-b31e-4244-8b0f-51642f011cc0,2999,2,00:27:43.511000,72,43,Pressure,Real Madrid,Luka Modrić,Right Center Midfield,136,Barcelona,53.6,43.4,1.152898,,,,,,,,,,,,,,,,,,,,,,,,,
267533,2016-04-02,Barcelona,Real Madrid,La Liga,2015/2016,42a7fef5-2506-4ace-b03b-6c559a2b9ff4,3000,2,00:27:44.059000,72,44,Ball Receipt*,Barcelona,Javier Alejandro Mascherano,Left Center Back,136,Barcelona,63.0,36.7,,True,,,,,,,,,,,,,,,,,,,,,,,,
267533,2016-04-02,Barcelona,Real Madrid,La Liga,2015/2016,9e952b14-9234-42ad-ad9e-79b0732cdafb,3001,2,00:27:44.059000,72,44,Carry,Barcelona,Javier Alejandro Mascherano,Left Center Back,136,Barcelona,63.0,36.7,0.773982,True,,,,,,,,,,63.5,39.8,,,,,,,,,,,,,
267533,2016-04-02,Barcelona,Real Madrid,La Liga,2015/2016,b0a0be36-5693-4d21-9cda-f55c1cedc5ab,3002,2,00:27:44.833000,72,44,Pass,Barcelona,Javier Alejandro Mascherano,Left Center Back,136,Barcelona,63.5,39.8,2.805618,,,,Daniel Alves da Silva,93.0,76.0,46.697857,0.88702554,High Pass,,,,,,,,,,,,,,,,
267533,2016-04-02,Barcelona,Real Madrid,La Liga,2015/2016,ba65e6cf-fd78-4528-8941-09baf19e3c64,3003,2,00:27:47.639000,72,47,Ball Receipt*,Barcelona,Daniel Alves da Silva,Right Back,136,Barcelona,93.0,76.0,,,,,,,,,,,,,,,,,,,,,,,,,,
267533,2016-04-02,Barcelona,Real Madrid,La Liga,2015/2016,672da8d2-a91e-4f84-9bd6-1105afb0aeb9,3004,2,00:27:47.639000,72,47,Carry,Barcelona,Daniel Alves da Silva,Right Back,136,Barcelona,93.0,76.0,0.722286,,,,,,,,,,,94.2,76.0,,,,,,,,,,,,,
267533,2016-04-02,Barcelona,Real Madrid,La Liga,2015/2016,79ae98d7-2a28-42f0-b159-06e706a19915,3005,2,00:27:48.361000,72,48,Pass,Barcelona,Daniel Alves da Silva,Right Back,136,Barcelona,94.2,76.0,1.9743,,,,Ivan Rakitić,86.6,62.5,15.492256,-2.0835373,Ground Pass,Incomplete,,,,,,,,,,,,,,,
267533,2016-04-02,Barcelona,Real Madrid,La Liga,2015/2016,4fea0907-8328-403b-926a-98c31ab5f59b,3006,2,00:27:50.335000,72,50,Ball Receipt*,Barcelona,Ivan Rakitić,Right Center Midfield,136,Barcelona,91.8,66.4,,,,,,,,,,,,,,,,,,,,,,,,,,
267533,2016-04-02,Barcelona,Real Madrid,La Liga,2015/2016,13669e8f-efa7-4327-8638-ea4b08ff2315,3007,2,00:27:50.335000,72,50,Ball Recovery,Real Madrid,Cristiano Ronaldo dos Santos Aveiro,Left Wing,136,Barcelona,33.5,17.6,0.0,,,,,,,,,,,,,,,,,,,,,,,,,
267533,2016-04-02,Barcelona,Real Madrid,La Liga,2015/2016,9debefd0-e89f-425b-a2d6-caa73c10fec5,3008,2,00:27:50.335000,72,50,Carry,Real Madrid,Cristiano Ronaldo dos Santos Aveiro,Left Wing,136,Barcelona,33.5,17.6,0.7473,,,,,,,,,,,36.4,19.8,,,,,,,,,,,,,
267533,2016-04-02,Barcelona,Real Madrid,La Liga,2015/2016,cb28442b-5655-4dfa-aa13-1d091adb57b9,3009,2,00:27:51.082000,72,51,Pass,Real Madrid,Cristiano Ronaldo dos Santos Aveiro,Left Wing,136,Barcelona,36.4,19.8,1.6834,,,,Karim Benzema,54.2,13.0,19.054659,-0.3649131,Low Pass,,,,,,,,,,,,,,,,
267533,2016-04-02,Barcelona,Real Madrid,La Liga,2015/2016,5642317a-c59f-4794-a773-01d659b98add,3010,2,00:27:52.766000,72,52,Ball Receipt*,Real Madrid,Karim Benzema,Center Forward,136,Barcelona,54.2,13.0,,,,,,,,,,,,,,,,,,,,,,,,,,
267533,2016-04-02,Barcelona,Real Madrid,La Liga,2015/2016,0256c299-0efc-4e86-bd7a-9d42c628f124,3011,2,00:27:52.766000,72,52,Pass,Real Madrid,Karim Benzema,Center Forward,136,Barcelona,54.3,13.4,2.217511,,,,Cristiano Ronaldo dos Santos Aveiro,53.3,33.1,19.725365,1.6215142,Low Pass,Incomplete,,,,,,,,,,,,,,,
267533,2016-04-02,Barcelona,Real Madrid,La Liga,2015/2016,17854444-ca9e-4cc9-9885-b94783c1c150,3012,2,00:27:54.983000,72,54,Ball Receipt*,Real Madrid,Cristiano Ronaldo dos Santos Aveiro,Left Wing,136,Barcelona,53.6,23.1,,,,,,,,,,,,,,,,,,,,,,,,,,
267533,2016-04-02,Barcelona,Real Madrid,La Liga,2015/2016,04846d40-c6c8-440e-9296-e019387461e3,3013,2,00:27:54.983000,72,54,Ball Recovery,Barcelona,Andrés Iniesta Luján,Left Center Midfield,136,Barcelona,66.8,47.0,0.0,,,,,,,,,,,,,,,,,,,,,,,,,
267533,2016-04-02,Barcelona,Real Madrid,La Liga,2015/2016,f719772a-7419-446d-bbda-2cd52ba4a4a7,3014,2,00:27:54.983000,72,54,Carry,Barcelona,Andrés Iniesta Luján,Left Center Midfield,136,Barcelona,66.8,47.0,2.635889,,,,,,,,,,,76.2,48.1,,,,,,,,,,,,,
267533,2016-04-02,Barcelona,Real Madrid,La Liga,2015/2016,b74fad67-d17e-4837-a821-0462bb0ace5d,3015,2,00:27:57.619000,72,57,Pass,Barcelona,Andrés Iniesta Luján,Left Center Midfield,136,Barcelona,76.2,48.1,0.805589,,,,Lionel Andrés Messi Cuccittini,82.7,52.9,8.080223,0.6360755,Ground Pass,,,,,,,,,,,,,,,,
267533,2016-04-02,Barcelona,Real Madrid,La Liga,2015/2016,b25b2459-c764-4d0d-836c-6b8dd7ddafd5,3016,2,00:27:58.110000,72,58,Pressure,Real Madrid,Marcelo Vieira da Silva Júnior,Left Back,136,Barcelona,37.0,22.1,0.821809,,,,,,,,,,,,,,,,,,,,,,,,,
267533,2016-04-02,Barcelona,Real Madrid,La Liga,2015/2016,c01e08da-f3f4-459b-a15c-8ea688a3f350,3017,2,00:27:58.425000,72,58,Ball Receipt*,Barcelona,Lionel Andrés Messi Cuccittini,Center Forward,136,Barcelona,82.7,52.9,,True,,,,,,,,,,,,,,,,,,,,,,,,
267533,2016-04-02,Barcelona,Real Madrid,La Liga,2015/2016,7f440146-d16d-4d78-87e9-96278fcbe9e8,3018,2,00:27:58.425000,72,58,Carry,Barcelona,Lionel Andrés Messi Cuccittini,Center Forward,136,Barcelona,82.7,52.9,1.138211,True,,,,,,,,,,84.7,55.3,,,,,,,,,,,,,
267533,2016-04-02,Barcelona,Real Madrid,La Liga,2015/2016,eee74134-dffd-4ce7-8c12-41fce081a491,3019,2,00:27:58.931000,72,58,Pressure,Real Madrid,Carlos Henrique Casimiro,Center Defensive Midfield,136,Barcelona,33.0,26.4,0.6316,,,,,,,,,,,,,,,,,,,,,,,,,
267533,2016-04-02,Barcelona,Real Madrid,La Liga,2015/2016,9d02e31e-d810-432d-a065-c5beddce6ead,3020,2,00:27:59.563000,72,59,Dispossessed,Barcelona,Lionel Andrés Messi Cuccittini,Center Forward,136,Barcelona,84.7,55.3,0.0,True,,,,,,,,,,,,,,,,,,,,,,,,
267533,2016-04-02,Barcelona,Real Madrid,La Liga,2015/2016,6c5a1061-6cb4-4ef9-97dd-cbc896f098fd,3021,2,00:27:59.563000,72,59,Duel,Real Madrid,Carlos Henrique Casimiro,Center Defensive Midfield,136,Barcelona,35.4,24.8,0.0,True,,,,,,,,,,,,,,,,Tackle,Lost In Play,,,,,,,
267533,2016-04-02,Barcelona,Real Madrid,La Liga,2015/2016,14a9bf07-d0d1-46ef-a702-76ea4fff92dd,3022,2,00:28:01.948000,73,1,Ball Recovery,Barcelona,Sergio Busquets i Burgos,Center Defensive Midfield,136,Barcelona,77.6,42.0,0.0,,,,,,,,,,,,,,,,,,,,,,,,,
267533,2016-04-02,Barcelona,Real Madrid,La Liga,2015/2016,eb771097-01cf-4ca4-aece-ec41d51e8791,3023,2,00:28:01.948000,73,1,Carry,Barcelona,Sergio Busquets i Burgos,Center Defensive Midfield,136,Barcelona,77.6,42.0,1.137345,,,,,,,,,,,77.3,42.5,,,,,,,,,,,,,
267533,2016-04-02,Barcelona,Real Madrid,La Liga,2015/2016,a2d65b67-4910-44be-bab7-da80c0ed4831,3024,2,00:28:03.085000,73,3,Pass,Barcelona,Sergio Busquets i Burgos,Center Defensive Midfield,136,Barcelona,77.3,42.5,0.691715,,,,Andrés Iniesta Luján,84.8,50.2,10.748954,0.7985553,Ground Pass,,,,,,,,,,,,,,,,
267533,2016-04-02,Barcelona,Real Madrid,La Liga,2015/2016,d00c624e-6c6c-40dc-bc30-782eb5460f28,3025,2,00:28:03.777000,73,3,Ball Receipt*,Barcelona,Andrés Iniesta Luján,Left Center Midfield,136,Barcelona,84.8,50.2,,,,,,,,,,,,,,,,,,,,,,,,,,
267533,2016-04-02,Barcelona,Real Madrid,La Liga,2015/2016,11e590c7-a1d2-493d-a11c-6428aecfd7cd,3026,2,00:28:03.777000,73,3,Carry,Barcelona,Andrés Iniesta Luján,Left Center Midfield,136,Barcelona,84.8,50.2,2.706222,,,,,,,,,,,86.5,55.3,,,,,,,,,,,,,
267533,2016-04-02,Barcelona,Real Madrid,La Liga,2015/2016,0e5f7fa1-5b77-44d9-9309-3df6f0fd4650,3027,2,00:28:06.483000,73,6,Pass,Barcelona,Andrés Iniesta Luján,Left Center Midfield,136,Barcelona,86.5,55.3,1.123237,,,,Ivan Rakitić,98.3,70.5,19.24266,0.91066474,Ground Pass,,,,,,,,,,,,,,,,
267533,2016-04-02,Barcelona,Real Madrid,La Liga,2015/2016,79bee90b-6727-43f9-b1d9-12830af7725f,3028,2,00:28:07.607000,73,7,Ball Receipt*,Barcelona,Ivan Rakitić,Right Center Midfield,136,Barcelona,98.3,70.5,,,,,,,,,,,,,,,,,,,,,,,,,,
267533,2016-04-02,Barcelona,Real Madrid,La Liga,2015/2016,e9c8a572-bb54-48c8-bb32-3c5fe60da982,3029,2,00:28:07.607000,73,7,Carry,Barcelona,Ivan Rakitić,Right Center Midfield,136,Barcelona,98.3,70.5,0.733829,,,,,,,,,,,98.3,70.5,,,,,,,,,,,,,
267533,2016-04-02,Barcelona,Real Madrid,La Liga,2015/2016,3b38cffc-e96f-422b-8ba7-d532e1ba545c,3030,2,00:28:08.340000,73,8,Pass,Barcelona,Ivan Rakitić,Right Center Midfield,136,Barcelona,98.3,70.5,1.105807,,,,Daniel Alves da Silva,89.9,65.0,10.040419,-2.5618773,Ground Pass,,,,,,,,,,,,,,,,
267533,2016-04-02,Barcelona,Real Madrid,La Liga,2015/2016,b4b58756-1657-47b9-a035-bde9a033d3a7,3031,2,00:28:09.446000,73,9,Ball Receipt*,Barcelona,Daniel Alves da Silva,Right Back,136,Barcelona,89.9,65.0,,,,,,,,,,,,,,,,,,,,,,,,,,
267533,2016-04-02,Barcelona,Real Madrid,La Liga,2015/2016,3acdfb21-4177-423a-94e1-f4bf737c3fea,3032,2,00:28:09.446000,73,9,Carry,Barcelona,Daniel Alves da Silva,Right Back,136,Barcelona,89.9,65.0,1.087139,,,,,,,,,,,90.2,63.2,,,,,,,,,,,,,
267533,2016-04-02,Barcelona,Real Madrid,La Liga,2015/2016,b0efe013-48d5-45cf-b25d-5cc897b36695,3033,2,00:28:10.533000,73,10,Pass,Barcelona,Daniel Alves da Silva,Right Back,136,Barcelona,90.2,63.2,1.3475,,,,Sergio Busquets i Burgos,79.0,54.2,14.36802,-2.4646778,Ground Pass,,,,,,,,,,,,,,,,
267533,2016-04-02,Barcelona,Real Madrid,La Liga,2015/2016,82d98622-0d9a-4057-9fae-8044a4b74b9e,3034,2,00:28:11.881000,73,11,Ball Receipt*,Barcelona,Sergio Busquets i Burgos,Center Defensive Midfield,136,Barcelona,79.0,54.2,,,,,,,,,,,,,,,,,,,,,,,,,,
267533,2016-04-02,Barcelona,Real Madrid,La Liga,2015/2016,62bf8773-6262-4d6c-8001-964cebd69e36,3035,2,00:28:11.881000,73,11,Carry,Barcelona,Sergio Busquets i Burgos,Center Defensive Midfield,136,Barcelona,79.0,54.2,0.0888,,,,,,,,,,,79.0,51.4,,,,,,,,,,,,,
267533,2016-04-02,Barcelona,Real Madrid,La Liga,2015/2016,cb0c67bb-1afa-427a-8a1f-a4c9adc00424,3036,2,00:28:11.970000,73,11,Pass,Barcelona,Sergio Busquets i Burgos,Center Defensive Midfield,136,Barcelona,79.0,51.4,1.028415,,,,Lionel Andrés Messi Cuccittini,85.1,35.0,17.497715,-1.2147013,Ground Pass,,,,,,,,,,,,,,,,
267533,2016-04-02,Barcelona,Real Madrid,La Liga,2015/2016,5aa9e17c-a4c1-4a27-a380-da99aa78f2e0,3037,2,00:28:12.998000,73,12,Ball Receipt*,Barcelona,Lionel Andrés Messi Cuccittini,Center Forward,136,Barcelona,85.1,35.0,,,,,,,,,,,,,,,,,,,,,,,,,,
267533,2016-04-02,Barcelona,Real Madrid,La Liga,2015/2016,65e75572-4cba-4b4d-9172-10f8e1005857,3038,2,00:28:12.998000,73,12,Carry,Barcelona,Lionel Andrés Messi Cuccittini,Center Forward,136,Barcelona,85.1,35.0,0.623569,,,,,,,,,,,85.1,35.0,,,,,,,,,,,,,
267533,2016-04-02,Barcelona,Real Madrid,La Liga,2015/2016,9d220d7d-cc19-4ee5-880b-8b859563c62e,3039,2,00:28:13.622000,73,13,Pass,Barcelona,Lionel Andrés Messi Cuccittini,Center Forward,136,Barcelona,85.1,35.0,0.770853,,,,Andrés Iniesta Luján,92.3,42.5,10.396634,0.8058035,Ground Pass,,,,,,,,,,,,,,,,
267533,2016-04-02,Barcelona,Real Madrid,La Liga,2015/2016,07da0ed2-9e8b-4fba-bc1f-626cd33721a6,3040,2,00:28:14.393000,73,14,Ball Receipt*,Barcelona,Andrés Iniesta Luján,Left Center Midfield,136,Barcelona,92.3,42.5,,,,,,,,,,,,,,,,,,,,,,,,,,
267533,2016-04-02,Barcelona,Real Madrid,La Liga,2015/2016,04a3f828-24f4-4c82-bda5-6a1a65319ccc,3041,2,00:28:14.393000,73,14,Carry,Barcelona,Andrés Iniesta Luján,Left Center Midfield,136,Barcelona,92.3,42.5,0.230183,,,,,,,,,,,93.0,41.8,,,,,,,,,,,,,
267533,2016-04-02,Barcelona,Real Madrid,La Liga,2015/2016,421ebfd8-30b3-4d3d-9f1d-67bdb5712944,3042,2,00:28:14.623000,73,14,Pass,Barcelona,Andrés Iniesta Luján,Left Center Midfield,136,Barcelona,93.0,41.8,0.645159,,,,Neymar da Silva Santos Junior,101.4,40.1,8.570297,-0.19968389,Ground Pass,,,,,,,,,,,,,,,,
267533,2016-04-02,Barcelona,Real Madrid,La Liga,2015/2016,fd68da0f-2c3e-4434-a2b2-de3fbe6c5cd3,3043,2,00:28:15.268000,73,15,Ball Receipt*,Barcelona,Neymar da Silva Santos Junior,Left Wing,136,Barcelona,101.4,40.1,,,,,,,,,,,,,,,,,,,,,,,,,,
267533,2016-04-02,Barcelona,Real Madrid,La Liga,2015/2016,ae9c71e6-dfe5-42f4-b1b9-c2ce2da04a94,3044,2,00:28:15.268000,73,15,Carry,Barcelona,Neymar da Silva Santos Junior,Left Wing,136,Barcelona,101.4,40.1,0.325645,,,,,,,,,,,101.2,40.2,,,,,,,,,,,,,
267533,2016-04-02,Barcelona,Real Madrid,La Liga,2015/2016,bcfd2d8d-7e2d-450f-8169-22e25b674049,3045,2,00:28:15.594000,73,15,Miscontrol,Barcelona,Neymar da Silva Santos Junior,Left Wing,136,Barcelona,101.2,40.2,0.0,,,,,,,,,,,,,,,,,,,,,,,,,
267533,2016-04-02,Barcelona,Real Madrid,La Liga,2015/2016,e4a839ff-330a-4f94-a02d-5727a600c7f8,3046,2,00:28:16.545000,73,16,Clearance,Real Madrid,Marcelo Vieira da Silva Júnior,Left Back,136,Barcelona,15.2,34.0,0.0,True,,True,,,,,,,,,,,,,,,,,,,,,,
267533,2016-04-02,Barcelona,Real Madrid,La Liga,2015/2016,e2ad42dd-15f8-4865-8120-4dba74d4d636,3047,2,00:28:55.473000,73,55,Substitution,Barcelona,Ivan Rakitić,Right Center Midfield,136,Barcelona,,,0.0,,,,,,,,,,,,,,,,,,,,,,,,Arda Turan,Tactical
267533,2016-04-02,Barcelona,Real Madrid,La Liga,2015/2016,d6bd5a5d-7887-4483-858f-9d03ffdbce07,3048,2,00:28:57.786000,73,57,Pass,Barcelona,Jordi Alba Ramos,Left Back,137,Barcelona,59.2,0.1,3.2616,,True,,Javier Alejandro Mascherano,59.2,10.9,10.8,1.5707964,Low Pass,,,,,,,,,,,,,,,,
267533,2016-04-02,Barcelona,Real Madrid,La Liga,2015/2016,a696f06e-f4bb-42ee-922a-03bd0cfa9b54,3049,2,00:29:01.047000,74,1,Ball Receipt*,Barcelona,Javier Alejandro Mascherano,Left Center Back,137,Barcelona,59.2,10.9,,,,,,,,,,,,,,,,,,,,,,,,,,
267533,2016-04-02,Barcelona,Real Madrid,La Liga,2015/2016,3f483cd3-2251-42c6-9dc0-2911a12d1cbc,3050,2,00:29:01.654000,74,1,Pass,Barcelona,Javier Alejandro Mascherano,Left Center Back,137,Barcelona,59.2,10.9,2.1171,,True,,Gerard Piqué Bernabéu,52.4,39.2,29.105497,1.8066086,Ground Pass,,,,,,,,,,,,,,,,
267533,2016-04-02,Barcelona,Real Madrid,La Liga,2015/2016,1ae5e89f-4b0c-40c0-a03e-f9715f48ad8e,3051,2,00:29:03.771000,74,3,Ball Receipt*,Barcelona,Gerard Piqué Bernabéu,Right Center Back,137,Barcelona,52.4,39.2,,,,,,,,,,,,,,,,,,,,,,,,,,
267533,2016-04-02,Barcelona,Real Madrid,La Liga,2015/2016,eac7be41-e0b4-42cb-abd6-cbfaca660cc4,3052,2,00:29:04.837000,74,4,Pass,Barcelona,Gerard Piqué Bernabéu,Right Center Back,137,Barcelona,55.8,43.0,1.0639,,,,Lionel Andrés Messi Cuccittini,77.5,56.0,25.296047,0.5397415,Ground Pass,,,,,,,,,,,,,,,,
267533,2016-04-02,Barcelona,Real Madrid,La Liga,2015/2016,1706cf22-28c3-4ee9-885c-f6d33f562541,3053,2,00:29:05.900000,74,5,Ball Receipt*,Barcelona,Lionel Andrés Messi Cuccittini,Center Forward,137,Barcelona,77.5,56.0,,,,,,,,,,,,,,,,,,,,,,,,,,
267533,2016-04-02,Barcelona,Real Madrid,La Liga,2015/2016,d33ae2ce-5bdc-4cf4-9d5a-89976c495d09,3054,2,00:29:05.900000,74,5,Carry,Barcelona,Lionel Andrés Messi Cuccittini,Center Forward,137,Barcelona,77.5,56.0,2.9886,True,,,,,,,,,,81.7,57.3,,,,,,,,,,,,,
267533,2016-04-02,Barcelona,Real Madrid,La Liga,2015/2016,69558d24-f727-4d1d-ac70-5ac26e2bf8ff,3055,2,00:29:07.934000,74,7,Pressure,Real Madrid,Toni Kroos,Left Center Midfield,137,Barcelona,43.9,23.8,0.954744,,,,,,,,,,,,,,,,,,,,,,,,,
267533,2016-04-02,Barcelona,Real Madrid,La Liga,2015/2016,d867cec1-29a5-45f7-b5f0-8b555a27262d,3056,2,00:29:08.889000,74,8,Dispossessed,Barcelona,Lionel Andrés Messi Cuccittini,Center Forward,137,Barcelona,81.7,57.3,0.0,True,,,,,,,,,,,,,,,,,,,,,,,,
267533,2016-04-02,Barcelona,Real Madrid,La Liga,2015/2016,be1c83d2-a8af-48cc-893e-07c15d084679,3057,2,00:29:08.889000,74,8,Duel,Real Madrid,Toni Kroos,Left Center Midfield,138,Real Madrid,38.4,22.8,0.0,True,,,,,,,,,,,,,,,,Tackle,Success In Play,,,,,,,
267533,2016-04-02,Barcelona,Real Madrid,La Liga,2015/2016,61f3d9e9-abca-48cb-86f6-031010e52aaa,3058,2,00:29:10.025000,74,10,Pass,Real Madrid,Sergio Ramos García,Left Center Back,138,Real Madrid,26.9,25.0,0.783826,,,,Marcelo Vieira da Silva Júnior,27.1,20.2,4.804165,-1.5291537,Ground Pass,,,,,,,,,,,,,,,,
267533,2016-04-02,Barcelona,Real Madrid,La Liga,2015/2016,d9cdbaea-b0ba-490b-9845-498965fb5f95,3059,2,00:29:10.809000,74,10,Ball Receipt*,Real Madrid,Marcelo Vieira da Silva Júnior,Left Back,138,Real Madrid,27.1,20.2,,,,,,,,,,,,,,,,,,,,,,,,,,
267533,2016-04-02,Barcelona,Real Madrid,La Liga,2015/2016,e09274b7-67f9-4e0b-b2ae-56b011a94ea2,3060,2,00:29:10.809000,74,10,Carry,Real Madrid,Marcelo Vieira da Silva Júnior,Left Back,138,Real Madrid,27.1,20.2,0.039974,,,,,,,,,,,27.1,20.2,,,,,,,,,,,,,
267533,2016-04-02,Barcelona,Real Madrid,La Liga,2015/2016,17f46c56-8676-468d-9482-8440d78d8dd2,3061,2,00:29:10.849000,74,10,Pass,Real Madrid,Marcelo Vieira da Silva Júnior,Left Back,138,Real Madrid,27.1,20.2,0.9673,,,,Toni Kroos,37.8,21.7,10.804628,0.13927926,Ground Pass,,,,,,,,,,,,,,,,
267533,2016-04-02,Barcelona,Real Madrid,La Liga,2015/2016,d8c285a6-6838-4ec4-ad03-71fac836a0e9,3062,2,00:29:11.817000,74,11,Ball Receipt*,Real Madrid,Toni Kroos,Left Center Midfield,138,Real Madrid,37.8,21.7,,,,,,,,,,,,,,,,,,,,,,,,,,
267533,2016-04-02,Barcelona,Real Madrid,La Liga,2015/2016,077667e8-52d7-4e69-a42a-5e41c4f83801,3063,2,00:29:11.817000,74,11,Carry,Real Madrid,Toni Kroos,Left Center Midfield,138,Real Madrid,37.8,21.7,0.4348,,,,,,,,,,,36.8,22.8,,,,,,,,,,,,,
267533,2016-04-02,Barcelona,Real Madrid,La Liga,2015/2016,44a04760-0ee0-48ba-8a64-4909afef9d71,3064,2,00:29:12.251000,74,12,Pass,Real Madrid,Toni Kroos,Left Center Midfield,138,Real Madrid,36.8,22.8,0.5429,,,,Carlos Henrique Casimiro,34.5,26.9,4.7010636,2.082027,Ground Pass,,,,,,,,,,,,,,,,
267533,2016-04-02,Barcelona,Real Madrid,La Liga,2015/2016,48a7d430-6d9e-4c6e-97e4-1c5e98aa7417,3065,2,00:29:12.794000,74,12,Ball Receipt*,Real Madrid,Carlos Henrique Casimiro,Center Defensive Midfield,138,Real Madrid,34.5,26.9,,,,,,,,,,,,,,,,,,,,,,,,,,
267533,2016-04-02,Barcelona,Real Madrid,La Liga,2015/2016,2dfb9522-7b4e-4e90-b8d3-2b300506540f,3066,2,00:29:12.794000,74,12,Pass,Real Madrid,Carlos Henrique Casimiro,Center Defensive Midfield,138,Real Madrid,34.5,26.9,0.9354,,,,Marcelo Vieira da Silva Júnior,31.9,13.2,13.944533,-1.7583469,Ground Pass,,,,,,,,,,,,,,,,
267533,2016-04-02,Barcelona,Real Madrid,La Liga,2015/2016,0e8ec098-3a2f-4d39-8ff8-efaf916657bd,3067,2,00:29:13.730000,74,13,Ball Receipt*,Real Madrid,Marcelo Vieira da Silva Júnior,Left Back,138,Real Madrid,31.9,13.2,,,,,,,,,,,,,,,,,,,,,,,,,,
267533,2016-04-02,Barcelona,Real Madrid,La Liga,2015/2016,775283cd-bfe1-4342-a4e3-5ded3248e90c,3068,2,00:29:13.730000,74,13,Carry,Real Madrid,Marcelo Vieira da Silva Júnior,Left Back,138,Real Madrid,31.9,13.2,1.3356,,,,,,,,,,,34.6,11.8,,,,,,,,,,,,,
267533,2016-04-02,Barcelona,Real Madrid,La Liga,2015/2016,5fa82615-a68a-4264-b5d1-a19e8de9f422,3069,2,00:29:15.065000,74,15,Pass,Real Madrid,Marcelo Vieira da Silva Júnior,Left Back,138,Real Madrid,34.6,11.8,1.5255,,,,Karim Benzema,58.1,13.0,23.530619,0.051019516,Ground Pass,,,,,,,,,,,,,,,,
267533,2016-04-02,Barcelona,Real Madrid,La Liga,2015/2016,62824133-6eb1-4340-9167-fdbecd0ba8d4,3070,2,00:29:15.911000,74,15,Pressure,Barcelona,Gerard Piqué Bernabéu,Right Center Back,138,Real Madrid,57.9,67.1,1.792862,,,,,,,,,,,,,,,,,,,,,,,,,
267533,2016-04-02,Barcelona,Real Madrid,La Liga,2015/2016,83a972ec-0ac3-42b9-a466-6b8ceb4ea8ef,3071,2,00:29:16.591000,74,16,Ball Receipt*,Real Madrid,Karim Benzema,Center Forward,138,Real Madrid,58.1,13.0,,True,,,,,,,,,,,,,,,,,,,,,,,,
267533,2016-04-02,Barcelona,Real Madrid,La Liga,2015/2016,bdf429f0-5537-49ef-9f6a-d27f48eea968,3072,2,00:29:16.591000,74,16,Carry,Real Madrid,Karim Benzema,Center Forward,138,Real Madrid,58.1,13.0,1.774,True,,,,,,,,,,56.4,3.3,,,,,,,,,,,,,
267533,2016-04-02,Barcelona,Real Madrid,La Liga,2015/2016,0eec1aab-1bc5-4ada-8818-f3d47234ead6,3073,2,00:29:18.365000,74,18,Pass,Real Madrid,Karim Benzema,Center Forward,138,Real Madrid,56.4,3.3,0.4991,,,,Marcelo Vieira da Silva Júnior,55.6,8.2,4.9648767,1.7326337,Ground Pass,Incomplete,,,,,,,,,,,,,,,
267533,2016-04-02,Barcelona,Real Madrid,La Liga,2015/2016,8625f81f-b8d2-4d5a-85e2-0ef3cc50ece9,3074,2,00:29:18.864000,74,18,Ball Receipt*,Real Madrid,Marcelo Vieira da Silva Júnior,Left Back,138,Real Madrid,54.0,9.4,,,,,,,,,,,,,,,,,,,,,,,,,,
267533,2016-04-02,Barcelona,Real Madrid,La Liga,2015/2016,8dbb03b8-2eb0-495b-9b2c-2b99392505b3,3075,2,00:29:18.864000,74,18,Foul Committed,Real Madrid,Marcelo Vieira da Silva Júnior,Left Back,138,Real Madrid,55.2,7.6,0.0,,,,,,,,,,,,,,,,,,,,,,,,,
267533,2016-04-02,Barcelona,Real Madrid,La Liga,2015/2016,76601f58-8bcf-4152-a931-9ab93b5ed0f3,3076,2,00:29:18.864000,74,18,Foul Won,Barcelona,Daniel Alves da Silva,Right Back,138,Real Madrid,64.9,72.5,0.0,True,,,,,,,,,,,,,,,,,,,,True,True,,,
267533,2016-04-02,Barcelona,Real Madrid,La Liga,2015/2016,ef332c2d-fa8e-4329-a638-cd4c9c0dedc1,3077,2,00:29:18.864000,74,18,Carry,Barcelona,Daniel Alves da Silva,Right Back,138,Real Madrid,64.9,72.5,0.0071,True,,,,,,,,,,64.8,74.4,,,,,,,,,,,,,
267533,2016-04-02,Barcelona,Real Madrid,La Liga,2015/2016,a3b81366-addd-488d-b79e-29999d7a159d,3078,2,00:29:18.871000,74,18,Pass,Barcelona,Daniel Alves da Silva,Right Back,139,Barcelona,64.8,74.4,0.525352,,,,Arda Turan,65.8,77.8,3.544009,1.2847449,Ground Pass,,,,,,,,,,,,,,,,
267533,2016-04-02,Barcelona,Real Madrid,La Liga,2015/2016,5899e100-c3df-4687-a549-73cb105ebfeb,3079,2,00:29:19.396000,74,19,Ball Receipt*,Barcelona,Arda Turan,Right Center Midfield,139,Barcelona,65.8,77.8,,,,,,,,,,,,,,,,,,,,,,,,,,
267533,2016-04-02,Barcelona,Real Madrid,La Liga,2015/2016,4506fb25-4128-4500-ac19-5286cdfb9847,3080,2,00:29:19.396000,74,19,Carry,Barcelona,Arda Turan,Right Center Midfield,139,Barcelona,65.8,77.8,1.159099,True,,,,,,,,,,70.3,77.4,,,,,,,,,,,,,
267533,2016-04-02,Barcelona,Real Madrid,La Liga,2015/2016,6a8762ac-9eeb-4c5d-b475-088b411872c9,3081,2,00:29:20.058000,74,20,Pressure,Real Madrid,Marcelo Vieira da Silva Júnior,Left Back,139,Barcelona,51.4,6.2,0.481825,,,,,,,,,,,,,,,,,,,,,,,,,
267533,2016-04-02,Barcelona,Real Madrid,La Liga,2015/2016,0d7e8e38-51ce-4a4c-9405-419aa6e1e87d,3082,2,00:29:20.555000,74,20,Pass,Barcelona,Arda Turan,Right Center Midfield,139,Barcelona,70.3,77.4,0.969947,,,,Daniel Alves da Silva,76.9,77.7,6.606815,0.04542328,Ground Pass,,,,,,,,,,,,,,,,
267533,2016-04-02,Barcelona,Real Madrid,La Liga,2015/2016,5b42581d-975c-4539-9fad-bcd609a56bd8,3083,2,00:29:21.525000,74,21,Ball Receipt*,Barcelona,Daniel Alves da Silva,Right Back,139,Barcelona,76.9,77.7,,,,,,,,,,,,,,,,,,,,,,,,,,
267533,2016-04-02,Barcelona,Real Madrid,La Liga,2015/2016,e7f01811-d01a-4241-b0fd-200cc8032ab9,3084,2,00:29:21.525000,74,21,Carry,Barcelona,Daniel Alves da Silva,Right Back,139,Barcelona,76.9,77.7,6.018502,True,,,,,,,,,,104.9,75.9,,,,,,,,,,,,,
267533,2016-04-02,Barcelona,Real Madrid,La Liga,2015/2016,54e07d3a-bbff-47b3-a5f4-7d2c317e1876,3085,2,00:29:21.813000,74,21,Pressure,Real Madrid,Marcelo Vieira da Silva Júnior,Left Back,139,Barcelona,43.0,3.3,1.284057,,,,,,,,,,,,,,,,,,,,,,,,,
267533,2016-04-02,Barcelona,Real Madrid,La Liga,2015/2016,f434cb8b-b72d-4f81-97fd-9ce9c9fb51bd,3086,2,00:29:26.772000,74,26,Pressure,Real Madrid,Carlos Henrique Casimiro,Center Defensive Midfield,139,Barcelona,15.2,7.6,0.749182,,,,,,,,,,,,,,,,,,,,,,,,,
267533,2016-04-02,Barcelona,Real Madrid,La Liga,2015/2016,432a563e-00c4-4330-a46d-535da83c4ab4,3087,2,00:29:27.544000,74,27,Dispossessed,Barcelona,Daniel Alves da Silva,Right Back,139,Barcelona,104.9,75.9,0.0,True,,,,,,,,,,,,,,,,,,,,,,,,
267533,2016-04-02,Barcelona,Real Madrid,La Liga,2015/2016,ae7450dd-ba05-497c-9ae5-fbaae641b1f5,3088,2,00:29:27.544000,74,27,Duel,Real Madrid,Carlos Henrique Casimiro,Center Defensive Midfield,140,Real Madrid,15.2,4.2,0.0,True,,,,,,,,,,,,,,,,Tackle,Success In Play,,,,,,,
267533,2016-04-02,Barcelona,Real Madrid,La Liga,2015/2016,240c55e1-614e-448c-af71-adfb8d4a95f3,3089,2,00:29:29.596000,74,29,Pass,Real Madrid,Karim Benzema,Center Forward,140,Real Madrid,36.3,2.7,0.6499,,,,Toni Kroos,33.6,8.0,5.948109,2.0419626,Ground Pass,,,,,,,,,,,,,,,,
267533,2016-04-02,Barcelona,Real Madrid,La Liga,2015/2016,45689b20-28e2-48a9-b96c-1cc59b500b07,3090,2,00:29:30.246000,74,30,Ball Receipt*,Real Madrid,Toni Kroos,Left Center Midfield,140,Real Madrid,33.6,8.0,,,,,,,,,,,,,,,,,,,,,,,,,,
267533,2016-04-02,Barcelona,Real Madrid,La Liga,2015/2016,89820636-7016-45fd-a9dd-58d82f35bc91,3091,2,00:29:30.246000,74,30,Pass,Real Madrid,Toni Kroos,Left Center Midfield,140,Real Madrid,33.6,8.0,1.064704,,,,Karim Benzema,37.0,3.1,5.964059,-0.9641912,Ground Pass,,,,,,,,,,,,,,,,
267533,2016-04-02,Barcelona,Real Madrid,La Liga,2015/2016,3082b8ef-15e1-4b46-abaf-c8744951602d,3092,2,00:29:31.142000,74,31,Pressure,Barcelona,Sergio Busquets i Burgos,Center Defensive Midfield,140,Real Madrid,79.5,75.3,0.873263,,,,,,,,,,,,,,,,,,,,,,,,,
267533,2016-04-02,Barcelona,Real Madrid,La Liga,2015/2016,ff16f3e4-9598-4d2a-b1c2-1fd0507b186b,3093,2,00:29:31.311000,74,31,Ball Receipt*,Real Madrid,Karim Benzema,Center Forward,140,Real Madrid,37.0,3.1,,True,,,,,,,,,,,,,,,,,,,,,,,,
267533,2016-04-02,Barcelona,Real Madrid,La Liga,2015/2016,c6e8ebe4-59e4-4b23-a5fd-d24f8fa7f54d,3094,2,00:29:31.311000,74,31,Carry,Real Madrid,Karim Benzema,Center Forward,140,Real Madrid,37.0,3.1,2.179496,True,,,,,,,,,,34.7,5.8,,,,,,,,,,,,,
267533,2016-04-02,Barcelona,Real Madrid,La Liga,2015/2016,e830c7fd-0d9e-442b-b55d-b7966ec3e73c,3095,2,00:29:33.490000,74,33,Pass,Real Madrid,Karim Benzema,Center Forward,140,Real Madrid,34.7,5.8,2.117395,,,,Daniel Carvajal Ramos,29.5,53.8,48.280846,1.6787088,High Pass,Incomplete,,,,,,,,,,,,,,,
267533,2016-04-02,Barcelona,Real Madrid,La Liga,2015/2016,dc2ab34b-0fd0-4ac9-a630-5afd0d0f6087,3096,2,00:29:35.607000,74,35,Ball Receipt*,Real Madrid,Daniel Carvajal Ramos,Right Back,140,Real Madrid,31.5,55.5,,,,,,,,,,,,,,,,,,,,,,,,,,
267533,2016-04-02,Barcelona,Real Madrid,La Liga,2015/2016,5c3343dc-49d8-4419-9881-d36bf1022bed,3097,2,00:29:35.607000,74,35,Pass,Barcelona,Neymar da Silva Santos Junior,Left Wing,140,Real Madrid,90.6,26.3,1.558585,,,,Luis Alberto Suárez Díaz,98.3,32.0,9.580188,0.63723814,Low Pass,,,,,,,,,,,,,,,,
267533,2016-04-02,Barcelona,Real Madrid,La Liga,2015/2016,2b5e52b4-e5cd-4ae0-aa48-9963468d0c49,3098,2,00:29:36.845000,74,36,Pressure,Real Madrid,Kléper Laveran Lima Ferreira,Right Center Back,140,Real Madrid,22.2,45.2,0.830265,,,,,,,,,,,,,,,,,,,,,,,,,
267533,2016-04-02,Barcelona,Real Madrid,La Liga,2015/2016,92247665-e984-42dc-90c4-510cf0db809f,3099,2,00:29:37.166000,74,37,Ball Receipt*,Barcelona,Luis Alberto Suárez Díaz,Right Wing,140,Real Madrid,98.3,32.0,,True,,,,,,,,,,,,,,,,,,,,,,,,
267533,2016-04-02,Barcelona,Real Madrid,La Liga,2015/2016,0e467a40-24e6-48f3-91bb-44b0c4a49b9e,3100,2,00:29:37.166000,74,37,Carry,Barcelona,Luis Alberto Suárez Díaz,Right Wing,140,Real Madrid,98.3,32.0,0.57562,True,,,,,,,,,,102.7,32.2,,,,,,,,,,,,,
267533,2016-04-02,Barcelona,Real Madrid,La Liga,2015/2016,f9aeecbb-cd1b-480b-a8ec-e9818300d2ff,3101,2,00:29:37.742000,74,37,Miscontrol,Barcelona,Luis Alberto Suárez Díaz,Right Wing,140,Real Madrid,102.7,32.2,0.0,,,True,,,,,,,,,,,,,,,,,,,,,,
267533,2016-04-02,Barcelona,Real Madrid,La Liga,2015/2016,02b60090-92de-47bc-b9f1-3cb3359760a7,3102,2,00:29:56.870000,74,56,Pass,Real Madrid,Keylor Navas Gamboa,Goalkeeper,141,Real Madrid,6.0,44.0,2.081368,,True,,Karim Benzema,57.7,34.7,52.5298,-0.17798053,High Pass,,,,,,,,,,,,,,,,
267533,2016-04-02,Barcelona,Real Madrid,La Liga,2015/2016,f65b1dfe-3d86-4898-b812-312d36f25653,3103,2,00:29:58.952000,74,58,Ball Receipt*,Real Madrid,Karim Benzema,Center Forward,141,Real Madrid,57.7,34.7,,,,,,,,,,,,,,,,,,,,,,,,,,
267533,2016-04-02,Barcelona,Real Madrid,La Liga,2015/2016,e4d9a5a2-829c-41c4-87a5-305bd2a5e8c3,3104,2,00:29:59.087000,74,59,Miscontrol,Real Madrid,Karim Benzema,Center Forward,141,Real Madrid,57.7,34.7,0.0,,,,,,,,,,,,,,,,,,,,,,,,,
267533,2016-04-02,Barcelona,Real Madrid,La Liga,2015/2016,634dfba7-efe8-420c-a93c-bed05bef6f41,3105,2,00:29:59.585000,74,59,Pressure,Real Madrid,Karim Benzema,Center Forward,141,Real Madrid,57.7,35.4,0.803226,,,,,,,,,,,,,,,,,,,,,,,,,
267533,2016-04-02,Barcelona,Real Madrid,La Liga,2015/2016,fee24661-7ad1-4477-9ed7-1295ed53622c,3106,2,00:30:00.183000,75,0,Pass,Barcelona,Andrés Iniesta Luján,Left Center Midfield,142,Barcelona,64.9,45.6,0.805898,True,,,Sergio Busquets i Burgos,70.7,51.8,8.489994,0.81871915,Ground Pass,,,,,,,,,,,,,,,,
267533,2016-04-02,Barcelona,Real Madrid,La Liga,2015/2016,e8882d3e-eb93-4684-9d5d-7a742377d286,3107,2,00:30:00.989000,75,0,Ball Receipt*,Barcelona,Sergio Busquets i Burgos,Center Defensive Midfield,142,Barcelona,70.7,51.8,,,,,,,,,,,,,,,,,,,,,,,,,,
267533,2016-04-02,Barcelona,Real Madrid,La Liga,2015/2016,a601d77c-b628-44cb-b531-8c1c4cc76d9e,3108,2,00:30:00.989000,75,0,Carry,Barcelona,Sergio Busquets i Burgos,Center Defensive Midfield,142,Barcelona,70.7,51.8,0.004452001,,,,,,,,,,,70.7,51.8,,,,,,,,,,,,,
267533,2016-04-02,Barcelona,Real Madrid,La Liga,2015/2016,e064bb3e-21d1-419b-8f9b-fd07ebdd480d,3109,2,00:30:00.993000,75,0,Pass,Barcelona,Sergio Busquets i Burgos,Center Defensive Midfield,142,Barcelona,70.7,51.8,1.0585,,,,Daniel Alves da Silva,59.7,49.1,11.326517,-2.9008965,Ground Pass,,,,,,,,,,,,,,,,
267533,2016-04-02,Barcelona,Real Madrid,La Liga,2015/2016,2a7c7a5e-e89c-40ea-8ce2-f7df17f176f4,3110,2,00:30:02.052000,75,2,Ball Receipt*,Barcelona,Daniel Alves da Silva,Right Back,142,Barcelona,59.7,49.1,,,,,,,,,,,,,,,,,,,,,,,,,,
267533,2016-04-02,Barcelona,Real Madrid,La Liga,2015/2016,be1ecdb0-fc85-4304-85e0-c95bfd914b56,3111,2,00:30:02.052000,75,2,Carry,Barcelona,Daniel Alves da Silva,Right Back,142,Barcelona,59.7,49.1,0.0551,,,,,,,,,,,59.7,49.1,,,,,,,,,,,,,
267533,2016-04-02,Barcelona,Real Madrid,La Liga,2015/2016,efc64024-6838-4595-be1d-10ca8b77fa6c,3112,2,00:30:02.107000,75,2,Pass,Barcelona,Daniel Alves da Silva,Right Back,142,Barcelona,59.7,49.1,0.9492,,,,Andrés Iniesta Luján,65.9,55.6,8.982761,0.8090158,Ground Pass,,,,,,,,,,,,,,,,
267533,2016-04-02,Barcelona,Real Madrid,La Liga,2015/2016,43a74944-02a1-4b1e-9651-ffd2bc404351,3113,2,00:30:03.056000,75,3,Ball Receipt*,Barcelona,Andrés Iniesta Luján,Left Center Midfield,142,Barcelona,65.9,55.6,,,,,,,,,,,,,,,,,,,,,,,,,,
267533,2016-04-02,Barcelona,Real Madrid,La Liga,2015/2016,503cfed4-2966-43ac-a368-5dd891975f25,3114,2,00:30:03.056000,75,3,Carry,Barcelona,Andrés Iniesta Luján,Left Center Midfield,142,Barcelona,65.9,55.6,1.12,,,,,,,,,,,64.4,61.9,,,,,,,,,,,,,
267533,2016-04-02,Barcelona,Real Madrid,La Liga,2015/2016,ff507a22-a538-4ffd-845d-d1dc7eb9f86d,3115,2,00:30:04.176000,75,4,Pass,Barcelona,Andrés Iniesta Luján,Left Center Midfield,142,Barcelona,64.4,61.9,1.32659,,,,Arda Turan,64.0,74.3,12.40645,1.6030432,Ground Pass,,,,,,,,,,,,,,,,
267533,2016-04-02,Barcelona,Real Madrid,La Liga,2015/2016,55556dc3-9123-4ed2-9ee9-45df3eacbee5,3116,2,00:30:05.502000,75,5,Ball Receipt*,Barcelona,Arda Turan,Right Center Midfield,142,Barcelona,64.0,74.3,,,,,,,,,,,,,,,,,,,,,,,,,,
267533,2016-04-02,Barcelona,Real Madrid,La Liga,2015/2016,043d4931-e717-4ea7-87a6-fde35ffda560,3117,2,00:30:05.502000,75,5,Carry,Barcelona,Arda Turan,Right Center Midfield,142,Barcelona,64.0,74.3,3.30141,,,,,,,,,,,75.9,75.3,,,,,,,,,,,,,
267533,2016-04-02,Barcelona,Real Madrid,La Liga,2015/2016,e63daf9d-5fee-46dc-8dcc-d3c4295b43c8,3118,2,00:30:08.804000,75,8,Pass,Barcelona,Arda Turan,Right Center Midfield,142,Barcelona,75.9,75.3,1.012363,,,,Andrés Iniesta Luján,68.7,71.2,8.285529,-2.6239436,Ground Pass,,,,,,,,,,,,,,,,
267533,2016-04-02,Barcelona,Real Madrid,La Liga,2015/2016,6f4498ad-cd51-4a68-9763-14854a85c563,3119,2,00:30:09.816000,75,9,Ball Receipt*,Barcelona,Andrés Iniesta Luján,Left Center Midfield,142,Barcelona,68.7,71.2,,,,,,,,,,,,,,,,,,,,,,,,,,
267533,2016-04-02,Barcelona,Real Madrid,La Liga,2015/2016,7c7960ab-16ed-4ffe-9386-c68d6a8c1a90,3120,2,00:30:09.816000,75,9,Carry,Barcelona,Andrés Iniesta Luján,Left Center Midfield,142,Barcelona,68.7,71.2,0.751537,,,,,,,,,,,68.9,68.8,,,,,,,,,,,,,
267533,2016-04-02,Barcelona,Real Madrid,La Liga,2015/2016,98052484-bf09-4684-be7b-c6ca67802e82,3121,2,00:30:10.568000,75,10,Pass,Barcelona,Andrés Iniesta Luján,Left Center Midfield,142,Barcelona,68.9,68.8,0.756328,,,,Lionel Andrés Messi Cuccittini,75.9,62.6,9.350936,-0.72486615,Ground Pass,,,,,,,,,,,,,,,,
267533,2016-04-02,Barcelona,Real Madrid,La Liga,2015/2016,839c03b1-2b0a-4508-916b-95c0637862e7,3122,2,00:30:11.324000,75,11,Ball Receipt*,Barcelona,Lionel Andrés Messi Cuccittini,Center Forward,142,Barcelona,75.9,62.6,,,,,,,,,,,,,,,,,,,,,,,,,,
267533,2016-04-02,Barcelona,Real Madrid,La Liga,2015/2016,1d09c934-49e4-4f94-a422-a62b16aadcc5,3123,2,00:30:11.324000,75,11,Carry,Barcelona,Lionel Andrés Messi Cuccittini,Center Forward,142,Barcelona,75.9,62.6,0.430889,,,,,,,,,,,76.9,62.3,,,,,,,,,,,,,
267533,2016-04-02,Barcelona,Real Madrid,La Liga,2015/2016,5af423d2-342f-415d-ab71-b16e71fb75c2,3124,2,00:30:11.755000,75,11,Pass,Barcelona,Lionel Andrés Messi Cuccittini,Center Forward,142,Barcelona,76.9,62.3,0.877553,,,,Andrés Iniesta Luján,70.6,68.8,9.052072,2.3405707,Ground Pass,,,,,,,,,,,,,,,,
267533,2016-04-02,Barcelona,Real Madrid,La Liga,2015/2016,7df0357d-91aa-4914-bb13-8646439b0191,3125,2,00:30:12.633000,75,12,Ball Receipt*,Barcelona,Andrés Iniesta Luján,Left Center Midfield,142,Barcelona,70.6,68.8,,,,,,,,,,,,,,,,,,,,,,,,,,
267533,2016-04-02,Barcelona,Real Madrid,La Liga,2015/2016,25811ce7-a142-4dd0-8a4b-474c45f5a9bb,3126,2,00:30:12.633000,75,12,Carry,Barcelona,Andrés Iniesta Luján,Left Center Midfield,142,Barcelona,70.6,68.8,0.57043,,,,,,,,,,,70.9,67.3,,,,,,,,,,,,,
267533,2016-04-02,Barcelona,Real Madrid,La Liga,2015/2016,a51dbe21-e4b1-41db-8a38-55f02ef7a42c,3127,2,00:30:13.203000,75,13,Pass,Barcelona,Andrés Iniesta Luján,Left Center Midfield,142,Barcelona,70.9,67.3,0.7014,,,,Lionel Andrés Messi Cuccittini,72.7,57.7,9.767292,-1.3854483,Ground Pass,,,,,,,,,,,,,,,,
267533,2016-04-02,Barcelona,Real Madrid,La Liga,2015/2016,a64add9e-868b-4fa4-832e-55f046eb1c62,3128,2,00:30:13.904000,75,13,Ball Receipt*,Barcelona,Lionel Andrés Messi Cuccittini,Center Forward,142,Barcelona,72.7,57.7,,,,,,,,,,,,,,,,,,,,,,,,,,
267533,2016-04-02,Barcelona,Real Madrid,La Liga,2015/2016,b3456a23-d991-4ca8-9b14-55dcf7444c0a,3129,2,00:30:13.904000,75,13,Carry,Barcelona,Lionel Andrés Messi Cuccittini,Center Forward,142,Barcelona,72.7,57.7,1.6434,,,,,,,,,,,73.0,55.6,,,,,,,,,,,,,
267533,2016-04-02,Barcelona,Real Madrid,La Liga,2015/2016,78da301d-a045-43f5-be33-d4f896a8410e,3130,2,00:30:15.548000,75,15,Pass,Barcelona,Lionel Andrés Messi Cuccittini,Center Forward,142,Barcelona,73.0,55.6,0.892124,,,,Sergio Busquets i Burgos,66.8,50.5,8.028076,-2.453234,Ground Pass,,,,,,,,,,,,,,,,
267533,2016-04-02,Barcelona,Real Madrid,La Liga,2015/2016,4da41ace-725c-42f1-9f7c-98a601552f05,3131,2,00:30:16.440000,75,16,Ball Receipt*,Barcelona,Sergio Busquets i Burgos,Center Defensive Midfield,142,Barcelona,66.8,50.5,,,,,,,,,,,,,,,,,,,,,,,,,,
267533,2016-04-02,Barcelona,Real Madrid,La Liga,2015/2016,b97827a6-7181-4823-a16f-18bcde80f8be,3132,2,00:30:16.440000,75,16,Carry,Barcelona,Sergio Busquets i Burgos,Center Defensive Midfield,142,Barcelona,66.8,50.5,0.190676,,,,,,,,,,,66.9,52.3,,,,,,,,,,,,,
267533,2016-04-02,Barcelona,Real Madrid,La Liga,2015/2016,f0e35f20-5c3d-4a49-9c79-70c05a8874bf,3133,2,00:30:16.631000,75,16,Pass,Barcelona,Sergio Busquets i Burgos,Center Defensive Midfield,142,Barcelona,66.9,52.3,0.758719,,,,Andrés Iniesta Luján,74.7,62.3,12.682271,0.90837,Ground Pass,,,,,,,,,,,,,,,,
267533,2016-04-02,Barcelona,Real Madrid,La Liga,2015/2016,ba6330c6-eb83-48c7-9b9b-b7e155ef30c2,3134,2,00:30:17.389000,75,17,Ball Receipt*,Barcelona,Andrés Iniesta Luján,Left Center Midfield,142,Barcelona,74.7,62.3,,,,,,,,,,,,,,,,,,,,,,,,,,
267533,2016-04-02,Barcelona,Real Madrid,La Liga,2015/2016,c5e3e62a-c0f0-4604-889b-61af43e82ca7,3135,2,00:30:17.389000,75,17,Carry,Barcelona,Andrés Iniesta Luján,Left Center Midfield,142,Barcelona,74.7,62.3,2.0689,,,,,,,,,,,76.9,65.0,,,,,,,,,,,,,
267533,2016-04-02,Barcelona,Real Madrid,La Liga,2015/2016,fc4f5493-f410-41a5-8c69-d27dc4511b68,3136,2,00:30:19.458000,75,19,Pass,Barcelona,Andrés Iniesta Luján,Left Center Midfield,142,Barcelona,76.9,65.0,1.102574,,,,Arda Turan,86.8,77.7,16.102795,0.9086638,Ground Pass,,,,,,,,,,,,,,,,
267533,2016-04-02,Barcelona,Real Madrid,La Liga,2015/2016,41ae729e-68ab-40ef-81ad-3b57e916a073,3137,2,00:30:20.561000,75,20,Ball Receipt*,Barcelona,Arda Turan,Right Center Midfield,142,Barcelona,86.8,77.7,,,,,,,,,,,,,,,,,,,,,,,,,,
267533,2016-04-02,Barcelona,Real Madrid,La Liga,2015/2016,a3bfa235-d9de-4351-a6bf-b96ea81abb54,3138,2,00:30:20.561000,75,20,Carry,Barcelona,Arda Turan,Right Center Midfield,142,Barcelona,86.8,77.7,4.281472,,,,,,,,,,,86.8,68.3,,,,,,,,,,,,,
267533,2016-04-02,Barcelona,Real Madrid,La Liga,2015/2016,ca017315-49e0-4c3f-a390-0ae143ed989b,3139,2,00:30:24.842000,75,24,Pass,Barcelona,Arda Turan,Right Center Midfield,142,Barcelona,86.8,68.3,1.011335,,,,Andrés Iniesta Luján,81.9,59.5,10.072239,-2.078859,Ground Pass,,,,,,,,,,,,,,,,
267533,2016-04-02,Barcelona,Real Madrid,La Liga,2015/2016,78ecce83-967a-43f6-90fa-027faf713241,3140,2,00:30:25.854000,75,25,Ball Receipt*,Barcelona,Andrés Iniesta Luján,Left Center Midfield,142,Barcelona,81.9,59.5,,,,,,,,,,,,,,,,,,,,,,,,,,
267533,2016-04-02,Barcelona,Real Madrid,La Liga,2015/2016,b548582d-ab0b-4340-ab22-0de65b8a6dc2,3141,2,00:30:25.854000,75,25,Carry,Barcelona,Andrés Iniesta Luján,Left Center Midfield,142,Barcelona,81.9,59.5,0.08,,,,,,,,,,,81.9,59.5,,,,,,,,,,,,,
267533,2016-04-02,Barcelona,Real Madrid,La Liga,2015/2016,39371917-7157-415c-b813-0362d3a68414,3142,2,00:30:25.934000,75,25,Pass,Barcelona,Andrés Iniesta Luján,Left Center Midfield,142,Barcelona,81.9,59.5,0.899055,,,,Daniel Alves da Silva,77.6,73.6,14.741099,1.8668015,Ground Pass,,,,,,,,,,,,,,,,
267533,2016-04-02,Barcelona,Real Madrid,La Liga,2015/2016,7f18e8df-507a-4f93-a195-dd6ed574059b,3143,2,00:30:26.833000,75,26,Ball Receipt*,Barcelona,Daniel Alves da Silva,Right Back,142,Barcelona,77.6,73.6,,,,,,,,,,,,,,,,,,,,,,,,,,
267533,2016-04-02,Barcelona,Real Madrid,La Liga,2015/2016,eba8b13f-2fef-4d17-a53d-9e60117097e7,3144,2,00:30:26.833000,75,26,Carry,Barcelona,Daniel Alves da Silva,Right Back,142,Barcelona,77.6,73.6,1.046993,,,,,,,,,,,77.6,73.6,,,,,,,,,,,,,
267533,2016-04-02,Barcelona,Real Madrid,La Liga,2015/2016,13a54480-acc5-4d18-9a55-d7cf4259cefd,3145,2,00:30:27.880000,75,27,Pass,Barcelona,Daniel Alves da Silva,Right Back,142,Barcelona,77.6,73.6,0.834852,,,,Andrés Iniesta Luján,79.6,60.1,13.647344,-1.423718,Ground Pass,,,,,,,,,,,,,,,,
267533,2016-04-02,Barcelona,Real Madrid,La Liga,2015/2016,077da175-fd86-408a-9db5-aa4b92d75f44,3146,2,00:30:28.715000,75,28,Ball Receipt*,Barcelona,Andrés Iniesta Luján,Left Center Midfield,142,Barcelona,79.6,60.1,,,,,,,,,,,,,,,,,,,,,,,,,,
267533,2016-04-02,Barcelona,Real Madrid,La Liga,2015/2016,aa157391-9fe8-4dad-a1ad-cfb744d648b3,3147,2,00:30:28.715000,75,28,Carry,Barcelona,Andrés Iniesta Luján,Left Center Midfield,142,Barcelona,79.6,60.1,0.040000003,,,,,,,,,,,79.6,60.1,,,,,,,,,,,,,
267533,2016-04-02,Barcelona,Real Madrid,La Liga,2015/2016,a54a301c-1f64-4bed-859a-39277203ab2e,3148,2,00:30:28.755000,75,28,Pass,Barcelona,Andrés Iniesta Luján,Left Center Midfield,142,Barcelona,79.6,60.1,1.952144,,,,Gerard Piqué Bernabéu,60.2,62.5,19.54789,3.0185068,Ground Pass,,,,,,,,,,,,,,,,
267533,2016-04-02,Barcelona,Real Madrid,La Liga,2015/2016,34d096bf-4bc4-421f-ac57-f32496c67bfb,3149,2,00:30:30.707000,75,30,Ball Receipt*,Barcelona,Gerard Piqué Bernabéu,Right Center Back,142,Barcelona,60.2,62.5,,,,,,,,,,,,,,,,,,,,,,,,,,
267533,2016-04-02,Barcelona,Real Madrid,La Liga,2015/2016,c4462988-010b-4d7b-91f8-7b4c8c6a6bac,3150,2,00:30:30.707000,75,30,Carry,Barcelona,Gerard Piqué Bernabéu,Right Center Back,142,Barcelona,60.2,62.5,5.737938,,,,,,,,,,,49.2,56.1,,,,,,,,,,,,,
267533,2016-04-02,Barcelona,Real Madrid,La Liga,2015/2016,c1def399-150d-4bd2-8347-aeb71be7c11a,3151,2,00:30:36.445000,75,36,Pass,Barcelona,Gerard Piqué Bernabéu,Right Center Back,142,Barcelona,49.2,56.1,2.582918,,,,Claudio Andrés Bravo Muñoz,27.9,47.1,23.123365,-2.7418115,Ground Pass,,,,,,,,,,,,,,,,
267533,2016-04-02,Barcelona,Real Madrid,La Liga,2015/2016,aa7536ee-c4f5-4ad6-994c-fe91dd2edc33,3152,2,00:30:39.028000,75,39,Ball Receipt*,Barcelona,Claudio Andrés Bravo Muñoz,Goalkeeper,142,Barcelona,27.9,47.1,,,,,,,,,,,,,,,,,,,,,,,,,,
267533,2016-04-02,Barcelona,Real Madrid,La Liga,2015/2016,0c1d2b6f-a697-4ac0-9d44-7de6bec068c4,3153,2,00:30:39.028000,75,39,Carry,Barcelona,Claudio Andrés Bravo Muñoz,Goalkeeper,142,Barcelona,27.9,47.1,0.08,,,,,,,,,,,28.3,49.0,,,,,,,,,,,,,
267533,2016-04-02,Barcelona,Real Madrid,La Liga,2015/2016,046d41dd-cc02-4068-aa4a-6247b122e4cb,3154,2,00:30:39.108000,75,39,Pass,Barcelona,Claudio Andrés Bravo Muñoz,Goalkeeper,142,Barcelona,28.3,49.0,2.22359,,,,Gerard Piqué Bernabéu,35.1,60.1,13.017296,1.0211544,Ground Pass,,,,,,,,,,,,,,,,
267533,2016-04-02,Barcelona,Real Madrid,La Liga,2015/2016,522197cc-7ca9-42be-8332-8c20526e8021,3155,2,00:30:39.535000,75,39,Pressure,Real Madrid,Cristiano Ronaldo dos Santos Aveiro,Left Wing,142,Barcelona,88.8,32.0,1.958949,,,,,,,,,,,,,,,,,,,,,,,,,
267533,2016-04-02,Barcelona,Real Madrid,La Liga,2015/2016,81887f9a-2cb1-43a7-9192-b4ce2f4c735e,3156,2,00:30:41.331000,75,41,Ball Receipt*,Barcelona,Gerard Piqué Bernabéu,Right Center Back,142,Barcelona,35.1,60.1,,True,,,,,,,,,,,,,,,,,,,,,,,,
267533,2016-04-02,Barcelona,Real Madrid,La Liga,2015/2016,094347b5-ff1b-4f68-989b-0b67924ab7ea,3157,2,00:30:41.331000,75,41,Carry,Barcelona,Gerard Piqué Bernabéu,Right Center Back,142,Barcelona,35.1,60.1,0.190036,True,,,,,,,,,,34.9,58.5,,,,,,,,,,,,,
267533,2016-04-02,Barcelona,Real Madrid,La Liga,2015/2016,ece6ad8c-9ce2-44c0-bfd3-2c564d1ea1b5,3158,2,00:30:41.521000,75,41,Pass,Barcelona,Gerard Piqué Bernabéu,Right Center Back,142,Barcelona,34.9,58.5,3.050774,,,,Arda Turan,70.1,79.7,41.091118,0.5420889,High Pass,Out,,,,,,,,,,,,,,,
267533,2016-04-02,Barcelona,Real Madrid,La Liga,2015/2016,91265216-5b4e-4c00-8bcb-4bd173f8828a,3159,2,00:30:44.572000,75,44,Ball Receipt*,Barcelona,Arda Turan,Right Center Midfield,142,Barcelona,71.3,75.9,,,,,,,,,,,,,,,,,,,,,,,,,,
267533,2016-04-02,Barcelona,Real Madrid,La Liga,2015/2016,9b2aafac-c467-4f53-bbc8-37f1647052a9,3160,2,00:30:52.747000,75,52,Pass,Real Madrid,Marcelo Vieira da Silva Júnior,Left Back,143,Real Madrid,50.5,0.1,1.899056,,,,Sergio Ramos García,34.6,6.5,17.139719,2.7589195,Low Pass,,,,,,,,,,,,,,,,
267533,2016-04-02,Barcelona,Real Madrid,La Liga,2015/2016,0fb80baa-a91d-4565-8d16-b525e6f8ac78,3161,2,00:30:54.646000,75,54,Ball Receipt*,Real Madrid,Sergio Ramos García,Left Center Back,143,Real Madrid,34.6,6.5,,,,,,,,,,,,,,,,,,,,,,,,,,
267533,2016-04-02,Barcelona,Real Madrid,La Liga,2015/2016,72f276a2-371f-4ea9-a113-e086b0646ffe,3162,2,00:30:54.646000,75,54,Carry,Real Madrid,Sergio Ramos García,Left Center Back,143,Real Madrid,34.6,6.5,1.285176,,,,,,,,,,,33.3,5.8,,,,,,,,,,,,,
267533,2016-04-02,Barcelona,Real Madrid,La Liga,2015/2016,babd25f1-45b3-467d-a2e2-0d991c20a2cc,3163,2,00:30:55.931000,75,55,Pass,Real Madrid,Sergio Ramos García,Left Center Back,143,Real Madrid,33.3,5.8,2.281697,,,,Keylor Navas Gamboa,14.3,24.8,26.870058,2.3561945,Ground Pass,,,,,,,,,,,,,,,,
267533,2016-04-02,Barcelona,Real Madrid,La Liga,2015/2016,e467ab00-8c39-4a17-8a96-39381c007c21,3164,2,00:30:58.213000,75,58,Ball Receipt*,Real Madrid,Keylor Navas Gamboa,Goalkeeper,143,Real Madrid,14.3,24.8,,,,,,,,,,,,,,,,,,,,,,,,,,
267533,2016-04-02,Barcelona,Real Madrid,La Liga,2015/2016,00a511b2-b42f-40e0-83fb-47ca68a0216e,3165,2,00:30:58.213000,75,58,Carry,Real Madrid,Keylor Navas Gamboa,Goalkeeper,143,Real Madrid,14.3,24.8,1.448403,,,,,,,,,,,15.0,30.7,,,,,,,,,,,,,
267533,2016-04-02,Barcelona,Real Madrid,La Liga,2015/2016,060853dc-3c36-4329-8fc7-aa861b1f52a6,3166,2,00:30:59.661000,75,59,Pass,Real Madrid,Keylor Navas Gamboa,Goalkeeper,143,Real Madrid,15.0,30.7,3.82141,,,,,76.0,26.4,61.15137,-0.07037539,High Pass,Incomplete,,,,,,,,,,,,,,,
267533,2016-04-02,Barcelona,Real Madrid,La Liga,2015/2016,f91b691c-9e4e-49f1-823d-80d82a2ee3ac,3167,2,00:31:03.483000,76,3,Ball Recovery,Barcelona,Gerard Piqué Bernabéu,Right Center Back,144,Barcelona,44.1,53.7,0.0,,,,,,,,,,,,,,,,,,,,,,,,,
267533,2016-04-02,Barcelona,Real Madrid,La Liga,2015/2016,55016e5e-fa4d-4273-b501-47334ec58eca,3168,2,00:31:03.483000,76,3,Carry,Barcelona,Gerard Piqué Bernabéu,Right Center Back,144,Barcelona,44.1,53.7,1.488069,,,,,,,,,,,41.7,57.0,,,,,,,,,,,,,
267533,2016-04-02,Barcelona,Real Madrid,La Liga,2015/2016,5ddd515f-ac2c-4d58-877c-7416e77fe5c7,3169,2,00:31:04.971000,76,4,Pass,Barcelona,Gerard Piqué Bernabéu,Right Center Back,144,Barcelona,41.7,57.0,0.930887,,,,Sergio Busquets i Burgos,52.8,49.5,13.396268,-0.5942137,Ground Pass,,,,,,,,,,,,,,,,
267533,2016-04-02,Barcelona,Real Madrid,La Liga,2015/2016,f6b139d5-be69-4207-9464-bbbc15324cb9,3170,2,00:31:05.902000,76,5,Ball Receipt*,Barcelona,Sergio Busquets i Burgos,Center Defensive Midfield,144,Barcelona,52.8,49.5,,,,,,,,,,,,,,,,,,,,,,,,,,
267533,2016-04-02,Barcelona,Real Madrid,La Liga,2015/2016,c9374886-6eae-4dc6-af28-9038f69ba90d,3171,2,00:31:05.902000,76,5,Carry,Barcelona,Sergio Busquets i Burgos,Center Defensive Midfield,144,Barcelona,52.8,49.5,1.82213,True,,,,,,,,,,52.1,49.4,,,,,,,,,,,,,
267533,2016-04-02,Barcelona,Real Madrid,La Liga,2015/2016,1f75f60b-e51a-489d-b68b-6ee57ca6dd7a,3172,2,00:31:06.463000,76,6,Pressure,Real Madrid,Toni Kroos,Left Center Midfield,144,Barcelona,62.8,27.2,1.237843,,,,,,,,,,,,,,,,,,,,,,,,,
267533,2016-04-02,Barcelona,Real Madrid,La Liga,2015/2016,b23be695-f4a0-47ce-a74f-afe22853077f,3173,2,00:31:07.724000,76,7,Pass,Barcelona,Sergio Busquets i Burgos,Center Defensive Midfield,144,Barcelona,52.1,49.4,1.712504,,,,Gerard Piqué Bernabéu,48.0,62.3,13.535878,1.8785291,Ground Pass,,,,,,,,,,,,,,,,
267533,2016-04-02,Barcelona,Real Madrid,La Liga,2015/2016,365ee5da-ea26-4f47-9a82-a65363ede9b4,3174,2,00:31:09.436000,76,9,Ball Receipt*,Barcelona,Gerard Piqué Bernabéu,Right Center Back,144,Barcelona,48.0,62.3,,,,,,,,,,,,,,,,,,,,,,,,,,
267533,2016-04-02,Barcelona,Real Madrid,La Liga,2015/2016,9f1b6fc8-1264-497c-bd1b-7286fed41b89,3175,2,00:31:09.436000,76,9,Carry,Barcelona,Gerard Piqué Bernabéu,Right Center Back,144,Barcelona,48.0,62.3,0.6563,,,,,,,,,,,48.5,65.3,,,,,,,,,,,,,
267533,2016-04-02,Barcelona,Real Madrid,La Liga,2015/2016,c69e93be-aaf8-4700-a074-be0c33028970,3176,2,00:31:10.093000,76,10,Pass,Barcelona,Gerard Piqué Bernabéu,Right Center Back,144,Barcelona,48.5,65.3,0.6293,,,,Daniel Alves da Silva,57.3,65.9,8.820431,0.06807646,Ground Pass,,,,,,,,,,,,,,,,
267533,2016-04-02,Barcelona,Real Madrid,La Liga,2015/2016,bf710eb8-c145-4365-89e1-c7c362554875,3177,2,00:31:10.722000,76,10,Ball Receipt*,Barcelona,Daniel Alves da Silva,Right Back,144,Barcelona,57.3,65.9,,,,,,,,,,,,,,,,,,,,,,,,,,
267533,2016-04-02,Barcelona,Real Madrid,La Liga,2015/2016,09feb867-24f4-483c-a6bd-f20dfad107aa,3178,2,00:31:10.722000,76,10,Carry,Barcelona,Daniel Alves da Silva,Right Back,144,Barcelona,57.3,65.9,0.040000003,,,,,,,,,,,57.3,65.9,,,,,,,,,,,,,
267533,2016-04-02,Barcelona,Real Madrid,La Liga,2015/2016,19cb91a2-0c10-430c-b752-b76247097467,3179,2,00:31:10.762000,76,10,Pass,Barcelona,Daniel Alves da Silva,Right Back,144,Barcelona,57.3,65.9,1.400382,,,,Gerard Piqué Bernabéu,45.8,65.0,11.535164,-3.0634909,Ground Pass,,,,,,,,,,,,,,,,
267533,2016-04-02,Barcelona,Real Madrid,La Liga,2015/2016,61248003-884f-4d33-86ee-1c198b02fca6,3180,2,00:31:12.162000,76,12,Ball Receipt*,Barcelona,Gerard Piqué Bernabéu,Right Center Back,144,Barcelona,45.8,65.0,,,,,,,,,,,,,,,,,,,,,,,,,,
267533,2016-04-02,Barcelona,Real Madrid,La Liga,2015/2016,f0248c69-6a65-4860-9dbe-f213c1851629,3181,2,00:31:12.162000,76,12,Carry,Barcelona,Gerard Piqué Bernabéu,Right Center Back,144,Barcelona,45.8,65.0,0.841146,,,,,,,,,,,45.2,67.7,,,,,,,,,,,,,
267533,2016-04-02,Barcelona,Real Madrid,La Liga,2015/2016,c13107b3-28dc-409b-aaf7-da7987a69baf,3182,2,00:31:13.003000,76,13,Pass,Barcelona,Gerard Piqué Bernabéu,Right Center Back,144,Barcelona,45.2,67.7,1.374572,,,,Daniel Alves da Silva,53.4,70.7,8.731552,0.35072795,Ground Pass,,,,,,,,,,,,,,,,
267533,2016-04-02,Barcelona,Real Madrid,La Liga,2015/2016,1e7dab52-cf9c-4702-b3a1-b3b50f969666,3183,2,00:31:14.378000,76,14,Ball Receipt*,Barcelona,Daniel Alves da Silva,Right Back,144,Barcelona,53.4,70.7,,,,,,,,,,,,,,,,,,,,,,,,,,
267533,2016-04-02,Barcelona,Real Madrid,La Liga,2015/2016,df73873a-5c68-401e-8823-99e689f2339f,3184,2,00:31:14.378000,76,14,Carry,Barcelona,Daniel Alves da Silva,Right Back,144,Barcelona,53.4,70.7,0.9741,,,,,,,,,,,54.4,68.5,,,,,,,,,,,,,
267533,2016-04-02,Barcelona,Real Madrid,La Liga,2015/2016,29ad2a8e-1050-4df3-aa70-893dc53dd923,3185,2,00:31:15.352000,76,15,Pass,Barcelona,Daniel Alves da Silva,Right Back,144,Barcelona,54.4,68.5,1.0456,,,,Sergio Busquets i Burgos,62.0,52.3,17.894133,-1.1321435,Ground Pass,,,,,,,,,,,,,,,,
267533,2016-04-02,Barcelona,Real Madrid,La Liga,2015/2016,9ecaa1d4-8870-4ea3-98b0-49829376e9ce,3186,2,00:31:16.398000,76,16,Ball Receipt*,Barcelona,Sergio Busquets i Burgos,Center Defensive Midfield,144,Barcelona,62.0,52.3,,,,,,,,,,,,,,,,,,,,,,,,,,
267533,2016-04-02,Barcelona,Real Madrid,La Liga,2015/2016,469726da-fc28-49b2-84f0-310323b16699,3187,2,00:31:16.398000,76,16,Carry,Barcelona,Sergio Busquets i Burgos,Center Defensive Midfield,144,Barcelona,62.0,52.3,2.0383,True,,,,,,,,,,63.4,45.7,,,,,,,,,,,,,
267533,2016-04-02,Barcelona,Real Madrid,La Liga,2015/2016,c9f10b31-d2a8-4a9f-b87d-7454cbc88c7a,3188,2,00:31:16.871000,76,16,Pressure,Real Madrid,Toni Kroos,Left Center Midfield,144,Barcelona,57.1,25.4,1.576848,,,,,,,,,,,,,,,,,,,,,,,,,
267533,2016-04-02,Barcelona,Real Madrid,La Liga,2015/2016,bd897ff2-bb29-437e-89e9-8fe59703a965,3189,2,00:31:18.436000,76,18,Pass,Barcelona,Sergio Busquets i Burgos,Center Defensive Midfield,144,Barcelona,63.4,45.7,0.5652,True,,,Lionel Andrés Messi Cuccittini,66.8,44.6,3.5735137,-0.31290123,Ground Pass,,,,,,,,,,,,,,,,
267533,2016-04-02,Barcelona,Real Madrid,La Liga,2015/2016,4bc8193b-4e70-47ec-84cc-c7a982d074b4,3190,2,00:31:19.001000,76,19,Ball Receipt*,Barcelona,Lionel Andrés Messi Cuccittini,Center Forward,144,Barcelona,66.8,44.6,,,,,,,,,,,,,,,,,,,,,,,,,,
267533,2016-04-02,Barcelona,Real Madrid,La Liga,2015/2016,3bcfeaee-f426-4056-8563-5775c0bc458c,3191,2,00:31:19.001000,76,19,Carry,Barcelona,Lionel Andrés Messi Cuccittini,Center Forward,144,Barcelona,66.8,44.6,0.12,,,,,,,,,,,66.8,44.6,,,,,,,,,,,,,
267533,2016-04-02,Barcelona,Real Madrid,La Liga,2015/2016,68564e52-0403-4250-99a9-2e6d3c2d5204,3192,2,00:31:19.121000,76,19,Pass,Barcelona,Lionel Andrés Messi Cuccittini,Center Forward,144,Barcelona,66.8,44.6,0.853905,,,,Arda Turan,63.5,54.7,10.625442,1.8865945,Ground Pass,,,,,,,,,,,,,,,,
267533,2016-04-02,Barcelona,Real Madrid,La Liga,2015/2016,58a79de7-87f8-4289-83c7-ffa73807f860,3193,2,00:31:19.975000,76,19,Ball Receipt*,Barcelona,Arda Turan,Right Center Midfield,144,Barcelona,63.5,54.7,,,,,,,,,,,,,,,,,,,,,,,,,,
267533,2016-04-02,Barcelona,Real Madrid,La Liga,2015/2016,19d76f51-9ea3-4e2c-a3cd-6becae49b7bd,3194,2,00:31:19.975000,76,19,Carry,Barcelona,Arda Turan,Right Center Midfield,144,Barcelona,63.5,54.7,4.51432,,,,,,,,,,,64.0,55.6,,,,,,,,,,,,,
267533,2016-04-02,Barcelona,Real Madrid,La Liga,2015/2016,6af5dcb2-58fc-4c5a-8b8b-741e27a2fe3e,3195,2,00:31:24.489000,76,24,Pass,Barcelona,Arda Turan,Right Center Midfield,144,Barcelona,64.0,55.6,0.961733,,,,Sergio Busquets i Burgos,64.5,41.8,13.809055,-1.5345802,Ground Pass,,,,,,,,,,,,,,,,
267533,2016-04-02,Barcelona,Real Madrid,La Liga,2015/2016,53e3555c-4ad7-49c3-9399-bceb78810c3a,3196,2,00:31:25.451000,76,25,Ball Receipt*,Barcelona,Sergio Busquets i Burgos,Center Defensive Midfield,144,Barcelona,64.5,41.8,,,,,,,,,,,,,,,,,,,,,,,,,,
267533,2016-04-02,Barcelona,Real Madrid,La Liga,2015/2016,385a734e-dd8d-4bf2-858c-bde4f7166775,3197,2,00:31:25.451000,76,25,Carry,Barcelona,Sergio Busquets i Burgos,Center Defensive Midfield,144,Barcelona,64.5,41.8,1.00573,,,,,,,,,,,65.4,39.8,,,,,,,,,,,,,
267533,2016-04-02,Barcelona,Real Madrid,La Liga,2015/2016,518e578f-e353-4239-a9f9-ff5010315e09,3198,2,00:31:26.457000,76,26,Pass,Barcelona,Sergio Busquets i Burgos,Center Defensive Midfield,144,Barcelona,65.4,39.8,2.132107,,,,Jordi Alba Ramos,89.6,7.0,40.761257,-0.9351459,High Pass,,,,,,,,,,,,,,,,
267533,2016-04-02,Barcelona,Real Madrid,La Liga,2015/2016,c6ff782d-e7b3-465b-8f1d-b2b7ad1db9e6,3199,2,00:31:28.589000,76,28,Ball Receipt*,Barcelona,Jordi Alba Ramos,Left Back,144,Barcelona,89.6,7.0,,,,,,,,,,,,,,,,,,,,,,,,,,
267533,2016-04-02,Barcelona,Real Madrid,La Liga,2015/2016,e1a8b0ae-fc46-4e4a-93cc-81b7a9f31192,3200,2,00:31:28.589000,76,28,Carry,Barcelona,Jordi Alba Ramos,Left Back,144,Barcelona,89.6,7.0,0.087605,,,,,,,,,,,92.4,7.1,,,,,,,,,,,,,
267533,2016-04-02,Barcelona,Real Madrid,La Liga,2015/2016,77b9e64a-08d5-41ba-a4ee-bf77871018c5,3201,2,00:31:28.677000,76,28,Pass,Barcelona,Jordi Alba Ramos,Left Back,144,Barcelona,92.4,7.1,1.360834,,,,Andrés Iniesta Luján,83.4,10.8,9.730879,2.7515445,Low Pass,,,,,,,,,,,,,,,,
267533,2016-04-02,Barcelona,Real Madrid,La Liga,2015/2016,9d3e4ebf-d7f4-4a52-869f-02465708f9ad,3202,2,00:31:30.037000,76,30,Ball Receipt*,Barcelona,Andrés Iniesta Luján,Left Center Midfield,144,Barcelona,83.4,10.8,,,,,,,,,,,,,,,,,,,,,,,,,,
267533,2016-04-02,Barcelona,Real Madrid,La Liga,2015/2016,5cba8ecb-177a-4c82-bdee-e2901a7c5ee0,3203,2,00:31:30.037000,76,30,Carry,Barcelona,Andrés Iniesta Luján,Left Center Midfield,144,Barcelona,83.4,10.8,0.039966,,,,,,,,,,,83.4,10.8,,,,,,,,,,,,,
267533,2016-04-02,Barcelona,Real Madrid,La Liga,2015/2016,e7dd75ce-6652-4791-b11c-31546d6b8bed,3204,2,00:31:30.077000,76,30,Pass,Barcelona,Andrés Iniesta Luján,Left Center Midfield,144,Barcelona,83.4,10.8,0.750496,,,,Jordi Alba Ramos,91.4,7.5,8.653901,-0.3912356,Low Pass,,,,,,,,,,,,,,,,
267533,2016-04-02,Barcelona,Real Madrid,La Liga,2015/2016,18f7d3c5-a43b-4e12-8557-d9edf9dc9f12,3205,2,00:31:30.828000,76,30,Ball Receipt*,Barcelona,Jordi Alba Ramos,Left Back,144,Barcelona,91.4,7.5,,,,,,,,,,,,,,,,,,,,,,,,,,
267533,2016-04-02,Barcelona,Real Madrid,La Liga,2015/2016,87392d10-fa6f-4b19-b4c1-c7486bb05bba,3206,2,00:31:30.828000,76,30,Carry,Barcelona,Jordi Alba Ramos,Left Back,144,Barcelona,91.4,7.5,3.889963,True,,,,,,,,,,88.5,5.4,,,,,,,,,,,,,
267533,2016-04-02,Barcelona,Real Madrid,La Liga,2015/2016,cbbbdf8a-0285-4b72-8713-99a84528bf0f,3207,2,00:31:33.052000,76,33,Pressure,Real Madrid,Gareth Frank Bale,Right Wing,144,Barcelona,28.7,72.6,1.829789,,,,,,,,,,,,,,,,,,,,,,,,,
267533,2016-04-02,Barcelona,Real Madrid,La Liga,2015/2016,0395e662-ff77-4f7a-bfca-5e7f4c172146,3208,2,00:31:34.718000,76,34,Pass,Barcelona,Jordi Alba Ramos,Left Back,144,Barcelona,88.5,5.4,1.200003,True,,,Andrés Iniesta Luján,77.9,5.0,10.607545,-3.1038747,Ground Pass,,,,,,,,,,,,,,,,
267533,2016-04-02,Barcelona,Real Madrid,La Liga,2015/2016,32f8d6d3-b9f3-4cd2-ae64-a6be45133e5d,3209,2,00:31:35.918000,76,35,Ball Receipt*,Barcelona,Andrés Iniesta Luján,Left Center Midfield,144,Barcelona,77.9,5.0,,,,,,,,,,,,,,,,,,,,,,,,,,
267533,2016-04-02,Barcelona,Real Madrid,La Liga,2015/2016,6d99549c-92d6-4d22-9850-8b01e57d29f0,3210,2,00:31:35.918000,76,35,Carry,Barcelona,Andrés Iniesta Luján,Left Center Midfield,144,Barcelona,77.9,5.0,3.659018,,,,,,,,,,,65.4,12.9,,,,,,,,,,,,,
267533,2016-04-02,Barcelona,Real Madrid,La Liga,2015/2016,4c2c043c-decb-4002-b771-3dc462a8adcb,3211,2,00:31:39.577000,76,39,Pass,Barcelona,Andrés Iniesta Luján,Left Center Midfield,144,Barcelona,65.4,12.9,1.403313,,,,Javier Alejandro Mascherano,57.9,28.8,17.580103,2.011547,Ground Pass,,,,,,,,,,,,,,,,
267533,2016-04-02,Barcelona,Real Madrid,La Liga,2015/2016,ee76e445-16b7-42ae-afda-0444fa3bdc2e,3212,2,00:31:40.980000,76,40,Ball Receipt*,Barcelona,Javier Alejandro Mascherano,Left Center Back,144,Barcelona,57.9,28.8,,,,,,,,,,,,,,,,,,,,,,,,,,
267533,2016-04-02,Barcelona,Real Madrid,La Liga,2015/2016,9a3b0862-fdb7-43e9-9606-394d0dabeae9,3213,2,00:31:40.980000,76,40,Carry,Barcelona,Javier Alejandro Mascherano,Left Center Back,144,Barcelona,57.9,28.8,2.403029,,,,,,,,,,,62.0,34.6,,,,,,,,,,,,,
267533,2016-04-02,Barcelona,Real Madrid,La Liga,2015/2016,d4509911-bd6c-42b9-9d92-3727d19a76c6,3214,2,00:31:43.383000,76,43,Pass,Barcelona,Javier Alejandro Mascherano,Left Center Back,144,Barcelona,62.0,34.6,0.775478,,,,Luis Alberto Suárez Díaz,73.1,40.2,12.432618,0.4672447,Low Pass,Incomplete,,,,,,,,,,,,,,,
267533,2016-04-02,Barcelona,Real Madrid,La Liga,2015/2016,0031e175-291c-4a59-b6cf-ec3773672caf,3215,2,00:31:44.159000,76,44,Ball Receipt*,Barcelona,Luis Alberto Suárez Díaz,Right Wing,144,Barcelona,84.1,43.2,,,,,,,,,,,,,,,,,,,,,,,,,,
267533,2016-04-02,Barcelona,Real Madrid,La Liga,2015/2016,5372d18d-3f2d-4775-af40-7ba1714fd27c,3216,2,00:31:44.159000,76,44,Interception,Real Madrid,Carlos Henrique Casimiro,Center Defensive Midfield,144,Barcelona,47.0,39.9,0.0,,,,,,,,,,,,,,,,,,,,,,,,,
267533,2016-04-02,Barcelona,Real Madrid,La Liga,2015/2016,6207f624-d24b-4d3d-b943-2ff56c11db00,3217,2,00:31:45.724000,76,45,Pass,Real Madrid,Kléper Laveran Lima Ferreira,Right Center Back,145,Real Madrid,25.9,43.8,1.1517,,,,Luka Modrić,42.8,51.8,18.69786,0.44211984,Low Pass,,,,,,,,,,,,,,,,
267533,2016-04-02,Barcelona,Real Madrid,La Liga,2015/2016,d5a21186-c68d-4d7f-af39-21908521eaa0,3218,2,00:31:46.876000,76,46,Ball Receipt*,Real Madrid,Luka Modrić,Right Center Midfield,145,Real Madrid,42.8,51.8,,,,,,,,,,,,,,,,,,,,,,,,,,
267533,2016-04-02,Barcelona,Real Madrid,La Liga,2015/2016,59a752d4-4b54-44ec-90d0-466b04c8b7a2,3219,2,00:31:46.876000,76,46,Carry,Real Madrid,Luka Modrić,Right Center Midfield,145,Real Madrid,42.8,51.8,2.3406,True,,,,,,,,,,41.2,61.0,,,,,,,,,,,,,
267533,2016-04-02,Barcelona,Real Madrid,La Liga,2015/2016,bd9dc681-4a45-42fe-a8b1-45a1ea9f76e0,3220,2,00:31:47.029000,76,47,Pressure,Barcelona,Andrés Iniesta Luján,Left Center Midfield,145,Real Madrid,74.3,26.4,0.872341,,,,,,,,,,,,,,,,,,,,,,,,,
267533,2016-04-02,Barcelona,Real Madrid,La Liga,2015/2016,fb2e7dbd-d1e9-467f-8602-c431e77e7a7c,3221,2,00:31:49.216000,76,49,Pass,Real Madrid,Luka Modrić,Right Center Midfield,145,Real Madrid,41.2,61.0,1.467583,,,,Gareth Frank Bale,60.1,65.0,19.318644,0.20856261,Ground Pass,,,,,,,,,,,,,,,,
267533,2016-04-02,Barcelona,Real Madrid,La Liga,2015/2016,8ce9cf15-2c67-4c40-803c-c82c0ca9bf1f,3222,2,00:31:49.902000,76,49,Pressure,Barcelona,Jordi Alba Ramos,Left Back,145,Real Madrid,60.0,15.1,2.587088,,,,,,,,,,,,,,,,,,,,,,,,,
267533,2016-04-02,Barcelona,Real Madrid,La Liga,2015/2016,7abab531-1c48-4e72-b32d-4f42d79e5947,3223,2,00:31:50.684000,76,50,Ball Receipt*,Real Madrid,Gareth Frank Bale,Right Wing,145,Real Madrid,60.1,65.0,,True,,,,,,,,,,,,,,,,,,,,,,,,
267533,2016-04-02,Barcelona,Real Madrid,La Liga,2015/2016,7b029839-651a-4810-b6c7-b9a5e4be2e43,3224,2,00:31:50.684000,76,50,Carry,Real Madrid,Gareth Frank Bale,Right Wing,145,Real Madrid,60.1,65.0,2.614217,True,,,,,,,,,,66.3,69.3,,,,,,,,,,,,,
267533,2016-04-02,Barcelona,Real Madrid,La Liga,2015/2016,1f3ab3ae-0c73-4d93-b518-7123f7ed322b,3225,2,00:31:53.298000,76,53,Pass,Real Madrid,Gareth Frank Bale,Right Wing,145,Real Madrid,66.3,69.3,1.185253,,,,Karim Benzema,75.0,54.7,16.995588,-1.0334041,Ground Pass,,,,,,,,,,,,,,,,
267533,2016-04-02,Barcelona,Real Madrid,La Liga,2015/2016,7651db79-88bc-4c25-9f56-ca565227e025,3226,2,00:31:54.483000,76,54,Ball Receipt*,Real Madrid,Karim Benzema,Center Forward,145,Real Madrid,75.0,54.7,,,,,,,,,,,,,,,,,,,,,,,,,,
267533,2016-04-02,Barcelona,Real Madrid,La Liga,2015/2016,8893b537-ac37-437d-b84a-6c005c225838,3227,2,00:31:54.483000,76,54,Carry,Real Madrid,Karim Benzema,Center Forward,145,Real Madrid,75.0,54.7,2.227084,,,,,,,,,,,73.3,48.5,,,,,,,,,,,,,
267533,2016-04-02,Barcelona,Real Madrid,La Liga,2015/2016,70731e26-4ef8-4de9-8e5a-fcd7d97f59d6,3228,2,00:31:56.710000,76,56,Pass,Real Madrid,Karim Benzema,Center Forward,145,Real Madrid,73.3,48.5,0.639519,,,,Toni Kroos,69.7,33.5,15.425952,-1.8063413,Ground Pass,,,,,,,,,,,,,,,,
267533,2016-04-02,Barcelona,Real Madrid,La Liga,2015/2016,2a93243e-5210-4744-b6fd-758bf4a86eae,3229,2,00:31:57.350000,76,57,Ball Receipt*,Real Madrid,Toni Kroos,Left Center Midfield,145,Real Madrid,69.7,33.5,,,,,,,,,,,,,,,,,,,,,,,,,,
267533,2016-04-02,Barcelona,Real Madrid,La Liga,2015/2016,bc9f0bce-2955-419a-a261-caea11ed7eb4,3230,2,00:31:57.350000,76,57,Carry,Real Madrid,Toni Kroos,Left Center Midfield,145,Real Madrid,69.7,33.5,3.014944,True,,,,,,,,,,84.4,18.2,,,,,,,,,,,,,
267533,2016-04-02,Barcelona,Real Madrid,La Liga,2015/2016,e00bd73f-8b13-4292-add5-a30c79988a3a,3231,2,00:31:59.882000,76,59,Pressure,Barcelona,Arda Turan,Right Center Midfield,145,Real Madrid,35.2,56.7,0.717057,,,,,,,,,,,,,,,,,,,,,,,,,
267533,2016-04-02,Barcelona,Real Madrid,La Liga,2015/2016,fb2372a2-e032-4f3d-bd5b-e1a8c5fbf763,3232,2,00:32:00.365000,77,0,Pass,Real Madrid,Toni Kroos,Left Center Midfield,145,Real Madrid,84.4,18.2,1.0206,True,,,Marcelo Vieira da Silva Júnior,93.2,15.6,9.176056,-0.28728145,Low Pass,,,,,,,,,,,,,,,,
267533,2016-04-02,Barcelona,Real Madrid,La Liga,2015/2016,c9c23ff3-f84c-40f8-9591-39dcd8d71ff4,3233,2,00:32:00.900000,77,0,Pressure,Barcelona,Daniel Alves da Silva,Right Back,145,Real Madrid,25.5,61.8,0.669953,,,,,,,,,,,,,,,,,,,,,,,,,
267533,2016-04-02,Barcelona,Real Madrid,La Liga,2015/2016,2542b31d-7668-4b8a-bbcb-1bf6b08e3d11,3234,2,00:32:01.385000,77,1,Ball Receipt*,Real Madrid,Marcelo Vieira da Silva Júnior,Left Back,145,Real Madrid,93.2,15.6,,True,,,,,,,,,,,,,,,,,,,,,,,,
267533,2016-04-02,Barcelona,Real Madrid,La Liga,2015/2016,12f5dd2f-5fd6-4df7-8335-fa1c159ac87a,3235,2,00:32:01.385000,77,1,Carry,Real Madrid,Marcelo Vieira da Silva Júnior,Left Back,145,Real Madrid,93.2,15.6,0.3548,True,,,,,,,,,,92.8,12.8,,,,,,,,,,,,,
267533,2016-04-02,Barcelona,Real Madrid,La Liga,2015/2016,9cd850a8-32c9-451c-a2a8-e4eac6e1e4e1,3236,2,00:32:01.740000,77,1,Pass,Real Madrid,Marcelo Vieira da Silva Júnior,Left Back,145,Real Madrid,92.8,12.8,0.1821,,,,Toni Kroos,93.2,16.9,4.119466,1.4735432,Low Pass,,,,,,,,,,,,,,,,
267533,2016-04-02,Barcelona,Real Madrid,La Liga,2015/2016,a73d0fcd-de46-4580-9c39-e727d4d7380f,3237,2,00:32:01.922000,77,1,Ball Receipt*,Real Madrid,Toni Kroos,Left Center Midfield,145,Real Madrid,93.2,16.9,,,,,,,,,,,,,,,,,,,,,,,,,,
267533,2016-04-02,Barcelona,Real Madrid,La Liga,2015/2016,a64aa5fc-adc4-44a1-9d70-28ef55ba2b73,3238,2,00:32:01.922000,77,1,Carry,Real Madrid,Toni Kroos,Left Center Midfield,145,Real Madrid,93.2,16.9,0.025300002,,,,,,,,,,,93.6,16.9,,,,,,,,,,,,,
267533,2016-04-02,Barcelona,Real Madrid,La Liga,2015/2016,73201ed6-331a-48a5-a36d-26975c5f25cc,3239,2,00:32:01.948000,77,1,Foul Committed,Real Madrid,Toni Kroos,Left Center Midfield,145,Real Madrid,93.6,16.9,0.0,,,,,,,,,,,,,,,,,,,Handball,,,,,,
267533,2016-04-02,Barcelona,Real Madrid,La Liga,2015/2016,18bf25df-837f-4199-b6c6-5dae374be536,3240,2,00:32:51.044000,77,51,Substitution,Real Madrid,Karim Benzema,Center Forward,145,Real Madrid,,,0.0,,,,,,,,,,,,,,,,,,,,,,,,Jesé Rodríguez Ruiz,Tactical
267533,2016-04-02,Barcelona,Real Madrid,La Liga,2015/2016,6f3c4922-f4a1-4b59-ba7f-29c771907657,3241,2,00:32:52.084000,77,52,Pass,Barcelona,Gerard Piqué Bernabéu,Right Center Back,146,Barcelona,27.3,64.5,2.2295,,True,,Javier Alejandro Mascherano,31.1,33.0,31.728378,-1.4507415,Ground Pass,,,,,,,,,,,,,,,,
267533,2016-04-02,Barcelona,Real Madrid,La Liga,2015/2016,6fd6f8a8-eb56-4e9b-972e-4a8967349fa9,3242,2,00:32:54.314000,77,54,Ball Receipt*,Barcelona,Javier Alejandro Mascherano,Left Center Back,146,Barcelona,31.1,33.0,,,,,,,,,,,,,,,,,,,,,,,,,,
267533,2016-04-02,Barcelona,Real Madrid,La Liga,2015/2016,33a09b03-a3b2-4fbc-bc4f-b79109efc5dc,3243,2,00:32:54.856000,77,54,Pass,Barcelona,Javier Alejandro Mascherano,Left Center Back,146,Barcelona,32.5,33.9,1.7438,,,,Gerard Piqué Bernabéu,32.8,55.3,21.402103,1.5567786,Ground Pass,,,,,,,,,,,,,,,,
267533,2016-04-02,Barcelona,Real Madrid,La Liga,2015/2016,7ed94b3a-ccf7-4fec-bb74-a5d955eaf884,3244,2,00:32:56.599000,77,56,Ball Receipt*,Barcelona,Gerard Piqué Bernabéu,Right Center Back,146,Barcelona,32.8,55.3,,,,,,,,,,,,,,,,,,,,,,,,,,
267533,2016-04-02,Barcelona,Real Madrid,La Liga,2015/2016,71676031-e7b4-468f-882d-02862ea56789,3245,2,00:32:56.599000,77,56,Carry,Barcelona,Gerard Piqué Bernabéu,Right Center Back,146,Barcelona,32.8,55.3,5.1951,,,,,,,,,,,48.5,46.1,,,,,,,,,,,,,
267533,2016-04-02,Barcelona,Real Madrid,La Liga,2015/2016,91ec9773-2d3b-49b0-947f-9239c7720ba7,3246,2,00:33:01.794000,78,1,Pass,Barcelona,Gerard Piqué Bernabéu,Right Center Back,146,Barcelona,48.5,46.1,1.7163,,,,Javier Alejandro Mascherano,51.4,26.7,19.615555,-1.4224105,Ground Pass,,,,,,,,,,,,,,,,
267533,2016-04-02,Barcelona,Real Madrid,La Liga,2015/2016,e2a77a51-e515-4389-b136-38c06327820d,3247,2,00:33:03.511000,78,3,Ball Receipt*,Barcelona,Javier Alejandro Mascherano,Left Center Back,146,Barcelona,51.4,26.7,,,,,,,,,,,,,,,,,,,,,,,,,,
267533,2016-04-02,Barcelona,Real Madrid,La Liga,2015/2016,d4ee4fa7-1149-4668-961e-9dc056a95d50,3248,2,00:33:03.511000,78,3,Carry,Barcelona,Javier Alejandro Mascherano,Left Center Back,146,Barcelona,51.4,26.7,3.456,,,,,,,,,,,56.2,29.5,,,,,,,,,,,,,
267533,2016-04-02,Barcelona,Real Madrid,La Liga,2015/2016,16f72001-e5eb-410f-bb08-b693ec3836c8,3249,2,00:33:06.967000,78,6,Pass,Barcelona,Javier Alejandro Mascherano,Left Center Back,146,Barcelona,56.2,29.5,1.526942,,,,Gerard Piqué Bernabéu,51.6,47.8,18.869287,1.8170604,Ground Pass,,,,,,,,,,,,,,,,
267533,2016-04-02,Barcelona,Real Madrid,La Liga,2015/2016,7cb57ac3-d34d-47a0-ab16-500b332fe800,3250,2,00:33:08.494000,78,8,Ball Receipt*,Barcelona,Gerard Piqué Bernabéu,Right Center Back,146,Barcelona,51.6,47.8,,,,,,,,,,,,,,,,,,,,,,,,,,
267533,2016-04-02,Barcelona,Real Madrid,La Liga,2015/2016,cccb95cc-1b1c-4c77-afba-f04b0a32ce98,3251,2,00:33:08.494000,78,8,Carry,Barcelona,Gerard Piqué Bernabéu,Right Center Back,146,Barcelona,51.6,47.8,4.390474,,,,,,,,,,,56.6,47.4,,,,,,,,,,,,,
267533,2016-04-02,Barcelona,Real Madrid,La Liga,2015/2016,f1c3faa2-cfff-4098-a066-83f0ab7af728,3252,2,00:33:12.884000,78,12,Pass,Barcelona,Gerard Piqué Bernabéu,Right Center Back,146,Barcelona,56.6,47.4,1.26924,,,,Javier Alejandro Mascherano,52.1,29.5,18.456978,-1.8170891,Ground Pass,,,,,,,,,,,,,,,,
267533,2016-04-02,Barcelona,Real Madrid,La Liga,2015/2016,d660d677-7c70-489c-8819-8d4540a296d9,3253,2,00:33:13.829000,78,13,Pressure,Real Madrid,Luka Modrić,Right Center Midfield,146,Barcelona,62.8,51.6,1.697605,,,,,,,,,,,,,,,,,,,,,,,,,
267533,2016-04-02,Barcelona,Real Madrid,La Liga,2015/2016,73e21abf-446c-4a15-9847-a2bcab0be508,3254,2,00:33:14.153000,78,14,Ball Receipt*,Barcelona,Javier Alejandro Mascherano,Left Center Back,146,Barcelona,52.1,29.5,,True,,,,,,,,,,,,,,,,,,,,,,,,
267533,2016-04-02,Barcelona,Real Madrid,La Liga,2015/2016,9332f237-a3c8-43ba-a91f-bd9311dcf3cb,3255,2,00:33:14.153000,78,14,Carry,Barcelona,Javier Alejandro Mascherano,Left Center Back,146,Barcelona,52.1,29.5,1.431782,True,,,,,,,,,,48.2,29.2,,,,,,,,,,,,,
267533,2016-04-02,Barcelona,Real Madrid,La Liga,2015/2016,62e089d4-e8a6-434e-857c-be2144189d13,3256,2,00:33:15.585000,78,15,Pass,Barcelona,Javier Alejandro Mascherano,Left Center Back,146,Barcelona,48.2,29.2,3.185444,,,,Gerard Piqué Bernabéu,41.0,65.7,37.20336,1.7655561,Ground Pass,,,,,,,,,,,,,,,,
267533,2016-04-02,Barcelona,Real Madrid,La Liga,2015/2016,2ecdf1ba-e0ad-44d4-9134-53d371f68f08,3257,2,00:33:17.557000,78,17,Pressure,Real Madrid,Jesé Rodríguez Ruiz,Center Forward,146,Barcelona,76.3,18.8,1.383156,,,,,,,,,,,,,,,,,,,,,,,,,
267533,2016-04-02,Barcelona,Real Madrid,La Liga,2015/2016,5716c81e-b94d-40c0-9104-cdf611b482e8,3258,2,00:33:18.771000,78,18,Ball Receipt*,Barcelona,Gerard Piqué Bernabéu,Right Center Back,146,Barcelona,41.0,65.7,,True,,,,,,,,,,,,,,,,,,,,,,,,
267533,2016-04-02,Barcelona,Real Madrid,La Liga,2015/2016,ce0d8801-5379-4880-acf7-1224dfec8529,3259,2,00:33:18.771000,78,18,Carry,Barcelona,Gerard Piqué Bernabéu,Right Center Back,146,Barcelona,41.0,65.7,0.25441802,True,,,,,,,,,,42.3,67.3,,,,,,,,,,,,,
267533,2016-04-02,Barcelona,Real Madrid,La Liga,2015/2016,67b9e52f-1696-4672-a480-452f59681b49,3260,2,00:33:19.025000,78,19,Pass,Barcelona,Gerard Piqué Bernabéu,Right Center Back,146,Barcelona,42.3,67.3,1.678902,,,,Sergio Busquets i Burgos,56.8,52.3,20.862646,-0.8023457,Ground Pass,,,,,,,,,,,,,,,,
267533,2016-04-02,Barcelona,Real Madrid,La Liga,2015/2016,a16799c6-7cb6-463c-bf64-988ce911a2af,3261,2,00:33:20.084000,78,20,Pressure,Real Madrid,Toni Kroos,Left Center Midfield,146,Barcelona,63.7,25.0,1.107829,,,,,,,,,,,,,,,,,,,,,,,,,
267533,2016-04-02,Barcelona,Real Madrid,La Liga,2015/2016,f1d3c612-8292-4e3c-9213-32e2d7d793c5,3262,2,00:33:20.704000,78,20,Ball Receipt*,Barcelona,Sergio Busquets i Burgos,Center Defensive Midfield,146,Barcelona,56.8,52.3,,True,,,,,,,,,,,,,,,,,,,,,,,,
267533,2016-04-02,Barcelona,Real Madrid,La Liga,2015/2016,e395fdbb-8f68-4cac-a43e-dc6f191062c4,3263,2,00:33:20.704000,78,20,Carry,Barcelona,Sergio Busquets i Burgos,Center Defensive Midfield,146,Barcelona,56.8,52.3,0.498298,True,,,,,,,,,,61.4,51.9,,,,,,,,,,,,,
267533,2016-04-02,Barcelona,Real Madrid,La Liga,2015/2016,39edb18b-d52d-4c71-98ae-8f38e8648176,3264,2,00:33:21.202000,78,21,Pass,Barcelona,Sergio Busquets i Burgos,Center Defensive Midfield,146,Barcelona,61.4,51.9,0.548005,,,,Lionel Andrés Messi Cuccittini,64.9,58.0,7.03278,1.0498866,Ground Pass,,,,,,,,,,,,,,,,
267533,2016-04-02,Barcelona,Real Madrid,La Liga,2015/2016,c5cf8314-1086-40ba-83b6-2413b6f2ed2e,3265,2,00:33:21.750000,78,21,Ball Receipt*,Barcelona,Lionel Andrés Messi Cuccittini,Center Forward,146,Barcelona,64.9,58.0,,,,,,,,,,,,,,,,,,,,,,,,,,
267533,2016-04-02,Barcelona,Real Madrid,La Liga,2015/2016,0212bde8-ceff-4ec1-a1eb-e363e4a4a3b5,3266,2,00:33:21.750000,78,21,Carry,Barcelona,Lionel Andrés Messi Cuccittini,Center Forward,146,Barcelona,64.9,58.0,0.652295,True,,,,,,,,,,65.5,56.7,,,,,,,,,,,,,
267533,2016-04-02,Barcelona,Real Madrid,La Liga,2015/2016,a5862e3d-5eec-4e88-a1aa-631e762fe1f9,3267,2,00:33:21.858000,78,21,Pressure,Real Madrid,Marcelo Vieira da Silva Júnior,Left Back,146,Barcelona,52.9,18.8,0.567097,,,,,,,,,,,,,,,,,,,,,,,,,
267533,2016-04-02,Barcelona,Real Madrid,La Liga,2015/2016,8b2b979f-3be9-4801-b052-7d1d6c7e2cf9,3268,2,00:33:22.403000,78,22,Pass,Barcelona,Lionel Andrés Messi Cuccittini,Center Forward,146,Barcelona,65.5,56.7,0.557933,True,,,Sergio Busquets i Burgos,61.6,52.3,5.879626,-2.2960262,Ground Pass,,,,,,,,,,,,,,,,
267533,2016-04-02,Barcelona,Real Madrid,La Liga,2015/2016,2c3b887e-dc44-4862-81b6-ee49fa013fce,3269,2,00:33:22.790000,78,22,Pressure,Real Madrid,Marcelo Vieira da Silva Júnior,Left Back,146,Barcelona,57.1,24.5,1.7706,,,,,,,,,,,,,,,,,,,,,,,,,
267533,2016-04-02,Barcelona,Real Madrid,La Liga,2015/2016,ea00fe3f-a826-40ec-b025-5e5a46e5279a,3270,2,00:33:22.960000,78,22,Ball Receipt*,Barcelona,Sergio Busquets i Burgos,Center Defensive Midfield,146,Barcelona,61.6,52.3,,True,,,,,,,,,,,,,,,,,,,,,,,,
267533,2016-04-02,Barcelona,Real Madrid,La Liga,2015/2016,21255b8d-76a2-48fa-af5c-5927b5e14c46,3271,2,00:33:22.960000,78,22,Carry,Barcelona,Sergio Busquets i Burgos,Center Defensive Midfield,146,Barcelona,61.6,52.3,1.441715,True,,,,,,,,,,59.3,45.7,,,,,,,,,,,,,
267533,2016-04-02,Barcelona,Real Madrid,La Liga,2015/2016,6d266cf8-0008-4333-a629-c6ad1e317375,3272,2,00:33:24.402000,78,24,Foul Committed,Real Madrid,Marcelo Vieira da Silva Júnior,Left Back,146,Barcelona,60.8,34.4,0.0,,,,,,,,,,,,,,,,,,,,,,,,,
267533,2016-04-02,Barcelona,Real Madrid,La Liga,2015/2016,c34ca73d-025c-4c62-bf6d-4ab1a648522d,3273,2,00:33:24.402000,78,24,Foul Won,Barcelona,Sergio Busquets i Burgos,Center Defensive Midfield,146,Barcelona,59.3,45.7,0.0,True,,,,,,,,,,,,,,,,,,,,,,,,
267533,2016-04-02,Barcelona,Real Madrid,La Liga,2015/2016,afb4cb73-d2b9-4a47-8f20-c1edbe715344,3274,2,00:33:32.827000,78,32,Pass,Barcelona,Lionel Andrés Messi Cuccittini,Center Forward,147,Barcelona,58.2,44.7,2.6278,,True,,Javier Alejandro Mascherano,54.5,28.8,16.324827,-1.7994317,Ground Pass,,,,,,,,,,,,,,,,
267533,2016-04-02,Barcelona,Real Madrid,La Liga,2015/2016,75098ab8-8e78-49f8-ad9d-75b18246b54a,3275,2,00:33:35.455000,78,35,Ball Receipt*,Barcelona,Javier Alejandro Mascherano,Left Center Back,147,Barcelona,54.5,28.8,,,,,,,,,,,,,,,,,,,,,,,,,,
267533,2016-04-02,Barcelona,Real Madrid,La Liga,2015/2016,1a9b8ef5-5499-4735-8fa5-9ed74210bfa8,3276,2,00:33:36,78,36,Pressure,Real Madrid,Jesé Rodríguez Ruiz,Center Forward,147,Barcelona,62.5,45.8,1.167238,,,,,,,,,,,,,,,,,,,,,,,,,
267533,2016-04-02,Barcelona,Real Madrid,La Liga,2015/2016,4e737eca-5caf-49ca-8050-c60b38c0990d,3277,2,00:33:37.242000,78,37,Pass,Barcelona,Javier Alejandro Mascherano,Left Center Back,147,Barcelona,48.5,25.7,2.053241,,,,Gerard Piqué Bernabéu,41.7,46.0,21.408644,1.894024,Ground Pass,,,,,,,,,,,,,,,,
267533,2016-04-02,Barcelona,Real Madrid,La Liga,2015/2016,b46a7380-e384-4d9d-94eb-786a350c2b91,3278,2,00:33:39.296000,78,39,Ball Receipt*,Barcelona,Gerard Piqué Bernabéu,Right Center Back,147,Barcelona,41.7,46.0,,,,,,,,,,,,,,,,,,,,,,,,,,
267533,2016-04-02,Barcelona,Real Madrid,La Liga,2015/2016,db6314dc-e8a9-48c5-a28f-4c21e67a283d,3279,2,00:33:39.296000,78,39,Carry,Barcelona,Gerard Piqué Bernabéu,Right Center Back,147,Barcelona,41.7,46.0,7.453221,,,,,,,,,,,55.9,50.8,,,,,,,,,,,,,
267533,2016-04-02,Barcelona,Real Madrid,La Liga,2015/2016,67864668-ea9c-45bb-9f6c-69e2b6dfeec3,3280,2,00:33:46.749000,78,46,Pass,Barcelona,Gerard Piqué Bernabéu,Right Center Back,147,Barcelona,55.9,50.8,0.948779,,,,Luis Alberto Suárez Díaz,72.3,43.0,18.160397,-0.44394574,Ground Pass,,,,,,,,,,,,,,,,
267533,2016-04-02,Barcelona,Real Madrid,La Liga,2015/2016,de9e9209-cef1-45ee-8419-dcafa0e2579f,3281,2,00:33:47.698000,78,47,Ball Receipt*,Barcelona,Luis Alberto Suárez Díaz,Right Wing,147,Barcelona,72.3,43.0,,,,,,,,,,,,,,,,,,,,,,,,,,
267533,2016-04-02,Barcelona,Real Madrid,La Liga,2015/2016,f11b53ef-320c-45df-a8b0-8d81cf939f0f,3282,2,00:33:47.698000,78,47,Carry,Barcelona,Luis Alberto Suárez Díaz,Right Wing,147,Barcelona,72.3,43.0,0.04,,,,,,,,,,,72.3,43.0,,,,,,,,,,,,,
267533,2016-04-02,Barcelona,Real Madrid,La Liga,2015/2016,ce9ed939-e2aa-426e-81d5-1ded17503e83,3283,2,00:33:47.738000,78,47,Pass,Barcelona,Luis Alberto Suárez Díaz,Right Wing,147,Barcelona,72.3,43.0,0.788111,,,,Lionel Andrés Messi Cuccittini,70.6,52.8,9.946356,1.7425565,Ground Pass,,,,,,,,,,,,,,,,
267533,2016-04-02,Barcelona,Real Madrid,La Liga,2015/2016,0d0db945-f730-484c-b156-3816ac892d11,3284,2,00:33:48.526000,78,48,Ball Receipt*,Barcelona,Lionel Andrés Messi Cuccittini,Center Forward,147,Barcelona,70.6,52.8,,,,,,,,,,,,,,,,,,,,,,,,,,
267533,2016-04-02,Barcelona,Real Madrid,La Liga,2015/2016,140614ce-d4ef-4570-b1d8-5f5fcd860ad0,3285,2,00:33:48.526000,78,48,Carry,Barcelona,Lionel Andrés Messi Cuccittini,Center Forward,147,Barcelona,70.6,52.8,2.165489,True,,,,,,,,,,70.6,46.4,,,,,,,,,,,,,
267533,2016-04-02,Barcelona,Real Madrid,La Liga,2015/2016,f826189a-c771-4680-b915-61c2e4b216ea,3286,2,00:33:49.283000,78,49,Pressure,Real Madrid,Carlos Henrique Casimiro,Center Defensive Midfield,147,Barcelona,47.1,27.3,1.407758,,,,,,,,,,,,,,,,,,,,,,,,,
267533,2016-04-02,Barcelona,Real Madrid,La Liga,2015/2016,33c923bf-0b28-4971-a563-8e31e1c4d89f,3287,2,00:33:50.691000,78,50,Dispossessed,Barcelona,Lionel Andrés Messi Cuccittini,Center Forward,147,Barcelona,70.6,46.4,0.0,True,,,,,,,,,,,,,,,,,,,,,,,,
267533,2016-04-02,Barcelona,Real Madrid,La Liga,2015/2016,1fb55997-fa79-4754-8c54-ec93956c0b48,3288,2,00:33:50.691000,78,50,Duel,Real Madrid,Carlos Henrique Casimiro,Center Defensive Midfield,148,Real Madrid,49.5,33.7,0.0,True,,,,,,,,,,,,,,,,Tackle,Won,,,,,,,
267533,2016-04-02,Barcelona,Real Madrid,La Liga,2015/2016,ddfcaa88-89ff-4be1-93e8-9e533d3844ad,3289,2,00:33:50.691000,78,50,Carry,Real Madrid,Carlos Henrique Casimiro,Center Defensive Midfield,148,Real Madrid,49.5,33.7,1.5571,,,,,,,,,,,49.8,30.3,,,,,,,,,,,,,
267533,2016-04-02,Barcelona,Real Madrid,La Liga,2015/2016,61c6af09-1e62-4338-b4cc-c24cada0b51a,3290,2,00:33:52.248000,78,52,Pass,Real Madrid,Carlos Henrique Casimiro,Center Defensive Midfield,148,Real Madrid,49.8,30.3,1.3126,,,,Jesé Rodríguez Ruiz,63.9,34.9,14.831386,0.31535405,Ground Pass,,,,,,,,,,,,,,,,
267533,2016-04-02,Barcelona,Real Madrid,La Liga,2015/2016,e5056d81-816d-4f6f-ba2e-fe4a8a9a43ca,3291,2,00:33:53.561000,78,53,Ball Receipt*,Real Madrid,Jesé Rodríguez Ruiz,Center Forward,148,Real Madrid,63.9,34.9,,,,,,,,,,,,,,,,,,,,,,,,,,
267533,2016-04-02,Barcelona,Real Madrid,La Liga,2015/2016,ec96f918-456f-46f5-9172-ec7b3d5da5b7,3292,2,00:33:53.561000,78,53,Pass,Real Madrid,Jesé Rodríguez Ruiz,Center Forward,148,Real Madrid,63.9,34.9,1.2186,,,,Cristiano Ronaldo dos Santos Aveiro,76.7,19.0,20.412006,-0.89299494,Ground Pass,,,,,,,,,,,,,,,,
267533,2016-04-02,Barcelona,Real Madrid,La Liga,2015/2016,3be67deb-a4d4-4669-98ef-223e6e80dbda,3293,2,00:33:54.779000,78,54,Ball Receipt*,Real Madrid,Cristiano Ronaldo dos Santos Aveiro,Left Wing,148,Real Madrid,76.7,19.0,,,,,,,,,,,,,,,,,,,,,,,,,,
267533,2016-04-02,Barcelona,Real Madrid,La Liga,2015/2016,820c0bdc-791c-41f2-9286-514df88e265b,3294,2,00:33:54.779000,78,54,Carry,Real Madrid,Cristiano Ronaldo dos Santos Aveiro,Left Wing,148,Real Madrid,76.7,19.0,3.3573,,,,,,,,,,,99.8,34.2,,,,,,,,,,,,,
267533,2016-04-02,Barcelona,Real Madrid,La Liga,2015/2016,3d688983-eaa4-4cb4-a535-48cdcc27db0a,3295,2,00:33:58.137000,78,58,Shot,Real Madrid,Cristiano Ronaldo dos Santos Aveiro,Left Wing,148,Real Madrid,99.8,34.2,0.0731,,,,,,,,,,,,,0.02655458,Blocked,Right Foot,Normal,,,,,,,,,
267533,2016-04-02,Barcelona,Real Madrid,La Liga,2015/2016,8a4a118c-8a59-4a2f-bdbc-5006a9328522,3296,2,00:33:58.210000,78,58,Block,Barcelona,Javier Alejandro Mascherano,Left Center Back,148,Real Madrid,19.2,45.5,0.0,,,,,,,,,,,,,,,,,,,,,,,,,
267533,2016-04-02,Barcelona,Real Madrid,La Liga,2015/2016,e4485f9b-9d9d-4671-be3f-09533af9d1e6,3297,2,00:33:58.250000,78,58,Goal Keeper,Barcelona,Claudio Andrés Bravo Muñoz,Goalkeeper,148,Real Madrid,1.5,41.4,0.0,,,,,,,,,,,,,,,,,,,,,,,,,
267533,2016-04-02,Barcelona,Real Madrid,La Liga,2015/2016,0729e0a6-e3ab-4e89-8b5a-557272b87563,3298,2,00:33:59.645000,78,59,Ball Recovery,Barcelona,Javier Alejandro Mascherano,Left Center Back,149,Barcelona,19.2,46.4,0.0,,,,,,,,,,,,,,,,,,,,,,,,,
267533,2016-04-02,Barcelona,Real Madrid,La Liga,2015/2016,6d8b594b-fbed-4e32-9182-699fdd03bbd5,3299,2,00:33:59.645000,78,59,Carry,Barcelona,Javier Alejandro Mascherano,Left Center Back,149,Barcelona,19.2,46.4,0.9509,,,,,,,,,,,21.6,48.8,,,,,,,,,,,,,
267533,2016-04-02,Barcelona,Real Madrid,La Liga,2015/2016,35eda01b-cfa5-421c-8de7-b421d85c857f,3300,2,00:34:00.596000,79,0,Pass,Barcelona,Javier Alejandro Mascherano,Left Center Back,149,Barcelona,21.6,48.8,1.179935,,,,Andrés Iniesta Luján,30.6,33.6,17.664654,-1.036202,Low Pass,,,,,,,,,,,,,,,,
267533,2016-04-02,Barcelona,Real Madrid,La Liga,2015/2016,737cec5f-2905-4c21-b552-61dad4479bd0,3301,2,00:34:01.775000,79,1,Ball Receipt*,Barcelona,Andrés Iniesta Luján,Left Center Midfield,149,Barcelona,30.6,33.6,,,,,,,,,,,,,,,,,,,,,,,,,,
267533,2016-04-02,Barcelona,Real Madrid,La Liga,2015/2016,d2c2cccc-961e-4717-a8b1-af393b9117f6,3302,2,00:34:01.775000,79,1,Carry,Barcelona,Andrés Iniesta Luján,Left Center Midfield,149,Barcelona,30.6,33.6,5.121502,,,,,,,,,,,54.2,36.7,,,,,,,,,,,,,
267533,2016-04-02,Barcelona,Real Madrid,La Liga,2015/2016,b815c730-696f-4560-9352-e421e3ca9451,3303,2,00:34:06.897000,79,6,Pass,Barcelona,Andrés Iniesta Luján,Left Center Midfield,149,Barcelona,54.2,36.7,1.857675,,,,Daniel Alves da Silva,57.6,60.1,23.645718,1.4265069,Low Pass,,,,,,,,,,,,,,,,
267533,2016-04-02,Barcelona,Real Madrid,La Liga,2015/2016,a7f3be31-3d3e-474e-9ca5-49d0eb78b628,3304,2,00:34:08.755000,79,8,Ball Receipt*,Barcelona,Daniel Alves da Silva,Right Back,149,Barcelona,57.6,60.1,,,,,,,,,,,,,,,,,,,,,,,,,,
267533,2016-04-02,Barcelona,Real Madrid,La Liga,2015/2016,fa06ef31-f276-422c-8c6a-4d5c3850a931,3305,2,00:34:08.755000,79,8,Carry,Barcelona,Daniel Alves da Silva,Right Back,149,Barcelona,57.6,60.1,2.418787,,,,,,,,,,,70.9,62.1,,,,,,,,,,,,,
267533,2016-04-02,Barcelona,Real Madrid,La Liga,2015/2016,06b7a819-635d-4450-9bdf-f24647fff85a,3306,2,00:34:11.173000,79,11,Pass,Barcelona,Daniel Alves da Silva,Right Back,149,Barcelona,70.9,62.1,1.087601,,,,Lionel Andrés Messi Cuccittini,64.5,56.0,8.84138,-2.38019,Ground Pass,,,,,,,,,,,,,,,,
267533,2016-04-02,Barcelona,Real Madrid,La Liga,2015/2016,15d69664-dc63-4053-b39e-2316bc8e0b4d,3307,2,00:34:12.261000,79,12,Ball Receipt*,Barcelona,Lionel Andrés Messi Cuccittini,Center Forward,149,Barcelona,64.5,56.0,,,,,,,,,,,,,,,,,,,,,,,,,,
267533,2016-04-02,Barcelona,Real Madrid,La Liga,2015/2016,dd10104c-7742-4789-a1ca-1545382daaf5,3308,2,00:34:12.261000,79,12,Carry,Barcelona,Lionel Andrés Messi Cuccittini,Center Forward,149,Barcelona,64.5,56.0,1.618,,,,,,,,,,,70.7,49.9,,,,,,,,,,,,,
267533,2016-04-02,Barcelona,Real Madrid,La Liga,2015/2016,2bbf161c-c82e-494c-917e-7ad7ff261354,3309,2,00:34:13.879000,79,13,Pass,Barcelona,Lionel Andrés Messi Cuccittini,Center Forward,149,Barcelona,70.7,49.9,2.938999,,,,Luis Alberto Suárez Díaz,108.9,58.4,39.134254,0.21894611,High Pass,,,,,,,,,,,,,,,,
267533,2016-04-02,Barcelona,Real Madrid,La Liga,2015/2016,3b48229a-7d6f-41d7-bae9-ec643e72f69c,3310,2,00:34:16.818000,79,16,Ball Receipt*,Barcelona,Luis Alberto Suárez Díaz,Right Wing,149,Barcelona,108.9,58.4,,,,,,,,,,,,,,,,,,,,,,,,,,
267533,2016-04-02,Barcelona,Real Madrid,La Liga,2015/2016,c3b99c27-8c58-46a7-9163-7b63696fa9fc,3311,2,00:34:16.843000,79,16,Shot,Barcelona,Luis Alberto Suárez Díaz,Right Wing,149,Barcelona,111.0,59.3,1.232296,,,,,,,,,,,,,0.009944255,Off T,Right Foot,Half Volley,,,,,,,,,
267533,2016-04-02,Barcelona,Real Madrid,La Liga,2015/2016,82d80b76-bddd-4870-a6dc-ee060cec031d,3312,2,00:34:18.076000,79,18,Goal Keeper,Real Madrid,Keylor Navas Gamboa,Goalkeeper,149,Barcelona,1.5,36.1,0.0,,,,,,,,,,,,,,,,,,,,,,,,,
267533,2016-04-02,Barcelona,Real Madrid,La Liga,2015/2016,bf078854-b35c-4af1-ae10-6e998b24fc09,3313,2,00:34:29.833000,79,29,Pass,Real Madrid,Keylor Navas Gamboa,Goalkeeper,150,Real Madrid,6.0,44.0,1.702916,,True,,Daniel Carvajal Ramos,13.3,73.5,30.389801,1.3282119,Low Pass,,,,,,,,,,,,,,,,
267533,2016-04-02,Barcelona,Real Madrid,La Liga,2015/2016,d15ef9aa-a938-4758-8c2a-6d6f4781df10,3314,2,00:34:31.536000,79,31,Ball Receipt*,Real Madrid,Daniel Carvajal Ramos,Right Back,150,Real Madrid,13.3,73.5,,,,,,,,,,,,,,,,,,,,,,,,,,
267533,2016-04-02,Barcelona,Real Madrid,La Liga,2015/2016,b85bba38-30d7-4897-b44d-70e11ce783e6,3315,2,00:34:33.837000,79,33,Pass,Real Madrid,Daniel Carvajal Ramos,Right Back,150,Real Madrid,18.4,69.6,1.777833,,,,Kléper Laveran Lima Ferreira,14.6,59.3,10.978616,-1.9242365,Ground Pass,,,,,,,,,,,,,,,,
267533,2016-04-02,Barcelona,Real Madrid,La Liga,2015/2016,a6aef71a-4c72-4ecb-beea-bb77abb74542,3316,2,00:34:35.615000,79,35,Ball Receipt*,Real Madrid,Kléper Laveran Lima Ferreira,Right Center Back,150,Real Madrid,14.6,59.3,,,,,,,,,,,,,,,,,,,,,,,,,,
267533,2016-04-02,Barcelona,Real Madrid,La Liga,2015/2016,8aaa5fed-2264-4145-814f-f50831273d8e,3317,2,00:34:35.615000,79,35,Carry,Real Madrid,Kléper Laveran Lima Ferreira,Right Center Back,150,Real Madrid,14.6,59.3,1.543068,,,,,,,,,,,16.3,59.0,,,,,,,,,,,,,
267533,2016-04-02,Barcelona,Real Madrid,La Liga,2015/2016,7374cdf9-527b-451f-ac9c-a11e478c02ab,3318,2,00:34:37.158000,79,37,Pass,Real Madrid,Kléper Laveran Lima Ferreira,Right Center Back,150,Real Madrid,16.3,59.0,1.358717,,,,Toni Kroos,37.0,42.3,26.596617,-0.6788513,Low Pass,,,,,,,,,,,,,,,,
267533,2016-04-02,Barcelona,Real Madrid,La Liga,2015/2016,02da7dc8-9f28-4ada-8c30-de2cca195be5,3319,2,00:34:38.517000,79,38,Ball Receipt*,Real Madrid,Toni Kroos,Left Center Midfield,150,Real Madrid,37.0,42.3,,,,,,,,,,,,,,,,,,,,,,,,,,
267533,2016-04-02,Barcelona,Real Madrid,La Liga,2015/2016,269ffd07-a3d0-48e5-8b2a-115e4212d67d,3320,2,00:34:38.517000,79,38,Carry,Real Madrid,Toni Kroos,Left Center Midfield,150,Real Madrid,37.0,42.3,4.419136,True,,,,,,,,,,72.6,39.5,,,,,,,,,,,,,
267533,2016-04-02,Barcelona,Real Madrid,La Liga,2015/2016,a7b17f05-6435-4431-ae22-4d0b4e3848e6,3321,2,00:34:40.491000,79,40,Pressure,Barcelona,Arda Turan,Right Center Midfield,150,Real Madrid,65.8,42.6,1.084404,,,,,,,,,,,,,,,,,,,,,,,,,
267533,2016-04-02,Barcelona,Real Madrid,La Liga,2015/2016,2ab5a8d6-47fd-44d2-b9de-8e73b0e867f9,3322,2,00:34:42.936000,79,42,Pass,Real Madrid,Toni Kroos,Left Center Midfield,150,Real Madrid,72.6,39.5,0.505047,,,,Jesé Rodríguez Ruiz,70.2,31.1,8.736132,-1.849096,Ground Pass,,,,,,,,,,,,,,,,
267533,2016-04-02,Barcelona,Real Madrid,La Liga,2015/2016,04082ee7-354a-48dc-a275-974750bdbd27,3323,2,00:34:43.441000,79,43,Ball Receipt*,Real Madrid,Jesé Rodríguez Ruiz,Center Forward,150,Real Madrid,70.2,31.1,,,,,,,,,,,,,,,,,,,,,,,,,,
267533,2016-04-02,Barcelona,Real Madrid,La Liga,2015/2016,1bb503cd-e5ad-4e06-be58-c69e481b0d9e,3324,2,00:34:43.441000,79,43,Carry,Real Madrid,Jesé Rodríguez Ruiz,Center Forward,150,Real Madrid,70.2,31.1,0.3712,,,,,,,,,,,75.4,26.5,,,,,,,,,,,,,
267533,2016-04-02,Barcelona,Real Madrid,La Liga,2015/2016,b111f700-e92b-4cc4-ab75-9ff511906cf2,3325,2,00:34:43.812000,79,43,Pass,Real Madrid,Jesé Rodríguez Ruiz,Center Forward,150,Real Madrid,75.4,26.5,1.439966,,,,Marcelo Vieira da Silva Júnior,83.0,12.8,15.666844,-1.0643178,Low Pass,,,,,,,,,,,,,,,,
267533,2016-04-02,Barcelona,Real Madrid,La Liga,2015/2016,93731c50-4d52-46fc-a975-85aab7a064c4,3326,2,00:34:45.252000,79,45,Ball Receipt*,Real Madrid,Marcelo Vieira da Silva Júnior,Left Back,150,Real Madrid,83.0,12.8,,,,,,,,,,,,,,,,,,,,,,,,,,
267533,2016-04-02,Barcelona,Real Madrid,La Liga,2015/2016,c7e741c9-aa27-43ab-9fe7-712034332a63,3327,2,00:34:45.252000,79,45,Carry,Real Madrid,Marcelo Vieira da Silva Júnior,Left Back,150,Real Madrid,83.0,12.8,3.63276,,,,,,,,,,,104.7,22.6,,,,,,,,,,,,,
267533,2016-04-02,Barcelona,Real Madrid,La Liga,2015/2016,e4d2c779-3e27-49e2-b83e-f5165ebf08e7,3328,2,00:34:48.885000,79,48,Pass,Real Madrid,Marcelo Vieira da Silva Júnior,Left Back,150,Real Madrid,104.7,22.6,1.227774,,,,Cristiano Ronaldo dos Santos Aveiro,105.9,14.4,8.28734,-1.4254863,Ground Pass,,,,,,,,,,,,,,,,
267533,2016-04-02,Barcelona,Real Madrid,La Liga,2015/2016,e6c7d627-6777-4462-8f7d-3a60efe74b11,3329,2,00:34:50.113000,79,50,Ball Receipt*,Real Madrid,Cristiano Ronaldo dos Santos Aveiro,Left Wing,150,Real Madrid,105.9,14.4,,,,,,,,,,,,,,,,,,,,,,,,,,
267533,2016-04-02,Barcelona,Real Madrid,La Liga,2015/2016,c1a60b1a-27d7-40d7-b7c2-3b22b187f062,3330,2,00:34:50.113000,79,50,Carry,Real Madrid,Cristiano Ronaldo dos Santos Aveiro,Left Wing,150,Real Madrid,105.9,14.4,1.0181,,,,,,,,,,,104.7,15.1,,,,,,,,,,,,,
267533,2016-04-02,Barcelona,Real Madrid,La Liga,2015/2016,cb317505-77d7-4a0e-8a07-a75363c145b3,3331,2,00:34:51.131000,79,51,Pass,Real Madrid,Cristiano Ronaldo dos Santos Aveiro,Left Wing,150,Real Madrid,104.7,15.1,1.5534,,,,Gareth Frank Bale,111.7,48.1,33.734257,1.3617734,High Pass,Unknown,,,,,,,,,,,,,,,
267533,2016-04-02,Barcelona,Real Madrid,La Liga,2015/2016,9b6d4c96-3493-4604-8e70-0e3d8b0c3db0,3332,2,00:34:52.684000,79,52,Ball Receipt*,Real Madrid,Gareth Frank Bale,Right Wing,150,Real Madrid,111.9,48.9,,,,,,,,,,,,,,,,,,,,,,,,,,
267533,2016-04-02,Barcelona,Real Madrid,La Liga,2015/2016,39b72470-1f9e-4288-b911-6a2065b73306,3333,2,00:34:52.709000,79,52,Foul Committed,Real Madrid,Gareth Frank Bale,Right Wing,150,Real Madrid,111.2,48.2,0.0,,,,,,,,,,,,,,,,,,,,,,,,,
267533,2016-04-02,Barcelona,Real Madrid,La Liga,2015/2016,8d28a5cf-9eed-4283-9eb7-74965dfcd278,3334,2,00:34:52.709000,79,52,Foul Won,Barcelona,Jordi Alba Ramos,Left Back,150,Real Madrid,8.9,31.9,0.0,True,,,,,,,,,,,,,,,,,,,,True,,,,
267533,2016-04-02,Barcelona,Real Madrid,La Liga,2015/2016,bdc8e21f-107b-4f59-a290-87798a6bcac5,3335,2,00:35:02.936000,80,2,Bad Behaviour,Real Madrid,Cristiano Ronaldo dos Santos Aveiro,Left Wing,150,Real Madrid,,,0.0,,,,,,,,,,,,,,,,,,,,,,,,,
267533,2016-04-02,Barcelona,Real Madrid,La Liga,2015/2016,a8581cf8-1ab8-4047-bf97-c21e2e0956a9,3336,2,00:35:34.465000,80,34,Pass,Barcelona,Claudio Andrés Bravo Muñoz,Goalkeeper,151,Barcelona,8.0,29.7,14.132001,,True,,,110.3,33.0,102.35321,0.032246884,High Pass,Incomplete,,,,,,,,,,,,,,,
267533,2016-04-02,Barcelona,Real Madrid,La Liga,2015/2016,6b03f827-ab39-4adf-890d-c5983c2231eb,3337,2,00:35:48.597000,80,48,Pass,Real Madrid,Keylor Navas Gamboa,Goalkeeper,152,Real Madrid,9.8,47.1,1.5657,,True,,Carlos Henrique Casimiro,23.5,55.6,16.122654,0.55531204,Ground Pass,,,,,,,,,,,,,,,,
267533,2016-04-02,Barcelona,Real Madrid,La Liga,2015/2016,00114a82-f4f9-4112-ae0a-c5969ff1e08a,3338,2,00:35:50.163000,80,50,Ball Receipt*,Real Madrid,Carlos Henrique Casimiro,Center Defensive Midfield,152,Real Madrid,23.5,55.6,,,,,,,,,,,,,,,,,,,,,,,,,,
267533,2016-04-02,Barcelona,Real Madrid,La Liga,2015/2016,77619e5d-b0a7-42d0-95d9-c9934b1d215e,3339,2,00:35:50.163000,80,50,Pass,Real Madrid,Carlos Henrique Casimiro,Center Defensive Midfield,152,Real Madrid,23.9,55.4,1.641673,,,,Kléper Laveran Lima Ferreira,14.3,69.2,16.81071,2.1785984,Ground Pass,,,,,,,,,,,,,,,,
267533,2016-04-02,Barcelona,Real Madrid,La Liga,2015/2016,b87f065f-e535-45c8-8aaf-4b6bafa6457f,3340,2,00:35:51.804000,80,51,Ball Receipt*,Real Madrid,Kléper Laveran Lima Ferreira,Right Center Back,152,Real Madrid,14.3,69.2,,,,,,,,,,,,,,,,,,,,,,,,,,
267533,2016-04-02,Barcelona,Real Madrid,La Liga,2015/2016,909fd554-0d11-4134-8ce1-92b22903b1a8,3341,2,00:35:51.804000,80,51,Carry,Real Madrid,Kléper Laveran Lima Ferreira,Right Center Back,152,Real Madrid,14.3,69.2,0.710931,,,,,,,,,,,14.3,69.3,,,,,,,,,,,,,
267533,2016-04-02,Barcelona,Real Madrid,La Liga,2015/2016,29974e11-64cd-4765-9f72-b27118891e8e,3342,2,00:35:52.515000,80,52,Pass,Real Madrid,Kléper Laveran Lima Ferreira,Right Center Back,152,Real Madrid,14.3,69.3,1.198917,,,,Carlos Henrique Casimiro,22.7,59.6,12.831601,-0.8570982,Ground Pass,,,,,,,,,,,,,,,,
267533,2016-04-02,Barcelona,Real Madrid,La Liga,2015/2016,df93b7ff-ed60-4c6e-8562-42564f2935ec,3343,2,00:35:53.714000,80,53,Ball Receipt*,Real Madrid,Carlos Henrique Casimiro,Center Defensive Midfield,152,Real Madrid,22.7,59.6,,,,,,,,,,,,,,,,,,,,,,,,,,
267533,2016-04-02,Barcelona,Real Madrid,La Liga,2015/2016,1fc21428-8ee2-4380-9b50-8f94fb9c842a,3344,2,00:35:53.714000,80,53,Carry,Real Madrid,Carlos Henrique Casimiro,Center Defensive Midfield,152,Real Madrid,22.7,59.6,1.350379,,,,,,,,,,,28.1,61.0,,,,,,,,,,,,,
267533,2016-04-02,Barcelona,Real Madrid,La Liga,2015/2016,fc1c53b2-f9e8-4229-873c-f0ae5363e321,3345,2,00:35:55.065000,80,55,Pass,Real Madrid,Carlos Henrique Casimiro,Center Defensive Midfield,152,Real Madrid,28.1,61.0,1.2071,,,,Toni Kroos,38.1,47.9,16.480595,-0.9188003,Ground Pass,,,,,,,,,,,,,,,,
267533,2016-04-02,Barcelona,Real Madrid,La Liga,2015/2016,9391827b-ac5a-4a48-be7a-25a0d3b3f740,3346,2,00:35:56.272000,80,56,Ball Receipt*,Real Madrid,Toni Kroos,Left Center Midfield,152,Real Madrid,38.1,47.9,,,,,,,,,,,,,,,,,,,,,,,,,,
267533,2016-04-02,Barcelona,Real Madrid,La Liga,2015/2016,e76b629e-62ee-44a2-9085-78c92780a723,3347,2,00:35:56.272000,80,56,Carry,Real Madrid,Toni Kroos,Left Center Midfield,152,Real Madrid,38.1,47.9,1.7449,True,,,,,,,,,,36.7,60.6,,,,,,,,,,,,,
267533,2016-04-02,Barcelona,Real Madrid,La Liga,2015/2016,e11e0578-e25c-4cd2-8c26-7e8f1c7ad454,3348,2,00:35:56.326000,80,56,Pressure,Barcelona,Arda Turan,Right Center Midfield,152,Real Madrid,79.6,34.4,1.339943,,,,,,,,,,,,,,,,,,,,,,,,,
267533,2016-04-02,Barcelona,Real Madrid,La Liga,2015/2016,c9e8fb97-f1da-4509-8ef7-ec7e222dbb3d,3349,2,00:35:58.017000,80,58,Pass,Real Madrid,Toni Kroos,Left Center Midfield,152,Real Madrid,36.7,60.6,0.757,,,,Daniel Carvajal Ramos,33.6,73.7,13.461798,1.803163,Ground Pass,,,,,,,,,,,,,,,,
267533,2016-04-02,Barcelona,Real Madrid,La Liga,2015/2016,6d7ec180-cbcd-48d4-aa3e-844a1962f54e,3350,2,00:35:58.774000,80,58,Ball Receipt*,Real Madrid,Daniel Carvajal Ramos,Right Back,152,Real Madrid,33.6,73.7,,,,,,,,,,,,,,,,,,,,,,,,,,
267533,2016-04-02,Barcelona,Real Madrid,La Liga,2015/2016,1ccaae8e-c5cc-420d-a3f6-ab0c8dc13029,3351,2,00:35:58.774000,80,58,Pass,Real Madrid,Daniel Carvajal Ramos,Right Back,152,Real Madrid,34.6,75.4,2.0687,,,,Jesé Rodríguez Ruiz,50.4,56.2,24.865236,-0.8822372,High Pass,Incomplete,,,,,,,,,,,,,,,
267533,2016-04-02,Barcelona,Real Madrid,La Liga,2015/2016,874d0f60-9c9a-4026-8d88-7cf5abf7d9c7,3352,2,00:36:00.842000,81,0,Ball Receipt*,Real Madrid,Jesé Rodríguez Ruiz,Center Forward,152,Real Madrid,50.8,54.2,,,,,,,,,,,,,,,,,,,,,,,,,,
267533,2016-04-02,Barcelona,Real Madrid,La Liga,2015/2016,be6cb6f3-895a-407d-915f-daa3faf3882b,3353,2,00:36:00.842000,81,0,Interception,Barcelona,Javier Alejandro Mascherano,Left Center Back,152,Real Madrid,69.7,23.9,0.0,,,,,,,,,,,,,,,,,,,,,,,,,
267533,2016-04-02,Barcelona,Real Madrid,La Liga,2015/2016,c5331ba9-7523-4998-8a33-77100c7da6f5,3354,2,00:36:02.254000,81,2,Pass,Real Madrid,Toni Kroos,Left Center Midfield,152,Real Madrid,49.2,56.4,0.9381,,,,Carlos Henrique Casimiro,43.0,52.4,7.378347,-2.5686264,Low Pass,,,,,,,,,,,,,,,,
267533,2016-04-02,Barcelona,Real Madrid,La Liga,2015/2016,caea7dad-7001-426b-b1cd-4199b6b24cd9,3355,2,00:36:03.192000,81,3,Ball Receipt*,Real Madrid,Carlos Henrique Casimiro,Center Defensive Midfield,152,Real Madrid,43.0,52.4,,,,,,,,,,,,,,,,,,,,,,,,,,
267533,2016-04-02,Barcelona,Real Madrid,La Liga,2015/2016,15759602-4277-4a04-9c98-6c895e162e77,3356,2,00:36:03.192000,81,3,Carry,Real Madrid,Carlos Henrique Casimiro,Center Defensive Midfield,152,Real Madrid,43.0,52.4,0.040000003,True,,,,,,,,,,49.5,55.8,,,,,,,,,,,,,
267533,2016-04-02,Barcelona,Real Madrid,La Liga,2015/2016,78f24dee-6f7d-4994-b45b-1dc92631f3b2,3357,2,00:36:03.232000,81,3,Foul Committed,Barcelona,Javier Alejandro Mascherano,Left Center Back,152,Real Madrid,70.6,24.3,0.0,,,,,,,,,,,,,,,,,,,,,,,,,
267533,2016-04-02,Barcelona,Real Madrid,La Liga,2015/2016,148f58cc-1e1a-4cb9-8e60-307d1c6c91ce,3358,2,00:36:03.232000,81,3,Foul Won,Real Madrid,Toni Kroos,Left Center Midfield,152,Real Madrid,49.5,55.8,0.0,True,,,,,,,,,,,,,,,,,,,,,True,,,
267533,2016-04-02,Barcelona,Real Madrid,La Liga,2015/2016,93d0ad83-f1fe-4475-90b1-2b6d27348aed,3359,2,00:36:04.641000,81,4,Pass,Real Madrid,Carlos Henrique Casimiro,Center Defensive Midfield,152,Real Madrid,42.8,51.8,0.289076,,,,Jesé Rodríguez Ruiz,52.3,51.3,9.513149,-0.05258306,Ground Pass,,,,,,,,,,,,,,,,
267533,2016-04-02,Barcelona,Real Madrid,La Liga,2015/2016,00055bc7-924c-4737-9bba-1ce7118c1ccc,3360,2,00:36:04.930000,81,4,Ball Receipt*,Real Madrid,Jesé Rodríguez Ruiz,Center Forward,152,Real Madrid,52.3,51.3,,,,,,,,,,,,,,,,,,,,,,,,,,
267533,2016-04-02,Barcelona,Real Madrid,La Liga,2015/2016,728217bd-0187-486e-9bc3-830d85c79453,3361,2,00:36:04.930000,81,4,Carry,Real Madrid,Jesé Rodríguez Ruiz,Center Forward,152,Real Madrid,52.3,51.3,4.453383,,,,,,,,,,,81.5,24.1,,,,,,,,,,,,,
267533,2016-04-02,Barcelona,Real Madrid,La Liga,2015/2016,ff1aa3a9-9423-4190-aec8-819779088bfc,3362,2,00:36:09.383000,81,9,Pass,Real Madrid,Jesé Rodríguez Ruiz,Center Forward,152,Real Madrid,81.5,24.1,1.353404,,,,Marcelo Vieira da Silva Júnior,96.4,14.4,17.779202,-0.5770826,Ground Pass,,,,,,,,,,,,,,,,
267533,2016-04-02,Barcelona,Real Madrid,La Liga,2015/2016,1eb86c53-95ba-4e3d-8e3b-323dd0928471,3363,2,00:36:10.737000,81,10,Ball Receipt*,Real Madrid,Marcelo Vieira da Silva Júnior,Left Back,152,Real Madrid,96.4,14.4,,,,,,,,,,,,,,,,,,,,,,,,,,
267533,2016-04-02,Barcelona,Real Madrid,La Liga,2015/2016,3bbf1c17-e0bd-493e-b9df-5d284dfc3c23,3364,2,00:36:10.737000,81,10,Carry,Real Madrid,Marcelo Vieira da Silva Júnior,Left Back,152,Real Madrid,96.4,14.4,2.289213,,,,,,,,,,,114.5,15.6,,,,,,,,,,,,,
267533,2016-04-02,Barcelona,Real Madrid,La Liga,2015/2016,21caf2e5-4e63-4669-a6d3-ec279cbdad29,3365,2,00:36:13.026000,81,13,Pass,Real Madrid,Marcelo Vieira da Silva Júnior,Left Back,152,Real Madrid,114.5,15.6,0.852511,,,,Cristiano Ronaldo dos Santos Aveiro,104.2,22.6,12.453513,2.5446815,Ground Pass,,,,,,,,,,,,,,,,
267533,2016-04-02,Barcelona,Real Madrid,La Liga,2015/2016,e8d1dc1e-106d-49da-aec0-5d179e5cc76f,3366,2,00:36:13.879000,81,13,Ball Receipt*,Real Madrid,Cristiano Ronaldo dos Santos Aveiro,Left Wing,152,Real Madrid,104.2,22.6,,,,,,,,,,,,,,,,,,,,,,,,,,
267533,2016-04-02,Barcelona,Real Madrid,La Liga,2015/2016,3ab3edf0-7999-4ab2-a9a7-9d0697ad0f64,3367,2,00:36:13.879000,81,13,Carry,Real Madrid,Cristiano Ronaldo dos Santos Aveiro,Left Wing,152,Real Madrid,104.2,22.6,1.521389,,,,,,,,,,,103.7,22.2,,,,,,,,,,,,,
267533,2016-04-02,Barcelona,Real Madrid,La Liga,2015/2016,56ff215d-2f67-452e-9406-8adafbcde601,3368,2,00:36:15.400000,81,15,Shot,Real Madrid,Cristiano Ronaldo dos Santos Aveiro,Left Wing,152,Real Madrid,103.7,22.2,1.0602,,,True,,,,,,,,,,0.024609288,Post,Right Foot,Normal,,,,,,,,,
267533,2016-04-02,Barcelona,Real Madrid,La Liga,2015/2016,c745d290-c86b-4c61-8cb7-db274ef61653,3369,2,00:36:16.460000,81,16,Goal Keeper,Barcelona,Claudio Andrés Bravo Muñoz,Goalkeeper,152,Real Madrid,1.0,42.9,0.0,,,,,,,,,,,,,,,,,,,,,,,,,
267533,2016-04-02,Barcelona,Real Madrid,La Liga,2015/2016,895d0314-324f-488f-92c0-859634c265fa,3370,2,00:36:40.106000,81,40,Pass,Barcelona,Claudio Andrés Bravo Muñoz,Goalkeeper,153,Barcelona,7.0,44.1,4.1849,,True,,,72.0,60.3,66.98836,0.24425454,High Pass,Incomplete,,,,,,,,,,,,,,,
267533,2016-04-02,Barcelona,Real Madrid,La Liga,2015/2016,19a37d8d-b5d4-4245-b234-130b0340f418,3371,2,00:36:44.290000,81,44,Duel,Barcelona,Luis Alberto Suárez Díaz,Right Wing,153,Barcelona,72.0,60.3,0.0,True,,,,,,,,,,,,,,,,Aerial Lost,,,,,,,,
267533,2016-04-02,Barcelona,Real Madrid,La Liga,2015/2016,a3acf1b8-75ed-4c8a-820d-39d3b09b3506,3372,2,00:36:44.290000,81,44,Pass,Real Madrid,Sergio Ramos García,Left Center Back,154,Real Madrid,48.1,19.8,2.037024,True,,,Carlos Henrique Casimiro,51.6,25.4,6.603787,1.012197,Low Pass,,,,,,,,,,,,,,,,
267533,2016-04-02,Barcelona,Real Madrid,La Liga,2015/2016,398c726d-d1c2-41d7-85e9-e4d7776fee41,3373,2,00:36:46.327000,81,46,Ball Receipt*,Real Madrid,Carlos Henrique Casimiro,Center Defensive Midfield,154,Real Madrid,51.6,25.4,,,,,,,,,,,,,,,,,,,,,,,,,,
267533,2016-04-02,Barcelona,Real Madrid,La Liga,2015/2016,8978e078-65a8-4c6f-842c-db9a143d0c9d,3374,2,00:36:46.327000,81,46,Carry,Real Madrid,Carlos Henrique Casimiro,Center Defensive Midfield,154,Real Madrid,51.6,25.4,1.562276,,,,,,,,,,,54.4,30.8,,,,,,,,,,,,,
267533,2016-04-02,Barcelona,Real Madrid,La Liga,2015/2016,0774ee3a-abbe-4ca1-a905-0782831658ea,3375,2,00:36:47.890000,81,47,Pass,Real Madrid,Carlos Henrique Casimiro,Center Defensive Midfield,154,Real Madrid,54.4,30.8,2.45,,,,Gareth Frank Bale,95.9,54.2,47.642525,0.5134185,High Pass,Incomplete,,,,,,,,,,,,,,,
267533,2016-04-02,Barcelona,Real Madrid,La Liga,2015/2016,b893055e-3530-4575-ae93-cec98277e821,3376,2,00:36:50.340000,81,50,Ball Receipt*,Real Madrid,Gareth Frank Bale,Right Wing,154,Real Madrid,98.0,54.4,,,,,,,,,,,,,,,,,,,,,,,,,,
267533,2016-04-02,Barcelona,Real Madrid,La Liga,2015/2016,8d144097-a641-467a-8a89-0967c7326632,3377,2,00:36:50.340000,81,50,Ball Recovery,Barcelona,Jordi Alba Ramos,Left Back,154,Real Madrid,24.2,25.9,0.0,,,,,,,,,,,,,,,,,,,,,,,,,
267533,2016-04-02,Barcelona,Real Madrid,La Liga,2015/2016,2ef962fc-45c9-4adf-9e39-672169dda762,3378,2,00:36:50.420000,81,50,Error,Barcelona,Jordi Alba Ramos,Left Back,154,Real Madrid,27.2,26.8,0.0,,,,,,,,,,,,,,,,,,,,,,,,,
267533,2016-04-02,Barcelona,Real Madrid,La Liga,2015/2016,6139e590-5910-466f-8d2a-fcd9ced0733c,3379,2,00:36:51.961000,81,51,Ball Recovery,Real Madrid,Gareth Frank Bale,Right Wing,154,Real Madrid,109.4,55.5,0.0,,,,,,,,,,,,,,,,,,,,,,,,,
267533,2016-04-02,Barcelona,Real Madrid,La Liga,2015/2016,b940e093-9ade-457e-988c-14c8d6b6f321,3380,2,00:36:52.078000,81,52,Shot,Real Madrid,Gareth Frank Bale,Right Wing,154,Real Madrid,110.1,56.2,0.0862,,,,,,,,,,,,,0.12785544,Saved,Right Foot,Normal,,,,,,,,,
267533,2016-04-02,Barcelona,Real Madrid,La Liga,2015/2016,c7f69c1d-8f98-4034-99a8-eef17ccb549a,3381,2,00:36:52.164000,81,52,Goal Keeper,Barcelona,Claudio Andrés Bravo Muñoz,Goalkeeper,154,Real Madrid,9.3,25.1,0.0,,,,,,,,,,,,,,,,,,,,,,,,,
267533,2016-04-02,Barcelona,Real Madrid,La Liga,2015/2016,6ea24b2d-5b11-42bf-9c6c-0fc1ab0bdd53,3382,2,00:36:53.758000,81,53,Clearance,Barcelona,Jordi Alba Ramos,Left Back,154,Real Madrid,3.7,34.0,0.0,True,,,,,,,,,,,,,,,,,,,,,,,,
267533,2016-04-02,Barcelona,Real Madrid,La Liga,2015/2016,82fd1d9f-e2dc-4af7-b448-a42d2972925b,3383,2,00:36:56.034000,81,56,Pressure,Real Madrid,Toni Kroos,Left Center Midfield,154,Real Madrid,77.4,37.6,1.31233,,,,,,,,,,,,,,,,,,,,,,,,,
267533,2016-04-02,Barcelona,Real Madrid,La Liga,2015/2016,8f7f18a3-4e69-44a2-9c9f-3e2c64794d0f,3384,2,00:36:56.145000,81,56,Ball Recovery,Barcelona,Sergio Busquets i Burgos,Center Defensive Midfield,154,Real Madrid,36.1,40.9,0.0,True,,,,,,,,,,,,,,,,,,,,,,,,
267533,2016-04-02,Barcelona,Real Madrid,La Liga,2015/2016,f7a40c51-d658-4c7f-89f8-788e612a79fb,3385,2,00:36:57.346000,81,57,Foul Committed,Real Madrid,Toni Kroos,Left Center Midfield,154,Real Madrid,83.9,31.3,0.0,,,,,,,,,,,,,,,,,,,Handball,,,,,,
267533,2016-04-02,Barcelona,Real Madrid,La Liga,2015/2016,8e1b9dc8-7331-47f3-ba91-c83fb0d8a04d,3386,2,00:37:14.702000,82,14,Pass,Barcelona,Gerard Piqué Bernabéu,Right Center Back,155,Barcelona,36.2,49.0,3.2332,,True,,Sergio Busquets i Burgos,47.6,40.4,14.280056,-0.6463022,Ground Pass,,,,,,,,,,,,,,,,
267533,2016-04-02,Barcelona,Real Madrid,La Liga,2015/2016,3f0ac556-8d9a-4e2c-b4dd-d14216d00b53,3387,2,00:37:17.935000,82,17,Ball Receipt*,Barcelona,Sergio Busquets i Burgos,Center Defensive Midfield,155,Barcelona,47.6,40.4,,,,,,,,,,,,,,,,,,,,,,,,,,
267533,2016-04-02,Barcelona,Real Madrid,La Liga,2015/2016,f22d3f69-8fa5-490e-b22d-5e836b28eed7,3388,2,00:37:19.615000,82,19,Pass,Barcelona,Sergio Busquets i Burgos,Center Defensive Midfield,155,Barcelona,47.6,36.3,2.397886,,True,,Javier Alejandro Mascherano,37.3,22.6,17.14001,-2.2154644,Ground Pass,,,,,,,,,,,,,,,,
267533,2016-04-02,Barcelona,Real Madrid,La Liga,2015/2016,9518d727-166f-4ab6-8c7a-5d8c576160b6,3389,2,00:37:22.013000,82,22,Ball Receipt*,Barcelona,Javier Alejandro Mascherano,Left Center Back,155,Barcelona,37.3,22.6,,,,,,,,,,,,,,,,,,,,,,,,,,
267533,2016-04-02,Barcelona,Real Madrid,La Liga,2015/2016,4af22d56-4f91-47fc-abdf-555546c37faf,3390,2,00:37:24.261000,82,24,Pass,Barcelona,Javier Alejandro Mascherano,Left Center Back,155,Barcelona,39.9,25.9,1.824201,,True,,Sergio Busquets i Burgos,47.9,32.5,10.371114,0.6898,Ground Pass,,,,,,,,,,,,,,,,
267533,2016-04-02,Barcelona,Real Madrid,La Liga,2015/2016,44ab9800-1d0a-4335-9bae-adc5ac669405,3391,2,00:37:26.085000,82,26,Ball Receipt*,Barcelona,Sergio Busquets i Burgos,Center Defensive Midfield,155,Barcelona,47.9,32.5,,,,,,,,,,,,,,,,,,,,,,,,,,
267533,2016-04-02,Barcelona,Real Madrid,La Liga,2015/2016,ceaa9c00-fff1-491f-abce-b8d8e45e27f2,3392,2,00:37:26.651000,82,26,Pass,Barcelona,Sergio Busquets i Burgos,Center Defensive Midfield,155,Barcelona,49.2,32.6,1.358425,,,,Arda Turan,56.2,61.9,30.124575,1.3362843,Ground Pass,,,,,,,,,,,,,,,,
267533,2016-04-02,Barcelona,Real Madrid,La Liga,2015/2016,9df1ae43-62e6-4ed2-9913-c7f8ced02b62,3393,2,00:37:28.009000,82,28,Ball Receipt*,Barcelona,Arda Turan,Right Center Midfield,155,Barcelona,56.2,61.9,,,,,,,,,,,,,,,,,,,,,,,,,,
267533,2016-04-02,Barcelona,Real Madrid,La Liga,2015/2016,2d4ea08d-5e7c-43d3-b805-f81429af89a2,3394,2,00:37:28.009000,82,28,Carry,Barcelona,Arda Turan,Right Center Midfield,155,Barcelona,56.2,61.9,2.080006,,,,,,,,,,,62.4,67.7,,,,,,,,,,,,,
267533,2016-04-02,Barcelona,Real Madrid,La Liga,2015/2016,d7721459-e50e-41f8-b28c-89767c835a66,3395,2,00:37:30.089000,82,30,Pass,Barcelona,Arda Turan,Right Center Midfield,155,Barcelona,62.4,67.7,0.8631,,,,Luis Alberto Suárez Díaz,75.9,65.3,13.711674,-0.17593962,Ground Pass,,,,,,,,,,,,,,,,
267533,2016-04-02,Barcelona,Real Madrid,La Liga,2015/2016,7f984a16-af7a-45ca-87ae-fe100fe89cba,3396,2,00:37:30.953000,82,30,Ball Receipt*,Barcelona,Luis Alberto Suárez Díaz,Right Wing,155,Barcelona,75.9,65.3,,,,,,,,,,,,,,,,,,,,,,,,,,
267533,2016-04-02,Barcelona,Real Madrid,La Liga,2015/2016,3cf354c8-22af-4dc4-a424-458e100e6199,3397,2,00:37:30.953000,82,30,Carry,Barcelona,Luis Alberto Suárez Díaz,Right Wing,155,Barcelona,75.9,65.3,0.08,,,,,,,,,,,75.9,65.3,,,,,,,,,,,,,
267533,2016-04-02,Barcelona,Real Madrid,La Liga,2015/2016,2943cffc-604a-4eff-a95b-7a574114f6a9,3398,2,00:37:31.033000,82,31,Pass,Barcelona,Luis Alberto Suárez Díaz,Right Wing,155,Barcelona,75.9,65.3,1.4762,,,,Daniel Alves da Silva,70.9,76.4,12.174153,1.9940248,Ground Pass,,,,,,,,,,,,,,,,
267533,2016-04-02,Barcelona,Real Madrid,La Liga,2015/2016,7348e146-b1e5-41b9-b6a7-7d9331acd225,3399,2,00:37:32.509000,82,32,Ball Receipt*,Barcelona,Daniel Alves da Silva,Right Back,155,Barcelona,70.9,76.4,,,,,,,,,,,,,,,,,,,,,,,,,,
267533,2016-04-02,Barcelona,Real Madrid,La Liga,2015/2016,ee4ea1e3-cf20-4d59-a7ca-fce39a332d59,3400,2,00:37:32.509000,82,32,Carry,Barcelona,Daniel Alves da Silva,Right Back,155,Barcelona,70.9,76.4,0.04,,,,,,,,,,,70.9,76.4,,,,,,,,,,,,,
267533,2016-04-02,Barcelona,Real Madrid,La Liga,2015/2016,65863d28-1f65-4d5d-aed1-72ad36eeacc7,3401,2,00:37:32.549000,82,32,Pass,Barcelona,Daniel Alves da Silva,Right Back,155,Barcelona,70.9,76.4,1.1205,,,,Arda Turan,64.9,71.9,7.5,-2.4980915,Ground Pass,,,,,,,,,,,,,,,,
267533,2016-04-02,Barcelona,Real Madrid,La Liga,2015/2016,8653c390-e3e7-4127-96db-1724f014b16a,3402,2,00:37:33.594000,82,33,Pressure,Real Madrid,Toni Kroos,Left Center Midfield,155,Barcelona,50.5,8.6,2.020896,,,,,,,,,,,,,,,,,,,,,,,,,
267533,2016-04-02,Barcelona,Real Madrid,La Liga,2015/2016,91e06be3-a506-44c6-a030-87bc5556d3df,3403,2,00:37:33.669000,82,33,Ball Receipt*,Barcelona,Arda Turan,Right Center Midfield,155,Barcelona,64.9,71.9,,True,,,,,,,,,,,,,,,,,,,,,,,,
267533,2016-04-02,Barcelona,Real Madrid,La Liga,2015/2016,25d22da4-6aa5-4ab2-8d6f-56e3dfb9ca35,3404,2,00:37:33.669000,82,33,Carry,Barcelona,Arda Turan,Right Center Midfield,155,Barcelona,64.9,71.9,1.778745,True,,,,,,,,,,61.0,64.3,,,,,,,,,,,,,
267533,2016-04-02,Barcelona,Real Madrid,La Liga,2015/2016,27078025-760f-4cc2-aa26-28e2434bce25,3405,2,00:37:35.448000,82,35,Foul Committed,Real Madrid,Toni Kroos,Left Center Midfield,155,Barcelona,59.1,15.8,0.0,,,,,,,,,,,,,,,,,,,,,,,,,
267533,2016-04-02,Barcelona,Real Madrid,La Liga,2015/2016,62cd42f9-499d-4b8a-ba4e-be7ef3deaedf,3406,2,00:37:35.448000,82,35,Foul Won,Barcelona,Arda Turan,Right Center Midfield,155,Barcelona,61.0,64.3,0.0,True,,,,,,,,,,,,,,,,,,,,,True,,,
267533,2016-04-02,Barcelona,Real Madrid,La Liga,2015/2016,01d61ac7-c130-473f-abd5-44b857e2d563,3407,2,00:37:35.448000,82,35,Carry,Barcelona,Arda Turan,Right Center Midfield,155,Barcelona,61.0,64.3,5.833355,True,,,,,,,,,,76.9,39.8,,,,,,,,,,,,,
267533,2016-04-02,Barcelona,Real Madrid,La Liga,2015/2016,b933b5a8-b71e-4ca4-82ec-859da32c2435,3408,2,00:37:39.905000,82,39,Pressure,Real Madrid,Jesé Rodríguez Ruiz,Center Forward,155,Barcelona,56.1,40.5,1.204457,,,,,,,,,,,,,,,,,,,,,,,,,
267533,2016-04-02,Barcelona,Real Madrid,La Liga,2015/2016,8f137b97-7dd2-4cdf-9e4b-5ff1a9b6809d,3409,2,00:37:41.110000,82,41,Pressure,Real Madrid,Carlos Henrique Casimiro,Center Defensive Midfield,155,Barcelona,40.5,38.9,0.2057,,,,,,,,,,,,,,,,,,,,,,,,,
267533,2016-04-02,Barcelona,Real Madrid,La Liga,2015/2016,783f3051-2d03-4520-9f70-e21197f4b16f,3410,2,00:37:41.281000,82,41,Pass,Barcelona,Arda Turan,Right Center Midfield,155,Barcelona,76.9,39.8,0.8832,True,,,Luis Alberto Suárez Díaz,78.6,47.8,8.178631,1.361411,Ground Pass,,,,,,,,,,,,,,,,
267533,2016-04-02,Barcelona,Real Madrid,La Liga,2015/2016,99596e68-5ea4-407c-94db-52db35a974b6,3411,2,00:37:41.568000,82,41,Pressure,Real Madrid,Sergio Ramos García,Left Center Back,155,Barcelona,35.7,33.4,0.5578,,,,,,,,,,,,,,,,,,,,,,,,,
267533,2016-04-02,Barcelona,Real Madrid,La Liga,2015/2016,d087d074-a3e5-4980-baf2-bedfc1632951,3412,2,00:37:42.165000,82,42,Ball Receipt*,Barcelona,Luis Alberto Suárez Díaz,Right Wing,155,Barcelona,78.6,47.8,,,,,,,,,,,,,,,,,,,,,,,,,,
267533,2016-04-02,Barcelona,Real Madrid,La Liga,2015/2016,9ed1cf73-8d08-4100-87df-1f6899504502,3413,2,00:37:42.165000,82,42,Carry,Barcelona,Luis Alberto Suárez Díaz,Right Wing,155,Barcelona,78.6,47.8,0.12,True,,,,,,,,,,78.9,48.0,,,,,,,,,,,,,
267533,2016-04-02,Barcelona,Real Madrid,La Liga,2015/2016,a1fbe2d2-0335-4c1e-8c6b-abf373e6e3b3,3414,2,00:37:42.285000,82,42,Foul Committed,Real Madrid,Sergio Ramos García,Left Center Back,155,Barcelona,41.2,32.1,0.0,,,,,,,,,,,,,,,,,,,,Second Yellow,,,,,
267533,2016-04-02,Barcelona,Real Madrid,La Liga,2015/2016,645d62fb-223c-4448-bfae-b3203daef342,3415,2,00:37:42.285000,82,42,Foul Won,Barcelona,Luis Alberto Suárez Díaz,Right Wing,155,Barcelona,78.9,48.0,0.0,True,,,,,,,,,,,,,,,,,,,,,,,,
267533,2016-04-02,Barcelona,Real Madrid,La Liga,2015/2016,ebcd393d-dfa8-4fb0-b077-ba478cfb615d,3416,2,00:38:46.470000,83,46,Pass,Barcelona,Lionel Andrés Messi Cuccittini,Center Forward,156,Barcelona,79.5,50.2,1.7042,,,,Luis Alberto Suárez Díaz,105.5,43.8,26.77611,-0.2413555,High Pass,,,,,,,,,,,,,,,,
267533,2016-04-02,Barcelona,Real Madrid,La Liga,2015/2016,289198a4-dcca-49cb-9b52-c2db78bfacf3,3417,2,00:38:48.174000,83,48,Ball Receipt*,Barcelona,Luis Alberto Suárez Díaz,Right Wing,156,Barcelona,105.5,43.8,,,,,,,,,,,,,,,,,,,,,,,,,,
267533,2016-04-02,Barcelona,Real Madrid,La Liga,2015/2016,d61bd461-9ddc-466f-9a4e-8aec10e58183,3418,2,00:38:48.291000,83,48,Shot,Barcelona,Luis Alberto Suárez Díaz,Right Wing,156,Barcelona,105.5,44.6,1.0755,,,,,,,,,,,,,0.06002346,Off T,Right Foot,Half Volley,,,,,,,,,
267533,2016-04-02,Barcelona,Real Madrid,La Liga,2015/2016,67970f64-4996-459d-a047-c8172ab58a12,3419,2,00:38:49.366000,83,49,Goal Keeper,Real Madrid,Keylor Navas Gamboa,Goalkeeper,156,Barcelona,2.4,37.8,0.0,,,,,,,,,,,,,,,,,,,,,,,,,
267533,2016-04-02,Barcelona,Real Madrid,La Liga,2015/2016,1bdf778b-52ec-4d94-a12c-e7e786ecfc5a,3420,2,00:39:06.204000,84,6,Tactical Shift,Real Madrid,,,156,Barcelona,,,0.0,,,,,,,,,,,,,,,,,,,,,,,,,
267533,2016-04-02,Barcelona,Real Madrid,La Liga,2015/2016,9450480e-c369-4239-82ef-2f73c895bbc3,3421,2,00:39:13.100000,84,13,Pass,Real Madrid,Keylor Navas Gamboa,Goalkeeper,157,Real Madrid,6.0,36.0,3.961191,,,,,66.9,41.7,61.16617,0.09332418,High Pass,Incomplete,,,,,,,,,,,,,,,
267533,2016-04-02,Barcelona,Real Madrid,La Liga,2015/2016,f32da3bf-46fc-4ec0-bdda-849d070d6a66,3422,2,00:39:17.061000,84,17,Pass,Barcelona,Sergio Busquets i Burgos,Center Defensive Midfield,158,Barcelona,53.2,38.4,0.866559,,,,Andrés Iniesta Luján,57.6,38.0,4.418144,-0.09065989,Low Pass,,,,,,,,,,,,,,,,
267533,2016-04-02,Barcelona,Real Madrid,La Liga,2015/2016,24b6fc54-1a81-45db-a7d3-f3fff7f3d1ba,3423,2,00:39:17.928000,84,17,Ball Receipt*,Barcelona,Andrés Iniesta Luján,Left Center Midfield,158,Barcelona,57.6,38.0,,,,,,,,,,,,,,,,,,,,,,,,,,
267533,2016-04-02,Barcelona,Real Madrid,La Liga,2015/2016,1839f867-5fa2-4f02-856a-e1b051e8c6d0,3424,2,00:39:17.928000,84,17,Carry,Barcelona,Andrés Iniesta Luján,Left Center Midfield,158,Barcelona,57.6,38.0,0.0475,,,,,,,,,,,57.8,37.8,,,,,,,,,,,,,
267533,2016-04-02,Barcelona,Real Madrid,La Liga,2015/2016,597d7f05-9cf5-4182-b2b6-4308afbbc447,3425,2,00:39:17.975000,84,17,Pass,Barcelona,Andrés Iniesta Luján,Left Center Midfield,158,Barcelona,57.8,37.8,1.3042,,,,Jordi Alba Ramos,40.0,28.7,19.991247,-2.6689968,Low Pass,,,,,,,,,,,,,,,,
267533,2016-04-02,Barcelona,Real Madrid,La Liga,2015/2016,6bafbfb4-93c5-4d2c-8fd3-253eb9bcc975,3426,2,00:39:19.279000,84,19,Ball Receipt*,Barcelona,Jordi Alba Ramos,Left Back,158,Barcelona,40.0,28.7,,,,,,,,,,,,,,,,,,,,,,,,,,
267533,2016-04-02,Barcelona,Real Madrid,La Liga,2015/2016,7c5b6c38-4bcc-4784-b7c3-06d9a27d354c,3427,2,00:39:19.279000,84,19,Carry,Barcelona,Jordi Alba Ramos,Left Back,158,Barcelona,40.0,28.7,4.7672,,,,,,,,,,,52.1,22.3,,,,,,,,,,,,,
267533,2016-04-02,Barcelona,Real Madrid,La Liga,2015/2016,99174f4c-26bc-4263-a904-e0b23f5e7386,3428,2,00:39:24.047000,84,24,Pass,Barcelona,Jordi Alba Ramos,Left Back,158,Barcelona,52.1,22.3,1.0043,,,,Neymar da Silva Santos Junior,71.3,20.9,19.250975,-0.07278785,Ground Pass,Incomplete,,,,,,,,,,,,,,,
267533,2016-04-02,Barcelona,Real Madrid,La Liga,2015/2016,adf3faca-f290-4517-9b03-7f2bcd8cea76,3429,2,00:39:25.051000,84,25,Ball Receipt*,Barcelona,Neymar da Silva Santos Junior,Left Wing,158,Barcelona,71.3,20.9,,,,,,,,,,,,,,,,,,,,,,,,,,
267533,2016-04-02,Barcelona,Real Madrid,La Liga,2015/2016,d8092e4f-0749-473c-8a20-995dddac84e1,3430,2,00:39:25.051000,84,25,Interception,Real Madrid,Daniel Carvajal Ramos,Right Back,159,Real Madrid,48.8,59.2,0.0,,,,,,,,,,,,,,,,,,,,,,,,,
267533,2016-04-02,Barcelona,Real Madrid,La Liga,2015/2016,41a556b3-976a-4f69-b01f-0fba238c3201,3431,2,00:39:25.051000,84,25,Carry,Real Madrid,Daniel Carvajal Ramos,Right Back,159,Real Madrid,48.8,59.2,4.0736,True,,,,,,,,,,77.7,53.4,,,,,,,,,,,,,
267533,2016-04-02,Barcelona,Real Madrid,La Liga,2015/2016,5ed44bcb-0fe4-4eef-a368-e84e5a660e41,3432,2,00:39:25.880000,84,25,Pressure,Barcelona,Neymar da Silva Santos Junior,Left Wing,159,Real Madrid,66.3,20.5,1.380697,,,,,,,,,,,,,,,,,,,,,,,,,
267533,2016-04-02,Barcelona,Real Madrid,La Liga,2015/2016,1f0b132d-45ec-42a9-9fcd-d6ffba019bc9,3433,2,00:39:29.125000,84,29,Pass,Real Madrid,Daniel Carvajal Ramos,Right Back,159,Real Madrid,77.7,53.4,0.7541,,,,Jesé Rodríguez Ruiz,84.6,48.9,8.237719,-0.57790196,Ground Pass,,,,,,,,,,,,,,,,
267533,2016-04-02,Barcelona,Real Madrid,La Liga,2015/2016,ecd6ed24-607a-4dc9-86ed-5d27b16a08f7,3434,2,00:39:29.879000,84,29,Ball Receipt*,Real Madrid,Jesé Rodríguez Ruiz,Center Forward,159,Real Madrid,84.6,48.9,,,,,,,,,,,,,,,,,,,,,,,,,,
267533,2016-04-02,Barcelona,Real Madrid,La Liga,2015/2016,250dbff2-5ede-469b-a4f1-ad753c54352a,3435,2,00:39:29.879000,84,29,Carry,Real Madrid,Jesé Rodríguez Ruiz,Center Forward,159,Real Madrid,84.6,48.9,0.4376,,,,,,,,,,,91.4,50.4,,,,,,,,,,,,,
267533,2016-04-02,Barcelona,Real Madrid,La Liga,2015/2016,9a4f02f9-5f0a-4a30-af4a-922ea4bf6ccc,3436,2,00:39:30.316000,84,30,Pass,Real Madrid,Jesé Rodríguez Ruiz,Center Forward,159,Real Madrid,91.4,50.4,2.3228,,,,Gareth Frank Bale,108.7,63.8,21.88264,0.65903914,Ground Pass,,,,,,,,,,,,,,,,
267533,2016-04-02,Barcelona,Real Madrid,La Liga,2015/2016,a3e4a4cd-bc50-4ba5-82dd-5d52374aaeb7,3437,2,00:39:32.639000,84,32,Ball Receipt*,Real Madrid,Gareth Frank Bale,Right Wing,159,Real Madrid,108.7,63.8,,,,,,,,,,,,,,,,,,,,,,,,,,
267533,2016-04-02,Barcelona,Real Madrid,La Liga,2015/2016,ca5bc50a-a935-4f4c-87a3-8ebb88874500,3438,2,00:39:32.639000,84,32,Pass,Real Madrid,Gareth Frank Bale,Right Wing,159,Real Madrid,108.5,64.1,2.386257,,,,Cristiano Ronaldo dos Santos Aveiro,116.9,31.3,33.85853,-1.3200871,High Pass,,,,,,,,,,,,,,,,
267533,2016-04-02,Barcelona,Real Madrid,La Liga,2015/2016,fad0c150-9047-4632-a198-025e54f62e39,3439,2,00:39:35.025000,84,35,Ball Receipt*,Real Madrid,Cristiano Ronaldo dos Santos Aveiro,Left Wing,159,Real Madrid,116.9,31.3,,,,,,,,,,,,,,,,,,,,,,,,,,
267533,2016-04-02,Barcelona,Real Madrid,La Liga,2015/2016,969e7394-de53-4d14-ac86-0dc9f57fd00b,3440,2,00:39:35.025000,84,35,Carry,Real Madrid,Cristiano Ronaldo dos Santos Aveiro,Left Wing,159,Real Madrid,116.9,31.3,1.223643,,,,,,,,,,,115.8,30.1,,,,,,,,,,,,,
267533,2016-04-02,Barcelona,Real Madrid,La Liga,2015/2016,f6d1ebd3-8a50-4c05-bff0-17f75139b50b,3441,2,00:39:36.249000,84,36,Shot,Real Madrid,Cristiano Ronaldo dos Santos Aveiro,Left Wing,159,Real Madrid,115.8,30.1,0.4792,,,,,,,,,,,,,0.07700351,Goal,Right Foot,Normal,,,,,,,,,
267533,2016-04-02,Barcelona,Real Madrid,La Liga,2015/2016,7a0d0d39-2edb-4e85-8d7a-4341bb5bbc4b,3442,2,00:39:36.728000,84,36,Goal Keeper,Barcelona,Claudio Andrés Bravo Muñoz,Goalkeeper,159,Real Madrid,2.8,47.2,0.0,,,,,,,,,,,,,,,,,,,,,,,,,
267533,2016-04-02,Barcelona,Real Madrid,La Liga,2015/2016,5316357a-734a-41fa-80e3-a89b6683a9dc,3443,2,00:40:46.185000,85,46,Pass,Barcelona,Lionel Andrés Messi Cuccittini,Center Forward,160,Barcelona,61.0,40.1,0.7433,,True,,Luis Alberto Suárez Díaz,60.6,40.2,0.41231057,2.896614,Ground Pass,,,,,,,,,,,,,,,,
267533,2016-04-02,Barcelona,Real Madrid,La Liga,2015/2016,3fe20075-1b1f-4288-a77a-ba3b661204d7,3444,2,00:40:46.928000,85,46,Ball Receipt*,Barcelona,Luis Alberto Suárez Díaz,Right Wing,160,Barcelona,60.6,40.2,,,,,,,,,,,,,,,,,,,,,,,,,,
267533,2016-04-02,Barcelona,Real Madrid,La Liga,2015/2016,ff9b0d3d-d377-4ed9-9bd4-fbd297419c1f,3445,2,00:40:48.551000,85,48,Pass,Barcelona,Luis Alberto Suárez Díaz,Right Wing,160,Barcelona,60.0,37.7,2.0117,,True,,Andrés Iniesta Luján,66.9,21.5,17.608236,-1.1681417,Ground Pass,,,,,,,,,,,,,,,,
267533,2016-04-02,Barcelona,Real Madrid,La Liga,2015/2016,4c5e873d-cb63-401b-ad15-cd5d128b661d,3446,2,00:40:50.562000,85,50,Ball Receipt*,Barcelona,Andrés Iniesta Luján,Left Center Midfield,160,Barcelona,66.9,21.5,,,,,,,,,,,,,,,,,,,,,,,,,,
267533,2016-04-02,Barcelona,Real Madrid,La Liga,2015/2016,372748c4-b4b9-4ed4-afd5-8a2bad77e7d9,3447,2,00:40:52.954000,85,52,Pass,Barcelona,Andrés Iniesta Luján,Left Center Midfield,160,Barcelona,75.7,16.3,0.983799,,,,Jordi Alba Ramos,81.7,11.2,7.874643,-0.70449406,Ground Pass,,,,,,,,,,,,,,,,
267533,2016-04-02,Barcelona,Real Madrid,La Liga,2015/2016,b8d8115d-78f8-4f0b-8442-f29ab0030336,3448,2,00:40:53.937000,85,53,Ball Receipt*,Barcelona,Jordi Alba Ramos,Left Back,160,Barcelona,81.7,11.2,,,,,,,,,,,,,,,,,,,,,,,,,,
267533,2016-04-02,Barcelona,Real Madrid,La Liga,2015/2016,5c2fc5bf-9c25-488f-b244-10d7e1f015e0,3449,2,00:40:53.937000,85,53,Carry,Barcelona,Jordi Alba Ramos,Left Back,160,Barcelona,81.7,11.2,0.040001,,,,,,,,,,,82.7,8.4,,,,,,,,,,,,,
267533,2016-04-02,Barcelona,Real Madrid,La Liga,2015/2016,24efa484-ea4c-4993-9018-41f5b83d455f,3450,2,00:40:53.978000,85,53,Pass,Barcelona,Jordi Alba Ramos,Left Back,160,Barcelona,82.7,8.4,0.5742,,,,Andrés Iniesta Luján,76.6,11.8,6.983552,2.6331034,Ground Pass,,,,,,,,,,,,,,,,
267533,2016-04-02,Barcelona,Real Madrid,La Liga,2015/2016,52de6bc8-adce-422a-8d52-3f51b3182641,3451,2,00:40:54.552000,85,54,Ball Receipt*,Barcelona,Andrés Iniesta Luján,Left Center Midfield,160,Barcelona,76.6,11.8,,,,,,,,,,,,,,,,,,,,,,,,,,
267533,2016-04-02,Barcelona,Real Madrid,La Liga,2015/2016,5b9d4fbd-317e-47ea-a042-1b4f36f90a78,3452,2,00:40:54.552000,85,54,Carry,Barcelona,Andrés Iniesta Luján,Left Center Midfield,160,Barcelona,76.6,11.8,1.037328,,,,,,,,,,,76.2,13.2,,,,,,,,,,,,,
267533,2016-04-02,Barcelona,Real Madrid,La Liga,2015/2016,b2965659-d173-455e-86ff-be172f019abb,3453,2,00:40:55.589000,85,55,Pass,Barcelona,Andrés Iniesta Luján,Left Center Midfield,160,Barcelona,76.2,13.2,1.798135,,,,Lionel Andrés Messi Cuccittini,72.0,43.2,30.292574,1.7098923,Ground Pass,,,,,,,,,,,,,,,,
267533,2016-04-02,Barcelona,Real Madrid,La Liga,2015/2016,2989614b-5f28-4d66-a0fd-ae20090fee09,3454,2,00:40:57.387000,85,57,Ball Receipt*,Barcelona,Lionel Andrés Messi Cuccittini,Center Forward,160,Barcelona,72.0,43.2,,,,,,,,,,,,,,,,,,,,,,,,,,
267533,2016-04-02,Barcelona,Real Madrid,La Liga,2015/2016,c8430a96-2b91-4b6f-9902-493f6b4e10e9,3455,2,00:40:57.387000,85,57,Carry,Barcelona,Lionel Andrés Messi Cuccittini,Center Forward,160,Barcelona,72.0,43.2,5.694737,True,,,,,,,,,,75.1,39.6,,,,,,,,,,,,,
267533,2016-04-02,Barcelona,Real Madrid,La Liga,2015/2016,b0552708-c15a-4a0b-a70d-1c7def2ab028,3456,2,00:41:00.934000,86,0,Pressure,Real Madrid,Jesé Rodríguez Ruiz,Center Forward,160,Barcelona,43.2,42.4,2.147659,,,,,,,,,,,,,,,,,,,,,,,,,
267533,2016-04-02,Barcelona,Real Madrid,La Liga,2015/2016,0e411316-3b1f-4b9f-b4ba-ea2c3ab7c994,3457,2,00:41:03.082000,86,3,Dispossessed,Barcelona,Lionel Andrés Messi Cuccittini,Center Forward,160,Barcelona,75.1,39.6,0.0,True,,,,,,,,,,,,,,,,,,,,,,,,
267533,2016-04-02,Barcelona,Real Madrid,La Liga,2015/2016,7755acbd-028f-4793-ba21-024de92041ee,3458,2,00:41:03.082000,86,3,Duel,Real Madrid,Jesé Rodríguez Ruiz,Center Forward,160,Barcelona,45.0,40.5,0.0,True,,,,,,,,,,,,,,,,Tackle,Won,,,,,,,
267533,2016-04-02,Barcelona,Real Madrid,La Liga,2015/2016,9fd83356-24eb-4107-8503-3128fbe95648,3459,2,00:41:03.082000,86,3,Carry,Real Madrid,Jesé Rodríguez Ruiz,Center Forward,160,Barcelona,45.0,40.5,1.1914,,,,,,,,,,,53.3,38.9,,,,,,,,,,,,,
267533,2016-04-02,Barcelona,Real Madrid,La Liga,2015/2016,c29ba6f7-ad85-4424-8fd2-1cbd09a15b35,3460,2,00:41:04.273000,86,4,Dispossessed,Real Madrid,Jesé Rodríguez Ruiz,Center Forward,160,Barcelona,53.3,38.9,0.0,True,,,,,,,,,,,,,,,,,,,,,,,,
267533,2016-04-02,Barcelona,Real Madrid,La Liga,2015/2016,532ce2dd-1437-4f21-8350-a1eec7d10552,3461,2,00:41:04.273000,86,4,Duel,Barcelona,Sergio Busquets i Burgos,Center Defensive Midfield,160,Barcelona,66.8,41.2,0.0,True,,,,,,,,,,,,,,,,Tackle,Lost In Play,,,,,,,
267533,2016-04-02,Barcelona,Real Madrid,La Liga,2015/2016,2e427315-24a1-43ea-9396-dcacda487316,3462,2,00:41:07.912000,86,7,Ball Recovery,Barcelona,Gerard Piqué Bernabéu,Right Center Back,160,Barcelona,35.7,45.0,0.0,,,,,,,,,,,,,,,,,,,,,,,,,
267533,2016-04-02,Barcelona,Real Madrid,La Liga,2015/2016,4808cb0f-d6d6-474b-a8e5-dc06bec49159,3463,2,00:41:07.912000,86,7,Carry,Barcelona,Gerard Piqué Bernabéu,Right Center Back,160,Barcelona,35.7,45.0,3.1872,,,,,,,,,,,45.6,44.4,,,,,,,,,,,,,
267533,2016-04-02,Barcelona,Real Madrid,La Liga,2015/2016,ab2d5f35-622b-47ec-b367-5273cd162b71,3464,2,00:41:11.100000,86,11,Pass,Barcelona,Gerard Piqué Bernabéu,Right Center Back,160,Barcelona,45.6,44.4,1.8413,,,,Andrés Iniesta Luján,57.8,24.7,23.17175,-1.0163141,Ground Pass,,,,,,,,,,,,,,,,
267533,2016-04-02,Barcelona,Real Madrid,La Liga,2015/2016,43cf832c-48be-4260-ba27-a00dc132d40c,3465,2,00:41:12.941000,86,12,Ball Receipt*,Barcelona,Andrés Iniesta Luján,Left Center Midfield,160,Barcelona,57.8,24.7,,,,,,,,,,,,,,,,,,,,,,,,,,
267533,2016-04-02,Barcelona,Real Madrid,La Liga,2015/2016,fdfad0c5-9f47-4990-832c-d2135b72626a,3466,2,00:41:12.941000,86,12,Carry,Barcelona,Andrés Iniesta Luján,Left Center Midfield,160,Barcelona,57.8,24.7,2.2675,,,,,,,,,,,69.3,20.2,,,,,,,,,,,,,
267533,2016-04-02,Barcelona,Real Madrid,La Liga,2015/2016,6953f9e1-cef5-4a75-bf66-90a6bdb6e37f,3467,2,00:41:15.208000,86,15,Pass,Barcelona,Andrés Iniesta Luján,Left Center Midfield,160,Barcelona,69.3,20.2,0.7879,,,,Neymar da Silva Santos Junior,78.6,21.5,9.390421,0.13888502,Ground Pass,,,,,,,,,,,,,,,,
267533,2016-04-02,Barcelona,Real Madrid,La Liga,2015/2016,792dbc58-3ed4-45e2-b28a-289b0ec0b0a4,3468,2,00:41:15.996000,86,15,Ball Receipt*,Barcelona,Neymar da Silva Santos Junior,Left Wing,160,Barcelona,78.6,21.5,,,,,,,,,,,,,,,,,,,,,,,,,,
267533,2016-04-02,Barcelona,Real Madrid,La Liga,2015/2016,d61a2ee4-c427-415c-b41b-3a6139bebadc,3469,2,00:41:15.996000,86,15,Carry,Barcelona,Neymar da Silva Santos Junior,Left Wing,160,Barcelona,78.6,21.5,0.04,,,,,,,,,,,78.6,21.5,,,,,,,,,,,,,
267533,2016-04-02,Barcelona,Real Madrid,La Liga,2015/2016,d33ff394-2f3f-4638-85bb-cb9b45d858cd,3470,2,00:41:16.036000,86,16,Pass,Barcelona,Neymar da Silva Santos Junior,Left Wing,160,Barcelona,78.6,21.5,0.721654,,,,Andrés Iniesta Luján,72.5,19.5,6.4195013,-2.824768,Ground Pass,,,,,,,,,,,,,,,,
267533,2016-04-02,Barcelona,Real Madrid,La Liga,2015/2016,c618deed-ac5b-4ae9-8bad-a8c3dc750e72,3471,2,00:41:16.758000,86,16,Ball Receipt*,Barcelona,Andrés Iniesta Luján,Left Center Midfield,160,Barcelona,72.5,19.5,,,,,,,,,,,,,,,,,,,,,,,,,,
267533,2016-04-02,Barcelona,Real Madrid,La Liga,2015/2016,3876b9b5-d401-44a3-90e8-1618d5fe6f63,3472,2,00:41:16.758000,86,16,Carry,Barcelona,Andrés Iniesta Luján,Left Center Midfield,160,Barcelona,72.5,19.5,1.320746,,,,,,,,,,,79.0,9.4,,,,,,,,,,,,,
267533,2016-04-02,Barcelona,Real Madrid,La Liga,2015/2016,6e6437da-88df-4218-953a-b15f90025a76,3473,2,00:41:18.079000,86,18,Pass,Barcelona,Andrés Iniesta Luján,Left Center Midfield,160,Barcelona,79.0,9.4,0.9345,,,,Jordi Alba Ramos,89.9,3.0,12.640016,-0.5309218,Ground Pass,,,,,,,,,,,,,,,,
267533,2016-04-02,Barcelona,Real Madrid,La Liga,2015/2016,6942bf14-a954-4874-b8bd-9b9f59c2fd36,3474,2,00:41:19.013000,86,19,Ball Receipt*,Barcelona,Jordi Alba Ramos,Left Back,160,Barcelona,89.9,3.0,,,,,,,,,,,,,,,,,,,,,,,,,,
267533,2016-04-02,Barcelona,Real Madrid,La Liga,2015/2016,dfe54f9c-433b-438c-805c-a004a58bba18,3475,2,00:41:19.013000,86,19,Carry,Barcelona,Jordi Alba Ramos,Left Back,160,Barcelona,89.9,3.0,0.8828,,,,,,,,,,,91.3,4.6,,,,,,,,,,,,,
267533,2016-04-02,Barcelona,Real Madrid,La Liga,2015/2016,e195efa8-23fb-46cf-8675-c1fbdbe45306,3476,2,00:41:19.896000,86,19,Pass,Barcelona,Jordi Alba Ramos,Left Back,160,Barcelona,91.3,4.6,1.0288,,,,Neymar da Silva Santos Junior,79.6,16.7,16.831518,2.3393893,Ground Pass,,,,,,,,,,,,,,,,
267533,2016-04-02,Barcelona,Real Madrid,La Liga,2015/2016,803c877f-8e21-443c-8dbb-0c4b87296984,3477,2,00:41:20.925000,86,20,Ball Receipt*,Barcelona,Neymar da Silva Santos Junior,Left Wing,160,Barcelona,79.6,16.7,,,,,,,,,,,,,,,,,,,,,,,,,,
267533,2016-04-02,Barcelona,Real Madrid,La Liga,2015/2016,43bf6816-0e74-49e5-aec1-4c33baf2b052,3478,2,00:41:20.925000,86,20,Carry,Barcelona,Neymar da Silva Santos Junior,Left Wing,160,Barcelona,79.6,16.7,3.6368,True,,,,,,,,,,94.2,23.2,,,,,,,,,,,,,
267533,2016-04-02,Barcelona,Real Madrid,La Liga,2015/2016,9984c7d4-6e6f-448b-8bb3-58ed15ebef61,3479,2,00:41:21.162000,86,21,Pressure,Real Madrid,Jesé Rodríguez Ruiz,Center Forward,160,Barcelona,40.6,58.5,1.228696,,,,,,,,,,,,,,,,,,,,,,,,,
267533,2016-04-02,Barcelona,Real Madrid,La Liga,2015/2016,a2fe1ed7-4e34-408a-a3dd-1ad6eeff0e30,3480,2,00:41:22.819000,86,22,Pressure,Real Madrid,Luka Modrić,Right Center Midfield,160,Barcelona,35.3,56.2,1.4645,,,,,,,,,,,,,,,,,,,,,,,,,
267533,2016-04-02,Barcelona,Real Madrid,La Liga,2015/2016,fac142cd-a5dc-4c36-85bb-9bbc5683ab34,3481,2,00:41:24.562000,86,24,Pass,Barcelona,Neymar da Silva Santos Junior,Left Wing,160,Barcelona,94.2,23.2,0.5319,,,,Andrés Iniesta Luján,93.8,28.5,5.315073,1.6461252,Ground Pass,,,,,,,,,,,,,,,,
267533,2016-04-02,Barcelona,Real Madrid,La Liga,2015/2016,4ef8d186-3dbf-415f-b2e3-785d943d6610,3482,2,00:41:24.833000,86,24,Pressure,Real Madrid,Toni Kroos,Left Center Midfield,160,Barcelona,26.3,51.6,0.2493,,,,,,,,,,,,,,,,,,,,,,,,,
267533,2016-04-02,Barcelona,Real Madrid,La Liga,2015/2016,a7aa4bda-7134-49f1-8d17-c0d05f0afb0b,3483,2,00:41:25.093000,86,25,Ball Receipt*,Barcelona,Andrés Iniesta Luján,Left Center Midfield,160,Barcelona,93.8,28.5,,,,,,,,,,,,,,,,,,,,,,,,,,
267533,2016-04-02,Barcelona,Real Madrid,La Liga,2015/2016,0b27579f-6acd-40f0-a4ca-0a199db4008b,3484,2,00:41:25.093000,86,25,Carry,Barcelona,Andrés Iniesta Luján,Left Center Midfield,160,Barcelona,93.8,28.5,0.040000003,,,,,,,,,,,93.2,26.1,,,,,,,,,,,,,
267533,2016-04-02,Barcelona,Real Madrid,La Liga,2015/2016,bd1c9424-77b0-4c5b-ab35-91657bdd051d,3485,2,00:41:25.133000,86,25,Pass,Barcelona,Andrés Iniesta Luján,Left Center Midfield,160,Barcelona,93.2,26.1,0.6005,,,,Neymar da Silva Santos Junior,100.2,24.3,7.2277246,-0.25168997,Low Pass,,,,,,,,,,,,,,,,
267533,2016-04-02,Barcelona,Real Madrid,La Liga,2015/2016,2d79959e-da2b-4d94-ba7e-58d8243fb794,3486,2,00:41:25.734000,86,25,Ball Receipt*,Barcelona,Neymar da Silva Santos Junior,Left Wing,160,Barcelona,100.2,24.3,,,,,,,,,,,,,,,,,,,,,,,,,,
267533,2016-04-02,Barcelona,Real Madrid,La Liga,2015/2016,d44b8b91-03b2-42a1-9d50-af3de76e72d0,3487,2,00:41:25.734000,86,25,Carry,Barcelona,Neymar da Silva Santos Junior,Left Wing,160,Barcelona,100.2,24.3,1.6903,True,,,,,,,,,,104.5,29.7,,,,,,,,,,,,,
267533,2016-04-02,Barcelona,Real Madrid,La Liga,2015/2016,d326aed5-760a-4d86-85b4-2719b520fe51,3488,2,00:41:25.735000,86,25,Pressure,Real Madrid,Daniel Carvajal Ramos,Right Back,160,Barcelona,16.0,56.8,1.683442,,,,,,,,,,,,,,,,,,,,,,,,,
267533,2016-04-02,Barcelona,Real Madrid,La Liga,2015/2016,7b81a8e6-2b02-4459-9cb3-797eecf720f4,3489,2,00:41:27.424000,86,27,Pass,Barcelona,Neymar da Silva Santos Junior,Left Wing,160,Barcelona,104.5,29.7,0.4268,,,,Luis Alberto Suárez Díaz,99.2,33.5,6.521503,2.5195606,Ground Pass,,,,,,,,,,,,,,,,
267533,2016-04-02,Barcelona,Real Madrid,La Liga,2015/2016,cf09dd22-b849-4bc5-b18d-c8241281ae5d,3490,2,00:41:27.851000,86,27,Ball Receipt*,Barcelona,Luis Alberto Suárez Díaz,Right Wing,160,Barcelona,99.2,33.5,,,,,,,,,,,,,,,,,,,,,,,,,,
267533,2016-04-02,Barcelona,Real Madrid,La Liga,2015/2016,e00f2fcc-6f5f-4a18-af03-b12e93ea75c8,3491,2,00:41:27.851000,86,27,Carry,Barcelona,Luis Alberto Suárez Díaz,Right Wing,160,Barcelona,99.2,33.5,1.0413,True,,,,,,,,,,101.7,33.2,,,,,,,,,,,,,
267533,2016-04-02,Barcelona,Real Madrid,La Liga,2015/2016,90145add-9499-44d9-9b14-f5ae8d253db0,3492,2,00:41:28.077000,86,28,Pressure,Real Madrid,Toni Kroos,Left Center Midfield,160,Barcelona,20.4,48.6,0.7035,,,,,,,,,,,,,,,,,,,,,,,,,
267533,2016-04-02,Barcelona,Real Madrid,La Liga,2015/2016,eb99b517-c37b-40cf-a964-6f51ee649c90,3493,2,00:41:28.892000,86,28,Pass,Barcelona,Luis Alberto Suárez Díaz,Right Wing,160,Barcelona,101.7,33.2,0.522326,,,,Andrés Iniesta Luján,106.5,30.6,5.4589376,-0.49642277,Ground Pass,,,,,,,,,,,,,,,,
267533,2016-04-02,Barcelona,Real Madrid,La Liga,2015/2016,92aa1438-1475-4bf8-8a34-11b3975c9dc9,3494,2,00:41:29.415000,86,29,Ball Receipt*,Barcelona,Andrés Iniesta Luján,Left Center Midfield,160,Barcelona,106.5,30.6,,,,,,,,,,,,,,,,,,,,,,,,,,
267533,2016-04-02,Barcelona,Real Madrid,La Liga,2015/2016,67acdb5f-ffbc-46e6-86dd-10bc5afafb53,3495,2,00:41:29.415000,86,29,Carry,Barcelona,Andrés Iniesta Luján,Left Center Midfield,160,Barcelona,106.5,30.6,0.159974,,,,,,,,,,,106.1,29.7,,,,,,,,,,,,,
267533,2016-04-02,Barcelona,Real Madrid,La Liga,2015/2016,b3248bb7-115c-49d3-82fa-4df34faab0c4,3496,2,00:41:29.575000,86,29,Pass,Barcelona,Andrés Iniesta Luján,Left Center Midfield,160,Barcelona,106.1,29.7,0.6625,,,,Luis Alberto Suárez Díaz,110.7,30.2,4.6270943,0.10827059,Ground Pass,Incomplete,,,,,,,,,,,,,,,
267533,2016-04-02,Barcelona,Real Madrid,La Liga,2015/2016,915785f0-180c-4ad8-bb5f-3219d78edd9c,3497,2,00:41:30.237000,86,30,Ball Receipt*,Barcelona,Luis Alberto Suárez Díaz,Right Wing,160,Barcelona,111.1,34.9,,,,,,,,,,,,,,,,,,,,,,,,,,
267533,2016-04-02,Barcelona,Real Madrid,La Liga,2015/2016,590095e2-2e55-4cc1-a64e-14d1d9ca2edb,3498,2,00:41:30.237000,86,30,Clearance,Real Madrid,Daniel Carvajal Ramos,Right Back,160,Barcelona,9.4,49.9,0.0,True,,True,,,,,,,,,,,,,,,,,,,,,,
267533,2016-04-02,Barcelona,Real Madrid,La Liga,2015/2016,99f3a505-9f8b-4bc9-a3cf-852df8a9429b,3499,2,00:41:36.861000,86,36,Pass,Barcelona,Jordi Alba Ramos,Left Back,161,Barcelona,92.4,0.1,1.451048,,,,Javier Alejandro Mascherano,77.9,7.5,16.279127,2.6697035,Low Pass,,,,,,,,,,,,,,,,
267533,2016-04-02,Barcelona,Real Madrid,La Liga,2015/2016,b2a57e38-bd12-4b17-9c60-2036976af156,3500,2,00:41:38.312000,86,38,Ball Receipt*,Barcelona,Javier Alejandro Mascherano,Left Center Back,161,Barcelona,77.9,7.5,,,,,,,,,,,,,,,,,,,,,,,,,,
267533,2016-04-02,Barcelona,Real Madrid,La Liga,2015/2016,050d4bb3-0c8e-42b1-8e2f-4fdb6f75e7e6,3501,2,00:41:38.312000,86,38,Carry,Barcelona,Javier Alejandro Mascherano,Left Center Back,161,Barcelona,77.9,7.5,1.887352,,,,,,,,,,,79.0,17.9,,,,,,,,,,,,,
267533,2016-04-02,Barcelona,Real Madrid,La Liga,2015/2016,1bb1aafc-8627-4efb-a463-8cb3b128f4db,3502,2,00:41:40.200000,86,40,Pass,Barcelona,Javier Alejandro Mascherano,Left Center Back,161,Barcelona,79.0,17.9,0.7788,,,,Sergio Busquets i Burgos,73.8,32.5,15.498387,1.9129522,Ground Pass,,,,,,,,,,,,,,,,
267533,2016-04-02,Barcelona,Real Madrid,La Liga,2015/2016,0820bd87-5030-4595-bdc2-231abe01eef8,3503,2,00:41:40.979000,86,40,Ball Receipt*,Barcelona,Sergio Busquets i Burgos,Center Defensive Midfield,161,Barcelona,73.8,32.5,,,,,,,,,,,,,,,,,,,,,,,,,,
267533,2016-04-02,Barcelona,Real Madrid,La Liga,2015/2016,ca759476-d26c-4f65-8b8a-6c1fd60520f4,3504,2,00:41:40.979000,86,40,Carry,Barcelona,Sergio Busquets i Burgos,Center Defensive Midfield,161,Barcelona,73.8,32.5,0.8649,,,,,,,,,,,73.5,35.8,,,,,,,,,,,,,
267533,2016-04-02,Barcelona,Real Madrid,La Liga,2015/2016,1fa3ac7b-082d-4efe-b7c9-f35c8a3fe650,3505,2,00:41:41.844000,86,41,Pass,Barcelona,Sergio Busquets i Burgos,Center Defensive Midfield,161,Barcelona,73.5,35.8,1.154216,,,,Gerard Piqué Bernabéu,77.5,52.6,17.269627,1.3370532,Ground Pass,,,,,,,,,,,,,,,,
267533,2016-04-02,Barcelona,Real Madrid,La Liga,2015/2016,329d7585-5bb0-4b3f-99ec-ad06cddd13bd,3506,2,00:41:42.998000,86,42,Ball Receipt*,Barcelona,Gerard Piqué Bernabéu,Right Center Back,161,Barcelona,77.5,52.6,,,,,,,,,,,,,,,,,,,,,,,,,,
267533,2016-04-02,Barcelona,Real Madrid,La Liga,2015/2016,5ab62edc-8c37-4a24-b9d6-513404866cd4,3507,2,00:41:42.998000,86,42,Carry,Barcelona,Gerard Piqué Bernabéu,Right Center Back,161,Barcelona,77.5,52.6,1.677584,,,,,,,,,,,83.4,56.3,,,,,,,,,,,,,
267533,2016-04-02,Barcelona,Real Madrid,La Liga,2015/2016,36ae1075-4ccd-48d7-a964-641ab722b0ae,3508,2,00:41:44.675000,86,44,Pass,Barcelona,Gerard Piqué Bernabéu,Right Center Back,161,Barcelona,83.4,56.3,0.5874,,,,,100.3,50.9,17.741758,-0.30927348,Ground Pass,Unknown,,,,,,,,,,,,,,,
267533,2016-04-02,Barcelona,Real Madrid,La Liga,2015/2016,8967942b-026f-4961-a8b0-86297b3e6a5f,3509,2,00:41:45.266000,86,45,Foul Committed,Barcelona,Luis Alberto Suárez Díaz,Right Wing,161,Barcelona,101.0,50.5,0.0,,,,,,,,,,,,,,,,,,,,,,,,,
267533,2016-04-02,Barcelona,Real Madrid,La Liga,2015/2016,63a7b523-2b6c-4621-be66-f35a22073ac9,3510,2,00:41:45.266000,86,45,Foul Won,Real Madrid,Carlos Henrique Casimiro,Left Center Back,161,Barcelona,19.1,29.6,0.0,True,,,,,,,,,,,,,,,,,,,,True,,,,
267533,2016-04-02,Barcelona,Real Madrid,La Liga,2015/2016,f33d119e-6949-4e24-8b66-dc4c6a6001d0,3511,2,00:42:40.435000,87,40,Pass,Real Madrid,Keylor Navas Gamboa,Goalkeeper,162,Real Madrid,22.7,29.2,4.0326,,,,Gareth Frank Bale,91.4,67.5,78.654816,0.5085803,High Pass,,,,,,,,,,,,,,,,
267533,2016-04-02,Barcelona,Real Madrid,La Liga,2015/2016,245be6ed-70f0-4d2a-a3bd-1cd88c6b324d,3512,2,00:42:44.468000,87,44,Ball Receipt*,Real Madrid,Gareth Frank Bale,Right Wing,162,Real Madrid,91.4,67.5,,,,,,,,,,,,,,,,,,,,,,,,,,
267533,2016-04-02,Barcelona,Real Madrid,La Liga,2015/2016,64c4ff4a-6dd3-4035-b2ba-e1d27d6a6853,3513,2,00:42:44.468000,87,44,Pass,Real Madrid,Gareth Frank Bale,Right Wing,162,Real Madrid,91.4,67.5,1.608,,,,Luka Modrić,82.6,71.3,9.585405,2.733961,High Pass,,,,,,,,,,,,,,,,
267533,2016-04-02,Barcelona,Real Madrid,La Liga,2015/2016,22ec6a98-6193-4b86-b46f-b7615890edcd,3514,2,00:42:46.076000,87,46,Ball Receipt*,Real Madrid,Luka Modrić,Right Center Midfield,162,Real Madrid,82.6,71.3,,,,,,,,,,,,,,,,,,,,,,,,,,
267533,2016-04-02,Barcelona,Real Madrid,La Liga,2015/2016,51555d76-274b-44d6-b642-7bdf3294e32b,3515,2,00:42:46.076000,87,46,Carry,Real Madrid,Luka Modrić,Right Center Midfield,162,Real Madrid,82.6,71.3,0.8278,,,,,,,,,,,82.6,72.6,,,,,,,,,,,,,
267533,2016-04-02,Barcelona,Real Madrid,La Liga,2015/2016,1532d685-0fc0-4a5c-81f4-fb3e574a783b,3516,2,00:42:46.904000,87,46,Pass,Real Madrid,Luka Modrić,Right Center Midfield,162,Real Madrid,82.6,72.6,0.911,,,,Gareth Frank Bale,94.3,74.5,11.85327,0.16098781,Low Pass,,,,,,,,,,,,,,,,
267533,2016-04-02,Barcelona,Real Madrid,La Liga,2015/2016,db8e3cfd-337c-4330-ac25-481776ead36d,3517,2,00:42:47.815000,87,47,Ball Receipt*,Real Madrid,Gareth Frank Bale,Right Wing,162,Real Madrid,94.3,74.5,,,,,,,,,,,,,,,,,,,,,,,,,,
267533,2016-04-02,Barcelona,Real Madrid,La Liga,2015/2016,c8433446-68a7-419a-b69d-1bf41fe40356,3518,2,00:42:47.815000,87,47,Carry,Real Madrid,Gareth Frank Bale,Right Wing,162,Real Madrid,94.3,74.5,2.1811,,,,,,,,,,,106.1,73.4,,,,,,,,,,,,,
267533,2016-04-02,Barcelona,Real Madrid,La Liga,2015/2016,79aa5e1d-1772-4a22-93bb-54a074c1375f,3519,2,00:42:49.996000,87,49,Pass,Real Madrid,Gareth Frank Bale,Right Wing,162,Real Madrid,106.1,73.4,0.939,,,,Luka Modrić,105.6,56.8,16.607529,-1.6009077,Ground Pass,,,,,,,,,,,,,,,,
267533,2016-04-02,Barcelona,Real Madrid,La Liga,2015/2016,6fe9b7f9-9179-408a-9896-cf29e8f27ca9,3520,2,00:42:50.935000,87,50,Ball Receipt*,Real Madrid,Luka Modrić,Right Center Midfield,162,Real Madrid,105.6,56.8,,,,,,,,,,,,,,,,,,,,,,,,,,
267533,2016-04-02,Barcelona,Real Madrid,La Liga,2015/2016,9b607f36-e3e6-4332-94bb-d509e95d0d91,3521,2,00:42:50.935000,87,50,Carry,Real Madrid,Luka Modrić,Right Center Midfield,162,Real Madrid,105.6,56.8,1.0187,,,,,,,,,,,109.9,53.7,,,,,,,,,,,,,
267533,2016-04-02,Barcelona,Real Madrid,La Liga,2015/2016,e2571231-3faf-4681-b042-50c76b5ad0bb,3522,2,00:42:51.954000,87,51,Dribble,Real Madrid,Luka Modrić,Right Center Midfield,162,Real Madrid,109.9,53.7,0.0,True,,,,,,,,,,,,,,,,,,,,,,,,
267533,2016-04-02,Barcelona,Real Madrid,La Liga,2015/2016,f8fee832-9889-4d47-9f2e-1a559a72369e,3523,2,00:42:51.954000,87,51,Duel,Barcelona,Gerard Piqué Bernabéu,Right Center Back,163,Barcelona,10.2,26.4,0.0,True,,,,,,,,,,,,,,,,Tackle,Success In Play,,,,,,,
267533,2016-04-02,Barcelona,Real Madrid,La Liga,2015/2016,9a7d7b86-7ed5-45a2-b341-489ac2354cb4,3524,2,00:42:53.291000,87,53,Pass,Barcelona,Javier Alejandro Mascherano,Left Center Back,163,Barcelona,8.9,20.2,0.995,,,,Arda Turan,17.3,36.8,18.604301,1.102341,Ground Pass,,,,,,,,,,,,,,,,
267533,2016-04-02,Barcelona,Real Madrid,La Liga,2015/2016,22f92c32-b99d-4b5e-8544-a9c510677a1a,3525,2,00:42:54.286000,87,54,Ball Receipt*,Barcelona,Arda Turan,Right Center Midfield,163,Barcelona,17.3,36.8,,,,,,,,,,,,,,,,,,,,,,,,,,
267533,2016-04-02,Barcelona,Real Madrid,La Liga,2015/2016,a5de4e0c-9e69-4718-9ee7-76e7c3aac433,3526,2,00:42:54.286000,87,54,Carry,Barcelona,Arda Turan,Right Center Midfield,163,Barcelona,17.3,36.8,1.392708,True,,,,,,,,,,21.6,34.0,,,,,,,,,,,,,
267533,2016-04-02,Barcelona,Real Madrid,La Liga,2015/2016,28b47788-0849-422d-be09-36c1f3c59e36,3527,2,00:42:54.827000,87,54,Pressure,Real Madrid,Toni Kroos,Left Center Midfield,163,Barcelona,96.6,48.5,0.753183,,,,,,,,,,,,,,,,,,,,,,,,,
267533,2016-04-02,Barcelona,Real Madrid,La Liga,2015/2016,65ed5994-bea0-4c93-89d4-84c6a9ab3c2f,3528,2,00:42:55.679000,87,55,Pass,Barcelona,Arda Turan,Right Center Midfield,163,Barcelona,21.6,34.0,1.287024,,,,Lionel Andrés Messi Cuccittini,43.2,39.4,22.26477,0.24497867,Ground Pass,,,,,,,,,,,,,,,,
267533,2016-04-02,Barcelona,Real Madrid,La Liga,2015/2016,2d4f989d-fcdb-4717-86b0-0001e1596f34,3529,2,00:42:56.966000,87,56,Ball Receipt*,Barcelona,Lionel Andrés Messi Cuccittini,Center Forward,163,Barcelona,43.2,39.4,,,,,,,,,,,,,,,,,,,,,,,,,,
267533,2016-04-02,Barcelona,Real Madrid,La Liga,2015/2016,c643be73-4dd8-4ee6-9e25-3f3b9eea9451,3530,2,00:42:56.966000,87,56,Carry,Barcelona,Lionel Andrés Messi Cuccittini,Center Forward,163,Barcelona,43.2,39.4,1.877068,True,,,,,,,,,,57.2,31.2,,,,,,,,,,,,,
267533,2016-04-02,Barcelona,Real Madrid,La Liga,2015/2016,66e96402-7752-46d6-875d-50696c658ea2,3531,2,00:42:57.439000,87,57,Pressure,Real Madrid,Marcelo Vieira da Silva Júnior,Left Back,163,Barcelona,72.5,41.3,1.349363,,,,,,,,,,,,,,,,,,,,,,,,,
267533,2016-04-02,Barcelona,Real Madrid,La Liga,2015/2016,65a1cca2-3e95-4237-98b7-2de539020b40,3532,2,00:42:58.843000,87,58,Pass,Barcelona,Lionel Andrés Messi Cuccittini,Center Forward,163,Barcelona,57.2,31.2,1.395809,,,,Luis Alberto Suárez Díaz,75.5,52.8,28.309893,0.8679171,High Pass,Incomplete,,,,,,,,,,,,,,,
267533,2016-04-02,Barcelona,Real Madrid,La Liga,2015/2016,ed46eaa5-8f48-45fc-ac39-44b14cf499ea,3533,2,00:43:00.239000,88,0,Ball Receipt*,Barcelona,Luis Alberto Suárez Díaz,Right Wing,163,Barcelona,77.3,59.4,,,,,,,,,,,,,,,,,,,,,,,,,,
267533,2016-04-02,Barcelona,Real Madrid,La Liga,2015/2016,927d60a5-31ad-40d8-b405-093bc8b426dd,3534,2,00:43:00.239000,88,0,Pass,Real Madrid,Carlos Henrique Casimiro,Left Center Back,164,Real Madrid,44.6,27.3,2.160591,,,,Jesé Rodríguez Ruiz,51.4,19.6,10.272779,-0.8473876,High Pass,,,,,,,,,,,,,,,,
267533,2016-04-02,Barcelona,Real Madrid,La Liga,2015/2016,74f70541-6317-4347-9079-0d3c27f7e336,3535,2,00:43:02.399000,88,2,Ball Receipt*,Real Madrid,Jesé Rodríguez Ruiz,Center Forward,164,Real Madrid,51.4,19.6,,,,,,,,,,,,,,,,,,,,,,,,,,
267533,2016-04-02,Barcelona,Real Madrid,La Liga,2015/2016,cd49c591-3779-4819-95cd-174e400fc590,3536,2,00:43:02.399000,88,2,Carry,Real Madrid,Jesé Rodríguez Ruiz,Center Forward,164,Real Madrid,51.4,19.6,0.040000003,,,,,,,,,,,50.8,20.0,,,,,,,,,,,,,
267533,2016-04-02,Barcelona,Real Madrid,La Liga,2015/2016,0d3ed0fa-48fa-4bbf-b144-ffba3bfef38c,3537,2,00:43:02.439000,88,2,Pass,Real Madrid,Jesé Rodríguez Ruiz,Center Forward,164,Real Madrid,50.8,20.0,0.28,,,,Cristiano Ronaldo dos Santos Aveiro,56.4,17.8,6.0166435,-0.37433362,High Pass,Incomplete,,,,,,,,,,,,,,,
267533,2016-04-02,Barcelona,Real Madrid,La Liga,2015/2016,718df098-aec5-4c0d-94da-2dcc5db0f10a,3538,2,00:43:02.719000,88,2,Ball Receipt*,Real Madrid,Cristiano Ronaldo dos Santos Aveiro,Left Wing,164,Real Madrid,65.3,20.0,,,,,,,,,,,,,,,,,,,,,,,,,,
267533,2016-04-02,Barcelona,Real Madrid,La Liga,2015/2016,b8d7a979-c38c-49d7-9e8f-75d803172881,3539,2,00:43:02.719000,88,2,Block,Barcelona,Daniel Alves da Silva,Right Back,164,Real Madrid,63.7,62.3,0.0,,,True,,,,,,,,,,,,,,,,,,,,,,
267533,2016-04-02,Barcelona,Real Madrid,La Liga,2015/2016,c4e21490-8a79-4e31-a5b4-da783aace943,3540,2,00:43:30.701000,88,30,Pass,Real Madrid,Marcelo Vieira da Silva Júnior,Left Back,165,Real Madrid,69.3,0.1,1.34239,,,,Jesé Rodríguez Ruiz,85.6,5.5,17.171196,0.31990895,High Pass,,,,,,,,,,,,,,,,
267533,2016-04-02,Barcelona,Real Madrid,La Liga,2015/2016,df5aa337-b3a5-41a9-bd55-902500f346fa,3541,2,00:43:31.867000,88,31,Pressure,Barcelona,Daniel Alves da Silva,Right Back,165,Real Madrid,33.3,73.9,0.97024,,,,,,,,,,,,,,,,,,,,,,,,,
267533,2016-04-02,Barcelona,Real Madrid,La Liga,2015/2016,044afe52-d505-472c-8fac-8b33fb25f7a0,3542,2,00:43:32.043000,88,32,Ball Receipt*,Real Madrid,Jesé Rodríguez Ruiz,Center Forward,165,Real Madrid,85.6,5.5,,True,,,,,,,,,,,,,,,,,,,,,,,,
267533,2016-04-02,Barcelona,Real Madrid,La Liga,2015/2016,8b663504-5076-40ab-a34c-c346a95ed361,3543,2,00:43:32.043000,88,32,Carry,Real Madrid,Jesé Rodríguez Ruiz,Center Forward,165,Real Madrid,85.6,5.5,0.83131,True,,,,,,,,,,85.6,5.2,,,,,,,,,,,,,
267533,2016-04-02,Barcelona,Real Madrid,La Liga,2015/2016,c167e634-13d2-45a2-9a03-f7e08c9c7f1a,3544,2,00:43:32.875000,88,32,Pass,Real Madrid,Jesé Rodríguez Ruiz,Center Forward,165,Real Madrid,85.6,5.2,1.1485,,,,Marcelo Vieira da Silva Júnior,72.1,4.5,13.518136,-3.0897872,Low Pass,,,,,,,,,,,,,,,,
267533,2016-04-02,Barcelona,Real Madrid,La Liga,2015/2016,389f9461-7939-4f15-8099-0f95fc5cd772,3545,2,00:43:34.023000,88,34,Ball Receipt*,Real Madrid,Marcelo Vieira da Silva Júnior,Left Back,165,Real Madrid,72.1,4.5,,,,,,,,,,,,,,,,,,,,,,,,,,
267533,2016-04-02,Barcelona,Real Madrid,La Liga,2015/2016,1a6ab503-b170-40f3-ac92-c4bad74dcbe2,3546,2,00:43:34.023000,88,34,Carry,Real Madrid,Marcelo Vieira da Silva Júnior,Left Back,165,Real Madrid,72.1,4.5,1.9837,True,,,,,,,,,,71.6,4.2,,,,,,,,,,,,,
267533,2016-04-02,Barcelona,Real Madrid,La Liga,2015/2016,2de3a96c-7fb3-4190-8ddb-9b1deb83997f,3547,2,00:43:34.221000,88,34,Pressure,Barcelona,Sergio Busquets i Burgos,Center Defensive Midfield,165,Real Madrid,48.0,73.5,1.640606,,,,,,,,,,,,,,,,,,,,,,,,,
267533,2016-04-02,Barcelona,Real Madrid,La Liga,2015/2016,a47adbec-23e7-49eb-ae97-2e64254d5ebe,3548,2,00:43:36.007000,88,36,Pass,Real Madrid,Marcelo Vieira da Silva Júnior,Left Back,165,Real Madrid,71.6,4.2,0.1975,,,,,66.1,6.6,6.0008335,2.7301364,Low Pass,Incomplete,,,,,,,,,,,,,,,
267533,2016-04-02,Barcelona,Real Madrid,La Liga,2015/2016,868f581d-b3a5-4dd8-9e3e-19fdc87822d7,3549,2,00:43:36.204000,88,36,Block,Barcelona,Luis Alberto Suárez Díaz,Right Wing,165,Real Madrid,54.0,73.5,0.0,,,True,,,,,,,,,,,,,,,,,,,,,,
267533,2016-04-02,Barcelona,Real Madrid,La Liga,2015/2016,170290fb-9533-40af-809a-1b757c431012,3550,2,00:43:44.171000,88,44,Pass,Real Madrid,Marcelo Vieira da Silva Júnior,Left Back,166,Real Madrid,67.1,0.1,0.9447,,,,Toni Kroos,68.8,8.2,8.276473,1.3639224,High Pass,,,,,,,,,,,,,,,,
267533,2016-04-02,Barcelona,Real Madrid,La Liga,2015/2016,03c2b53c-64d6-47e6-a688-c5a3ce80b67b,3551,2,00:43:45.116000,88,45,Ball Receipt*,Real Madrid,Toni Kroos,Left Center Midfield,166,Real Madrid,68.8,8.2,,,,,,,,,,,,,,,,,,,,,,,,,,
267533,2016-04-02,Barcelona,Real Madrid,La Liga,2015/2016,744e67e6-abd4-4a00-99c3-36407a284811,3552,2,00:43:45.116000,88,45,Pass,Real Madrid,Toni Kroos,Left Center Midfield,166,Real Madrid,68.8,8.2,0.956287,,,,Marcelo Vieira da Silva Júnior,60.5,2.1,10.300486,-2.5077999,Low Pass,,,,,,,,,,,,,,,,
267533,2016-04-02,Barcelona,Real Madrid,La Liga,2015/2016,64d94f41-36b6-4418-87ed-ddda6199cb91,3553,2,00:43:46.072000,88,46,Ball Receipt*,Real Madrid,Marcelo Vieira da Silva Júnior,Left Back,166,Real Madrid,60.5,2.1,,,,,,,,,,,,,,,,,,,,,,,,,,
267533,2016-04-02,Barcelona,Real Madrid,La Liga,2015/2016,6b232cc4-bb90-446b-bdb5-befabed13269,3554,2,00:43:46.072000,88,46,Carry,Real Madrid,Marcelo Vieira da Silva Júnior,Left Back,166,Real Madrid,60.5,2.1,2.940213,True,,,,,,,,,,57.1,3.1,,,,,,,,,,,,,
267533,2016-04-02,Barcelona,Real Madrid,La Liga,2015/2016,5018ed4f-e681-45a0-93b9-b1c013754e08,3555,2,00:43:47.356000,88,47,Pressure,Barcelona,Sergio Busquets i Burgos,Center Defensive Midfield,166,Real Madrid,61.0,75.9,1.571623,,,,,,,,,,,,,,,,,,,,,,,,,
267533,2016-04-02,Barcelona,Real Madrid,La Liga,2015/2016,b68b31b0-7685-4105-a568-4c012819808c,3556,2,00:43:49.013000,88,49,Pass,Real Madrid,Marcelo Vieira da Silva Júnior,Left Back,166,Real Madrid,57.1,3.1,0.0048,,,,Toni Kroos,57.7,3.4,0.6708204,0.4636476,Ground Pass,Incomplete,,,,,,,,,,,,,,,
267533,2016-04-02,Barcelona,Real Madrid,La Liga,2015/2016,fa90c7e1-82c5-4fb0-8a98-1184c966eacd,3557,2,00:43:49.017000,88,49,Ball Receipt*,Real Madrid,Toni Kroos,Left Center Midfield,166,Real Madrid,61.8,8.6,,,,,,,,,,,,,,,,,,,,,,,,,,
267533,2016-04-02,Barcelona,Real Madrid,La Liga,2015/2016,948334e7-641a-45f5-910f-f22e49da41e9,3558,2,00:43:49.017000,88,49,Block,Barcelona,Arda Turan,Right Center Midfield,166,Real Madrid,62.4,76.7,0.0,,,True,,,,,,,,,,,,,,,,,,,,,,
267533,2016-04-02,Barcelona,Real Madrid,La Liga,2015/2016,f334fbf8-9b8c-4f7e-82a5-ae40dec15eac,3559,2,00:44:00.968000,89,0,Pass,Real Madrid,Marcelo Vieira da Silva Júnior,Left Back,167,Real Madrid,56.0,0.1,1.3823,,,,Cristiano Ronaldo dos Santos Aveiro,75.3,15.1,24.44361,0.66068435,High Pass,,,,,,,,,,,,,,,,
267533,2016-04-02,Barcelona,Real Madrid,La Liga,2015/2016,2f5b805c-d816-4205-b555-ca3bf1411fa0,3560,2,00:44:02.350000,89,2,Ball Receipt*,Real Madrid,Cristiano Ronaldo dos Santos Aveiro,Left Wing,167,Real Madrid,75.3,15.1,,,,,,,,,,,,,,,,,,,,,,,,,,
267533,2016-04-02,Barcelona,Real Madrid,La Liga,2015/2016,18d6d039-6c7e-48dd-b51b-4c126d01ceb1,3561,2,00:44:02.350000,89,2,Carry,Real Madrid,Cristiano Ronaldo dos Santos Aveiro,Left Wing,167,Real Madrid,75.3,15.1,3.222188,True,,,,,,,,,,79.4,3.4,,,,,,,,,,,,,
267533,2016-04-02,Barcelona,Real Madrid,La Liga,2015/2016,3d31b5b8-97ca-415b-a21d-c71d42867f7c,3562,2,00:44:02.627000,89,2,Pressure,Barcelona,Andrés Iniesta Luján,Left Center Midfield,167,Real Madrid,49.9,63.3,2.769509,,,,,,,,,,,,,,,,,,,,,,,,,
267533,2016-04-02,Barcelona,Real Madrid,La Liga,2015/2016,bdbaa81e-b3d3-45b0-8dd6-96ef5f08f1b9,3563,2,00:44:04.574000,89,4,Pressure,Barcelona,Gerard Piqué Bernabéu,Right Center Back,167,Real Madrid,41.4,74.0,0.992166,,,,,,,,,,,,,,,,,,,,,,,,,
267533,2016-04-02,Barcelona,Real Madrid,La Liga,2015/2016,5a6da300-23bd-430c-9781-491a0e1552c9,3564,2,00:44:05.572000,89,5,Dribble,Real Madrid,Cristiano Ronaldo dos Santos Aveiro,Left Wing,167,Real Madrid,79.4,3.4,0.0,True,,,,,,,,,,,,,,,,,,,,,,,,
267533,2016-04-02,Barcelona,Real Madrid,La Liga,2015/2016,7218be07-5ccb-4d1e-84b3-ad57b1bf888c,3565,2,00:44:05.572000,89,5,Duel,Barcelona,Gerard Piqué Bernabéu,Right Center Back,167,Real Madrid,40.7,76.7,0.0,True,,,,,,,,,,,,,,,,Tackle,Success In Play,,,,,,,
267533,2016-04-02,Barcelona,Real Madrid,La Liga,2015/2016,ae99e9ef-0076-4f53-b9fb-f1f440750335,3566,2,00:44:07.017000,89,7,Ball Recovery,Barcelona,Andrés Iniesta Luján,Left Center Midfield,167,Real Madrid,43.1,74.6,0.0,,,,,,,,,,,,,,,,,,,,,,,,,
267533,2016-04-02,Barcelona,Real Madrid,La Liga,2015/2016,8e3f665d-7b17-466c-8046-6a905410dd77,3567,2,00:44:07.017000,89,7,Carry,Barcelona,Andrés Iniesta Luján,Left Center Midfield,167,Real Madrid,43.1,74.6,2.874867,,,,,,,,,,,55.4,70.1,,,,,,,,,,,,,
267533,2016-04-02,Barcelona,Real Madrid,La Liga,2015/2016,4152bbc4-6526-4b8d-a9ad-47ea430258f6,3568,2,00:44:09.892000,89,9,Pass,Barcelona,Andrés Iniesta Luján,Left Center Midfield,167,Real Madrid,55.4,70.1,0.593982,,,,Luis Alberto Suárez Díaz,62.7,72.1,7.569016,0.26741078,Ground Pass,Incomplete,,,,,,,,,,,,,,,
267533,2016-04-02,Barcelona,Real Madrid,La Liga,2015/2016,de52844b-7553-45f5-a88b-a4c9d49a3aff,3569,2,00:44:10.486000,89,10,Ball Receipt*,Barcelona,Luis Alberto Suárez Díaz,Right Wing,167,Real Madrid,65.5,70.7,,,,,,,,,,,,,,,,,,,,,,,,,,
267533,2016-04-02,Barcelona,Real Madrid,La Liga,2015/2016,ac15509c-0f19-432f-a0c7-c01bef2e70b3,3570,2,00:44:10.486000,89,10,Interception,Real Madrid,Marcelo Vieira da Silva Júnior,Left Back,167,Real Madrid,57.4,8.0,0.0,,,,,,,,,,,,,,,,,,,,,,,,,
267533,2016-04-02,Barcelona,Real Madrid,La Liga,2015/2016,f698fe81-9c65-4a1b-8063-ab757146d5dc,3571,2,00:44:10.486000,89,10,Carry,Real Madrid,Marcelo Vieira da Silva Júnior,Left Back,167,Real Madrid,57.4,8.0,1.351006,True,,,,,,,,,,56.0,13.0,,,,,,,,,,,,,
267533,2016-04-02,Barcelona,Real Madrid,La Liga,2015/2016,1ccce449-98df-4d01-add9-747adc06603f,3572,2,00:44:11.293000,89,11,Pressure,Barcelona,Andrés Iniesta Luján,Left Center Midfield,167,Real Madrid,62.1,67.1,0.422904,,,,,,,,,,,,,,,,,,,,,,,,,
267533,2016-04-02,Barcelona,Real Madrid,La Liga,2015/2016,7a6c9842-a9c3-4ae8-bba5-ff2b28e3f3a7,3573,2,00:44:11.837000,89,11,Dribble,Real Madrid,Marcelo Vieira da Silva Júnior,Left Back,167,Real Madrid,56.0,13.0,0.0,True,,,,,,,,,,,,,,,,,,,,,,,,
267533,2016-04-02,Barcelona,Real Madrid,La Liga,2015/2016,0787e335-82e4-4a0f-a2b1-7d051cf546c4,3574,2,00:44:11.837000,89,11,Duel,Barcelona,Andrés Iniesta Luján,Left Center Midfield,167,Real Madrid,64.1,67.1,0.0,True,,,,,,,,,,,,,,,,Tackle,Lost In Play,,,,,,,
267533,2016-04-02,Barcelona,Real Madrid,La Liga,2015/2016,43c0f31d-d849-4e1f-939d-4c1afccb99cd,3575,2,00:44:12.876000,89,12,Foul Committed,Real Madrid,Luka Modrić,Right Center Midfield,167,Real Madrid,56.4,15.4,0.0,,,,,,,,,,,,,,,,,,,,,,,,,
267533,2016-04-02,Barcelona,Real Madrid,La Liga,2015/2016,135e7148-53c4-4413-a207-e7274ba13dd9,3576,2,00:44:12.876000,89,12,Foul Won,Barcelona,Andrés Iniesta Luján,Left Center Midfield,167,Real Madrid,63.7,64.7,0.0,True,,,,,,,,,,,,,,,,,,,,True,,,,
267533,2016-04-02,Barcelona,Real Madrid,La Liga,2015/2016,a648340f-c03f-4a2c-b389-6ac0a79aecf6,3577,2,00:44:41.501000,89,41,Injury Stoppage,Real Madrid,Gareth Frank Bale,Right Wing,167,Real Madrid,,,0.0,,,,,,,,,,,,,,,,,,,,,,,,,
267533,2016-04-02,Barcelona,Real Madrid,La Liga,2015/2016,c622c36a-0df9-4938-9e13-2fca467f758c,3578,2,00:45:06.195000,90,6,Substitution,Real Madrid,Gareth Frank Bale,Right Wing,167,Real Madrid,,,0.0,,,,,,,,,,,,,,,,,,,,,,,,Lucas Vázquez Iglesias,Tactical
267533,2016-04-02,Barcelona,Real Madrid,La Liga,2015/2016,8700e567-6aa1-4504-84a6-f3adb6266932,3579,2,00:45:08.251000,90,8,Pass,Barcelona,Lionel Andrés Messi Cuccittini,Center Forward,168,Barcelona,70.6,62.1,0.966845,,,,Javier Alejandro Mascherano,70.1,49.1,13.009612,-1.6092389,Ground Pass,,,,,,,,,,,,,,,,
267533,2016-04-02,Barcelona,Real Madrid,La Liga,2015/2016,04160a60-09a4-42a0-9a23-7b99d1bb9286,3580,2,00:45:09.218000,90,9,Ball Receipt*,Barcelona,Javier Alejandro Mascherano,Left Center Back,168,Barcelona,70.1,49.1,,,,,,,,,,,,,,,,,,,,,,,,,,
267533,2016-04-02,Barcelona,Real Madrid,La Liga,2015/2016,8ac1106b-c11d-46e9-ab9f-bf999c8edf8f,3581,2,00:45:09.218000,90,9,Carry,Barcelona,Javier Alejandro Mascherano,Left Center Back,168,Barcelona,70.1,49.1,0.039955,,,,,,,,,,,70.3,49.5,,,,,,,,,,,,,
267533,2016-04-02,Barcelona,Real Madrid,La Liga,2015/2016,75c1ddd1-b8d0-481a-ae8a-033c06cdd7a5,3582,2,00:45:09.258000,90,9,Pass,Barcelona,Javier Alejandro Mascherano,Left Center Back,168,Barcelona,70.3,49.5,0.610188,,,,Lionel Andrés Messi Cuccittini,73.5,56.7,7.879086,1.152572,Ground Pass,,,,,,,,,,,,,,,,
267533,2016-04-02,Barcelona,Real Madrid,La Liga,2015/2016,b2b88eb5-5f75-43d0-856f-dbdb7dc99306,3583,2,00:45:09.868000,90,9,Ball Receipt*,Barcelona,Lionel Andrés Messi Cuccittini,Center Forward,168,Barcelona,73.5,56.7,,,,,,,,,,,,,,,,,,,,,,,,,,
267533,2016-04-02,Barcelona,Real Madrid,La Liga,2015/2016,460e9139-7951-4e7a-b9a1-09f5cf9308a3,3584,2,00:45:09.868000,90,9,Carry,Barcelona,Lionel Andrés Messi Cuccittini,Center Forward,168,Barcelona,73.5,56.7,1.404312,,,,,,,,,,,76.1,55.6,,,,,,,,,,,,,
267533,2016-04-02,Barcelona,Real Madrid,La Liga,2015/2016,1728e742-0137-44de-89ea-36e61e5af23a,3585,2,00:45:11.272000,90,11,Pass,Barcelona,Lionel Andrés Messi Cuccittini,Center Forward,168,Barcelona,76.1,55.6,0.1582,,,,,79.6,52.2,4.879549,-0.77090645,Low Pass,Incomplete,,,,,,,,,,,,,,,
267533,2016-04-02,Barcelona,Real Madrid,La Liga,2015/2016,8e8ffdd4-fcc5-40be-80a9-707ad868412f,3586,2,00:45:11.430000,90,11,Block,Real Madrid,Luka Modrić,Right Center Midfield,168,Barcelona,40.5,27.9,0.0,,,,,,,,,,,,,,,,,,,,,,,,,
267533,2016-04-02,Barcelona,Real Madrid,La Liga,2015/2016,eb17fbd5-b10b-4101-86db-14d8cb5f171e,3587,2,00:45:14.011000,90,14,Ball Recovery,Real Madrid,Luka Modrić,Right Center Midfield,168,Barcelona,34.0,28.6,0.0,,,,,,,,,,,,,,,,,,,,,,,,,
267533,2016-04-02,Barcelona,Real Madrid,La Liga,2015/2016,2fe13337-d8e3-4a11-a851-fa0df1ceba67,3588,2,00:45:15.691000,90,15,Ball Recovery,Barcelona,Arda Turan,Right Center Midfield,168,Barcelona,82.4,56.6,0.0,,,,,,,,,,,,,,,,,,,,,,,,,
267533,2016-04-02,Barcelona,Real Madrid,La Liga,2015/2016,5a3f2ddc-4014-4c2c-9a75-3ec9b0943191,3589,2,00:45:15.691000,90,15,Carry,Barcelona,Arda Turan,Right Center Midfield,168,Barcelona,82.4,56.6,0.77757,,,,,,,,,,,81.9,60.1,,,,,,,,,,,,,
267533,2016-04-02,Barcelona,Real Madrid,La Liga,2015/2016,030f6b68-cb83-4d49-8704-39c170e8c700,3590,2,00:45:16.469000,90,16,Pass,Barcelona,Arda Turan,Right Center Midfield,168,Barcelona,81.9,60.1,0.757313,,,,Luis Alberto Suárez Díaz,97.9,60.9,16.019987,0.049958397,Ground Pass,,,,,,,,,,,,,,,,
267533,2016-04-02,Barcelona,Real Madrid,La Liga,2015/2016,d1602d4f-2331-4fe8-befd-9915e9fd886b,3591,2,00:45:17.226000,90,17,Ball Receipt*,Barcelona,Luis Alberto Suárez Díaz,Right Wing,168,Barcelona,97.9,60.9,,,,,,,,,,,,,,,,,,,,,,,,,,
267533,2016-04-02,Barcelona,Real Madrid,La Liga,2015/2016,4e477328-bb7a-4b24-a966-eee1b16fbeb1,3592,2,00:45:17.226000,90,17,Carry,Barcelona,Luis Alberto Suárez Díaz,Right Wing,168,Barcelona,97.9,60.9,0.973687,True,,,,,,,,,,102.4,59.4,,,,,,,,,,,,,
267533,2016-04-02,Barcelona,Real Madrid,La Liga,2015/2016,bfd4ba62-0ada-4b25-a345-892b6973aa08,3593,2,00:45:17.972000,90,17,Pressure,Real Madrid,Carlos Henrique Casimiro,Left Center Back,168,Barcelona,16.6,23.8,0.2981,,,,,,,,,,,,,,,,,,,,,,,,,
267533,2016-04-02,Barcelona,Real Madrid,La Liga,2015/2016,9cfcbbfa-cf08-4abc-bc66-c9b8633dbf2c,3594,2,00:45:18.200000,90,18,Pass,Barcelona,Luis Alberto Suárez Díaz,Right Wing,168,Barcelona,102.4,59.4,0.9487,True,,,Lionel Andrés Messi Cuccittini,99.3,53.2,6.931811,-2.0344439,Ground Pass,Incomplete,,,,,,,,,,,,,,,
267533,2016-04-02,Barcelona,Real Madrid,La Liga,2015/2016,1e86da19-08fb-4f47-8706-239a2d3fd14e,3595,2,00:45:19.149000,90,19,Ball Receipt*,Barcelona,Lionel Andrés Messi Cuccittini,Center Forward,168,Barcelona,96.6,52.3,,,,,,,,,,,,,,,,,,,,,,,,,,
267533,2016-04-02,Barcelona,Real Madrid,La Liga,2015/2016,41a7e2ae-0100-48d1-8799-3951a929cdfd,3596,2,00:45:19.149000,90,19,Ball Recovery,Real Madrid,Toni Kroos,Left Center Midfield,169,Real Madrid,20.8,26.9,0.0,,,,,,,,,,,,,,,,,,,,,,,,,
267533,2016-04-02,Barcelona,Real Madrid,La Liga,2015/2016,5408b319-6c4d-494f-adb6-78575f0024af,3597,2,00:45:19.149000,90,19,Carry,Real Madrid,Toni Kroos,Left Center Midfield,169,Real Madrid,20.8,26.9,2.6693,,,,,,,,,,,14.0,17.5,,,,,,,,,,,,,
267533,2016-04-02,Barcelona,Real Madrid,La Liga,2015/2016,020459ad-33cd-438c-b8ca-7f90816cbe21,3598,2,00:45:21.818000,90,21,Pass,Real Madrid,Toni Kroos,Left Center Midfield,169,Real Madrid,14.0,17.5,2.5705,,,,Cristiano Ronaldo dos Santos Aveiro,52.3,2.1,41.28014,-0.38230574,High Pass,,,,,,,,,,,,,,,,
267533,2016-04-02,Barcelona,Real Madrid,La Liga,2015/2016,4b09f22b-ce8b-41a6-bbb4-eecc8e841bcb,3599,2,00:45:24.388000,90,24,Ball Receipt*,Real Madrid,Cristiano Ronaldo dos Santos Aveiro,Left Wing,169,Real Madrid,52.3,2.1,,,,,,,,,,,,,,,,,,,,,,,,,,
267533,2016-04-02,Barcelona,Real Madrid,La Liga,2015/2016,5b402a26-fa91-4f72-8f68-c1514e6026ed,3600,2,00:45:24.388000,90,24,Pass,Real Madrid,Cristiano Ronaldo dos Santos Aveiro,Left Wing,169,Real Madrid,52.3,2.1,1.513,,,,Jesé Rodríguez Ruiz,46.3,13.8,13.148765,2.0446477,High Pass,,,,,,,,,,,,,,,,
267533,2016-04-02,Barcelona,Real Madrid,La Liga,2015/2016,7ea50a04-c20d-4824-bd1b-b03fe2cdf2d1,3601,2,00:45:25.901000,90,25,Ball Receipt*,Real Madrid,Jesé Rodríguez Ruiz,Center Forward,169,Real Madrid,46.3,13.8,,,,,,,,,,,,,,,,,,,,,,,,,,
267533,2016-04-02,Barcelona,Real Madrid,La Liga,2015/2016,63f6f936-52e8-447c-9229-5193b8fe36c3,3602,2,00:45:25.901000,90,25,Carry,Real Madrid,Jesé Rodríguez Ruiz,Center Forward,169,Real Madrid,46.3,13.8,4.5277,True,,,,,,,,,,64.7,37.9,,,,,,,,,,,,,
267533,2016-04-02,Barcelona,Real Madrid,La Liga,2015/2016,0fff3c7a-0d21-41ef-b0d0-2fea06cb6172,3603,2,00:45:26.241000,90,26,Pressure,Barcelona,Andrés Iniesta Luján,Left Center Midfield,169,Real Madrid,68.9,63.3,0.500141,,,,,,,,,,,,,,,,,,,,,,,,,
267533,2016-04-02,Barcelona,Real Madrid,La Liga,2015/2016,aa77012c-1f24-4203-93e3-5d314382c9b9,3604,2,00:45:28.911000,90,28,Pressure,Barcelona,Daniel Alves da Silva,Right Back,169,Real Madrid,62.7,55.0,1.719835,,,,,,,,,,,,,,,,,,,,,,,,,
267533,2016-04-02,Barcelona,Real Madrid,La Liga,2015/2016,9fc6052d-bca1-4505-bf46-71c1d985d1fd,3605,2,00:45:30.429000,90,30,Pass,Real Madrid,Jesé Rodríguez Ruiz,Center Forward,169,Real Madrid,64.7,37.9,2.935401,True,,,Daniel Carvajal Ramos,79.2,67.8,33.230408,1.1192611,Ground Pass,,,,,,,,,,,,,,,,
267533,2016-04-02,Barcelona,Real Madrid,La Liga,2015/2016,35efc97b-ff64-4013-ace6-d8a3ffedaa5d,3606,2,00:45:33.365000,90,33,Ball Receipt*,Real Madrid,Daniel Carvajal Ramos,Right Back,169,Real Madrid,79.2,67.8,,,,,,,,,,,,,,,,,,,,,,,,,,
267533,2016-04-02,Barcelona,Real Madrid,La Liga,2015/2016,08883e90-800c-459a-a10f-82adb5b10633,3607,2,00:45:33.365000,90,33,Carry,Real Madrid,Daniel Carvajal Ramos,Right Back,169,Real Madrid,79.2,67.8,2.074999,,,,,,,,,,,91.6,70.7,,,,,,,,,,,,,
267533,2016-04-02,Barcelona,Real Madrid,La Liga,2015/2016,9b291c56-3da9-41d7-b454-e5cbe7b72577,3608,2,00:45:35.440000,90,35,Pass,Real Madrid,Daniel Carvajal Ramos,Right Back,169,Real Madrid,91.6,70.7,1.774,,,,Lucas Vázquez Iglesias,112.2,67.8,20.803125,-0.13985763,Ground Pass,,,,,,,,,,,,,,,,
267533,2016-04-02,Barcelona,Real Madrid,La Liga,2015/2016,8f7cdd09-fcc1-4330-bc44-c682afcd93e8,3609,2,00:45:37.214000,90,37,Ball Receipt*,Real Madrid,Lucas Vázquez Iglesias,Right Wing,169,Real Madrid,112.2,67.8,,,,,,,,,,,,,,,,,,,,,,,,,,
267533,2016-04-02,Barcelona,Real Madrid,La Liga,2015/2016,5218eb4a-06c6-4827-88bf-348062ff1935,3610,2,00:45:37.214000,90,37,Carry,Real Madrid,Lucas Vázquez Iglesias,Right Wing,169,Real Madrid,112.2,67.8,1.817333,,,,,,,,,,,112.9,70.2,,,,,,,,,,,,,
267533,2016-04-02,Barcelona,Real Madrid,La Liga,2015/2016,f2ca354f-f3a1-4e04-bfbc-5780f6eef008,3611,2,00:45:39.031000,90,39,Pass,Real Madrid,Lucas Vázquez Iglesias,Right Wing,169,Real Madrid,112.9,70.2,0.581767,,,,Daniel Carvajal Ramos,105.3,75.5,9.265528,2.532635,Ground Pass,,,,,,,,,,,,,,,,
267533,2016-04-02,Barcelona,Real Madrid,La Liga,2015/2016,5bc4f0d5-763e-4f96-9789-dc709e7befbb,3612,2,00:45:39.613000,90,39,Ball Receipt*,Real Madrid,Daniel Carvajal Ramos,Right Back,169,Real Madrid,105.3,75.5,,,,,,,,,,,,,,,,,,,,,,,,,,
267533,2016-04-02,Barcelona,Real Madrid,La Liga,2015/2016,9b46683b-1dc4-4644-baa5-4aca1e9588e8,3613,2,00:45:39.613000,90,39,Carry,Real Madrid,Daniel Carvajal Ramos,Right Back,169,Real Madrid,105.3,75.5,1.932,True,,,,,,,,,,103.9,77.8,,,,,,,,,,,,,
267533,2016-04-02,Barcelona,Real Madrid,La Liga,2015/2016,18766386-58ea-466e-a141-3c12811c1ef8,3614,2,00:45:39.705000,90,39,Pressure,Barcelona,Gerard Piqué Bernabéu,Right Center Back,169,Real Madrid,14.5,8.1,1.69086,,,,,,,,,,,,,,,,,,,,,,,,,
267533,2016-04-02,Barcelona,Real Madrid,La Liga,2015/2016,6e3cd33c-53d8-4951-b36f-04d9790bb406,3615,2,00:45:41.545000,90,41,Dispossessed,Real Madrid,Daniel Carvajal Ramos,Right Back,169,Real Madrid,103.9,77.8,0.0,True,,,,,,,,,,,,,,,,,,,,,,,,
267533,2016-04-02,Barcelona,Real Madrid,La Liga,2015/2016,db94b6f3-edb0-4aaa-bc50-df5b916341c9,3616,2,00:45:41.545000,90,41,Duel,Barcelona,Gerard Piqué Bernabéu,Right Center Back,170,Barcelona,16.2,2.3,0.0,True,,,,,,,,,,,,,,,,Tackle,Won,,,,,,,
267533,2016-04-02,Barcelona,Real Madrid,La Liga,2015/2016,ec112ad8-5b34-497d-ba77-fba266d2edfc,3617,2,00:45:41.545000,90,41,Carry,Barcelona,Gerard Piqué Bernabéu,Right Center Back,170,Barcelona,16.2,2.3,1.404126,,,,,,,,,,,18.6,5.4,,,,,,,,,,,,,
267533,2016-04-02,Barcelona,Real Madrid,La Liga,2015/2016,ea250c88-bff8-4901-ae8f-0db583810d37,3618,2,00:45:42.949000,90,42,Pass,Barcelona,Gerard Piqué Bernabéu,Right Center Back,170,Barcelona,18.6,5.4,0.966529,,,,Jordi Alba Ramos,15.2,11.3,6.809552,2.0935855,Ground Pass,,,,,,,,,,,,,,,,
267533,2016-04-02,Barcelona,Real Madrid,La Liga,2015/2016,304c58c4-d8e7-4040-9887-b235cd06683c,3619,2,00:45:43.915000,90,43,Ball Receipt*,Barcelona,Jordi Alba Ramos,Left Back,170,Barcelona,15.2,11.3,,,,,,,,,,,,,,,,,,,,,,,,,,
267533,2016-04-02,Barcelona,Real Madrid,La Liga,2015/2016,9afba42f-8c69-498a-858b-9318797b198a,3620,2,00:45:43.915000,90,43,Carry,Barcelona,Jordi Alba Ramos,Left Back,170,Barcelona,15.2,11.3,0.548645,,,,,,,,,,,14.5,14.3,,,,,,,,,,,,,
267533,2016-04-02,Barcelona,Real Madrid,La Liga,2015/2016,54e8ac91-6508-4529-b2d0-be1786c0f03f,3621,2,00:45:44.464000,90,44,Pass,Barcelona,Jordi Alba Ramos,Left Back,170,Barcelona,14.5,14.3,0.841576,,,,Daniel Alves da Silva,23.7,24.3,13.58823,0.82704073,Ground Pass,,,,,,,,,,,,,,,,
267533,2016-04-02,Barcelona,Real Madrid,La Liga,2015/2016,ef147a11-a3c6-4018-bdb6-60c17704a8da,3622,2,00:45:45.305000,90,45,Ball Receipt*,Barcelona,Daniel Alves da Silva,Right Back,170,Barcelona,23.7,24.3,,,,,,,,,,,,,,,,,,,,,,,,,,
267533,2016-04-02,Barcelona,Real Madrid,La Liga,2015/2016,874cbc49-7982-4187-9e75-f6f76edd4a05,3623,2,00:45:45.305000,90,45,Carry,Barcelona,Daniel Alves da Silva,Right Back,170,Barcelona,23.7,24.3,1.185312,,,,,,,,,,,28.3,29.1,,,,,,,,,,,,,
267533,2016-04-02,Barcelona,Real Madrid,La Liga,2015/2016,6c346707-f776-470f-8885-2dcf3a531d7b,3624,2,00:45:46.491000,90,46,Pass,Barcelona,Daniel Alves da Silva,Right Back,170,Barcelona,28.3,29.1,0.980828,,,,Andrés Iniesta Luján,34.7,37.4,10.480935,0.9139372,Ground Pass,,,,,,,,,,,,,,,,
267533,2016-04-02,Barcelona,Real Madrid,La Liga,2015/2016,8166eb50-e15c-4d8f-97f7-6d18301da340,3625,2,00:45:47.472000,90,47,Ball Receipt*,Barcelona,Andrés Iniesta Luján,Left Center Midfield,170,Barcelona,34.7,37.4,,,,,,,,,,,,,,,,,,,,,,,,,,
267533,2016-04-02,Barcelona,Real Madrid,La Liga,2015/2016,f6735f5a-1d39-4fcd-8f12-49402cdddaa6,3626,2,00:45:47.472000,90,47,Carry,Barcelona,Andrés Iniesta Luján,Left Center Midfield,170,Barcelona,34.7,37.4,5.792484,True,,,,,,,,,,56.4,9.9,,,,,,,,,,,,,
267533,2016-04-02,Barcelona,Real Madrid,La Liga,2015/2016,8d73bcea-df7f-4ebd-a3e4-f8bac1e176b7,3627,2,00:45:48.957000,90,48,Pressure,Real Madrid,Toni Kroos,Left Center Midfield,170,Barcelona,77.0,43.1,3.575114,,,,,,,,,,,,,,,,,,,,,,,,,
267533,2016-04-02,Barcelona,Real Madrid,La Liga,2015/2016,b7d5f2a5-a374-4683-b326-5bffc3d56b98,3628,2,00:45:53.013000,90,53,Pressure,Real Madrid,Lucas Vázquez Iglesias,Right Wing,170,Barcelona,61.9,67.5,0.952,,,,,,,,,,,,,,,,,,,,,,,,,
267533,2016-04-02,Barcelona,Real Madrid,La Liga,2015/2016,d4e6b1f3-c286-4e6c-9691-c20ebfaf9760,3629,2,00:45:53.264000,90,53,Pass,Barcelona,Andrés Iniesta Luján,Left Center Midfield,170,Barcelona,56.4,9.9,0.6548,True,,,Gerard Piqué Bernabéu,57.3,3.3,6.661081,-1.4352686,Ground Pass,,,,,,,,,,,,,,,,
267533,2016-04-02,Barcelona,Real Madrid,La Liga,2015/2016,4c491f28-2444-4f34-b175-1e3170f1e369,3630,2,00:45:53.919000,90,53,Ball Receipt*,Barcelona,Gerard Piqué Bernabéu,Right Center Back,170,Barcelona,57.3,3.3,,True,,,,,,,,,,,,,,,,,,,,,,,,
267533,2016-04-02,Barcelona,Real Madrid,La Liga,2015/2016,0e28892b-5f47-476b-adc1-084e682324c3,3631,2,00:45:53.919000,90,53,Carry,Barcelona,Gerard Piqué Bernabéu,Right Center Back,170,Barcelona,57.3,3.3,0.12,True,,,,,,,,,,56.9,3.7,,,,,,,,,,,,,
267533,2016-04-02,Barcelona,Real Madrid,La Liga,2015/2016,2946e7dc-26a4-4d12-92f6-9531c7119312,3632,2,00:45:54.039000,90,54,Pass,Barcelona,Gerard Piqué Bernabéu,Right Center Back,170,Barcelona,56.9,3.7,1.007845,,,,Javier Alejandro Mascherano,47.9,10.4,11.220071,2.5016565,Ground Pass,,,,,,,,,,,,,,,,
267533,2016-04-02,Barcelona,Real Madrid,La Liga,2015/2016,23b0df90-6984-4b59-9118-5fc54620e2bf,3633,2,00:45:55.047000,90,55,Ball Receipt*,Barcelona,Javier Alejandro Mascherano,Left Center Back,170,Barcelona,47.9,10.4,,,,,,,,,,,,,,,,,,,,,,,,,,
267533,2016-04-02,Barcelona,Real Madrid,La Liga,2015/2016,199558bd-a9ca-46c7-8d2e-df66447f3243,3634,2,00:45:55.047000,90,55,Carry,Barcelona,Javier Alejandro Mascherano,Left Center Back,170,Barcelona,47.9,10.4,4.037255,,,,,,,,,,,54.4,25.4,,,,,,,,,,,,,
267533,2016-04-02,Barcelona,Real Madrid,La Liga,2015/2016,fddfb556-8f57-4d52-9d46-fee082b7bfa5,3635,2,00:45:59.084000,90,59,Pass,Barcelona,Javier Alejandro Mascherano,Left Center Back,170,Barcelona,54.4,25.4,0.339056,,,,Sergio Busquets i Burgos,60.0,21.3,6.940461,-0.6319742,Ground Pass,,,,,,,,,,,,,,,,
267533,2016-04-02,Barcelona,Real Madrid,La Liga,2015/2016,fdb99e9c-d14f-4e5c-b9bb-3c584f9b5c5a,3636,2,00:45:59.423000,90,59,Ball Receipt*,Barcelona,Sergio Busquets i Burgos,Center Defensive Midfield,170,Barcelona,60.0,21.3,,,,,,,,,,,,,,,,,,,,,,,,,,
267533,2016-04-02,Barcelona,Real Madrid,La Liga,2015/2016,2ef3ccc2-ef48-4849-9d90-171e462d262c,3637,2,00:45:59.423000,90,59,Carry,Barcelona,Sergio Busquets i Burgos,Center Defensive Midfield,170,Barcelona,60.0,21.3,4.066444,,,,,,,,,,,82.3,17.3,,,,,,,,,,,,,
267533,2016-04-02,Barcelona,Real Madrid,La Liga,2015/2016,408dbb9d-241c-4980-b4e9-5a5a0cb86863,3638,2,00:46:03.490000,91,3,Pass,Barcelona,Sergio Busquets i Burgos,Center Defensive Midfield,170,Barcelona,82.3,17.3,1.124389,,,,Andrés Iniesta Luján,92.6,9.1,13.165485,-0.67236847,Ground Pass,,,,,,,,,,,,,,,,
267533,2016-04-02,Barcelona,Real Madrid,La Liga,2015/2016,e32ca2da-5909-47d0-aee0-ab798d117200,3639,2,00:46:04.614000,91,4,Ball Receipt*,Barcelona,Andrés Iniesta Luján,Left Center Midfield,170,Barcelona,92.6,9.1,,,,,,,,,,,,,,,,,,,,,,,,,,
267533,2016-04-02,Barcelona,Real Madrid,La Liga,2015/2016,c0b0ec7c-33bc-43db-b750-9bcde49b0aae,3640,2,00:46:04.614000,91,4,Carry,Barcelona,Andrés Iniesta Luján,Left Center Midfield,170,Barcelona,92.6,9.1,3.133611,,,,,,,,,,,98.3,14.6,,,,,,,,,,,,,
267533,2016-04-02,Barcelona,Real Madrid,La Liga,2015/2016,fb120bbd-4ad8-409a-8ea4-fdb5831589cd,3641,2,00:46:07.748000,91,7,Pass,Barcelona,Andrés Iniesta Luján,Left Center Midfield,170,Barcelona,98.3,14.6,0.9318,,,,Gerard Piqué Bernabéu,109.6,32.9,21.507673,1.0176183,High Pass,Incomplete,,,,,,,,,,,,,,,
267533,2016-04-02,Barcelona,Real Madrid,La Liga,2015/2016,d10052cd-4042-4123-829e-9c8ae6986b16,3642,2,00:46:08.679000,91,8,Ball Receipt*,Barcelona,Gerard Piqué Bernabéu,Right Center Back,170,Barcelona,108.9,44.0,,,,,,,,,,,,,,,,,,,,,,,,,,
267533,2016-04-02,Barcelona,Real Madrid,La Liga,2015/2016,30727670-f0cc-4a09-a2f4-b78fae337097,3643,2,00:46:08.679000,91,8,Clearance,Real Madrid,Kléper Laveran Lima Ferreira,Right Center Back,170,Barcelona,10.5,47.2,0.0,True,,True,,,,,,,,,,,,,,,,,,,,,,
267533,2016-04-02,Barcelona,Real Madrid,La Liga,2015/2016,506e2fe8-8852-46d5-a63f-dd137004c361,3644,2,00:46:17.062000,91,17,Pass,Barcelona,Andrés Iniesta Luján,Left Center Midfield,171,Barcelona,97.9,0.1,1.555236,,,,Sergio Busquets i Burgos,84.4,8.0,15.641611,2.6121376,Low Pass,,,,,,,,,,,,,,,,
267533,2016-04-02,Barcelona,Real Madrid,La Liga,2015/2016,26c7904f-fa60-437f-8191-9981f91f6739,3645,2,00:46:18.618000,91,18,Ball Receipt*,Barcelona,Sergio Busquets i Burgos,Center Defensive Midfield,171,Barcelona,84.4,8.0,,,,,,,,,,,,,,,,,,,,,,,,,,
267533,2016-04-02,Barcelona,Real Madrid,La Liga,2015/2016,b5dc26f7-794d-4ed8-9a09-97380743678a,3646,2,00:46:18.618000,91,18,Carry,Barcelona,Sergio Busquets i Burgos,Center Defensive Midfield,171,Barcelona,84.4,8.0,1.130557,,,,,,,,,,,83.4,14.3,,,,,,,,,,,,,
267533,2016-04-02,Barcelona,Real Madrid,La Liga,2015/2016,d80313cb-ae6c-4983-bfe7-6eb0f3e41d52,3647,2,00:46:19.748000,91,19,Pass,Barcelona,Sergio Busquets i Burgos,Center Defensive Midfield,171,Barcelona,83.4,14.3,1.037952,,,,Arda Turan,83.1,25.0,10.704205,1.5988264,Ground Pass,,,,,,,,,,,,,,,,
267533,2016-04-02,Barcelona,Real Madrid,La Liga,2015/2016,586c9d4a-9b82-4cd9-8533-5e4d430e29ec,3648,2,00:46:20.786000,91,20,Ball Receipt*,Barcelona,Arda Turan,Right Center Midfield,171,Barcelona,83.1,25.0,,,,,,,,,,,,,,,,,,,,,,,,,,
267533,2016-04-02,Barcelona,Real Madrid,La Liga,2015/2016,74e6b77b-ce32-4853-8d45-a7e7aee9241b,3649,2,00:46:20.786000,91,20,Carry,Barcelona,Arda Turan,Right Center Midfield,171,Barcelona,83.1,25.0,1.999955,,,,,,,,,,,82.7,30.5,,,,,,,,,,,,,
267533,2016-04-02,Barcelona,Real Madrid,La Liga,2015/2016,2c7fa777-f522-46de-a933-ab848eba5c26,3650,2,00:46:22.786000,91,22,Pass,Barcelona,Arda Turan,Right Center Midfield,171,Barcelona,82.7,30.5,1.543399,,,,Daniel Alves da Silva,78.5,55.6,25.448969,1.736591,Ground Pass,,,,,,,,,,,,,,,,
267533,2016-04-02,Barcelona,Real Madrid,La Liga,2015/2016,4c33884f-b627-47c9-9412-978c5480b28e,3651,2,00:46:24.329000,91,24,Ball Receipt*,Barcelona,Daniel Alves da Silva,Right Back,171,Barcelona,78.5,55.6,,,,,,,,,,,,,,,,,,,,,,,,,,
267533,2016-04-02,Barcelona,Real Madrid,La Liga,2015/2016,5be80893-8321-43f9-b083-81912a42e7bc,3652,2,00:46:24.329000,91,24,Carry,Barcelona,Daniel Alves da Silva,Right Back,171,Barcelona,78.5,55.6,1.908649,,,,,,,,,,,79.5,56.0,,,,,,,,,,,,,
267533,2016-04-02,Barcelona,Real Madrid,La Liga,2015/2016,d75a6cd2-ad67-408b-bcb4-fa5259a80de7,3653,2,00:46:26.238000,91,26,Pass,Barcelona,Daniel Alves da Silva,Right Back,171,Barcelona,79.5,56.0,1.530656,,,,Javier Alejandro Mascherano,73.8,28.7,27.888708,-1.7766305,Ground Pass,,,,,,,,,,,,,,,,
267533,2016-04-02,Barcelona,Real Madrid,La Liga,2015/2016,32e1f6f2-d6e9-423c-84d2-0538342bf070,3654,2,00:46:27.769000,91,27,Ball Receipt*,Barcelona,Javier Alejandro Mascherano,Left Center Back,171,Barcelona,73.8,28.7,,,,,,,,,,,,,,,,,,,,,,,,,,
267533,2016-04-02,Barcelona,Real Madrid,La Liga,2015/2016,e8f12a71-0da1-47bc-8719-2827e5b22c1f,3655,2,00:46:27.769000,91,27,Carry,Barcelona,Javier Alejandro Mascherano,Left Center Back,171,Barcelona,73.8,28.7,1.584611,,,,,,,,,,,74.3,39.4,,,,,,,,,,,,,
267533,2016-04-02,Barcelona,Real Madrid,La Liga,2015/2016,cc08756a-707a-43a5-ba42-9760c15be6e6,3656,2,00:46:29.353000,91,29,Pass,Barcelona,Javier Alejandro Mascherano,Left Center Back,171,Barcelona,74.3,39.4,0.444647,,,,Lionel Andrés Messi Cuccittini,86.2,48.0,14.682302,0.6257918,Ground Pass,,,,,,,,,,,,,,,,
267533,2016-04-02,Barcelona,Real Madrid,La Liga,2015/2016,a57bbb61-c422-4c4a-965c-acefa16a0946,3657,2,00:46:29.798000,91,29,Ball Receipt*,Barcelona,Lionel Andrés Messi Cuccittini,Center Forward,171,Barcelona,86.2,48.0,,,,,,,,,,,,,,,,,,,,,,,,,,
267533,2016-04-02,Barcelona,Real Madrid,La Liga,2015/2016,0d5fa95c-e3ef-42a1-9736-f2d94878a7fc,3658,2,00:46:29.798000,91,29,Carry,Barcelona,Lionel Andrés Messi Cuccittini,Center Forward,171,Barcelona,86.2,48.0,0.630044,,,,,,,,,,,84.7,46.7,,,,,,,,,,,,,
267533,2016-04-02,Barcelona,Real Madrid,La Liga,2015/2016,11c01c80-c913-4182-a202-f47b69808d36,3659,2,00:46:30.428000,91,30,Pass,Barcelona,Lionel Andrés Messi Cuccittini,Center Forward,171,Barcelona,84.7,46.7,1.042544,,,,Sergio Busquets i Burgos,83.8,28.7,18.022486,-1.6207547,Ground Pass,,,,,,,,,,,,,,,,
267533,2016-04-02,Barcelona,Real Madrid,La Liga,2015/2016,b80e3e82-9942-4367-85c0-69bdda17ce0b,3660,2,00:46:31.471000,91,31,Ball Receipt*,Barcelona,Sergio Busquets i Burgos,Center Defensive Midfield,171,Barcelona,83.8,28.7,,,,,,,,,,,,,,,,,,,,,,,,,,
267533,2016-04-02,Barcelona,Real Madrid,La Liga,2015/2016,01206b1f-2841-4adb-95c2-58a361afe14b,3661,2,00:46:31.471000,91,31,Carry,Barcelona,Sergio Busquets i Burgos,Center Defensive Midfield,171,Barcelona,83.8,28.7,1.70575,,,,,,,,,,,93.2,27.1,,,,,,,,,,,,,
267533,2016-04-02,Barcelona,Real Madrid,La Liga,2015/2016,a4b7b41a-1d4d-45f8-b2c3-79b3c3ddbeee,3662,2,00:46:33.176000,91,33,Pass,Barcelona,Sergio Busquets i Burgos,Center Defensive Midfield,171,Barcelona,93.2,27.1,0.982431,,,,Jordi Alba Ramos,103.0,14.3,16.120794,-0.91736996,Ground Pass,,,,,,,,,,,,,,,,
267533,2016-04-02,Barcelona,Real Madrid,La Liga,2015/2016,36f9e53c-2800-4a89-bacc-88d5a0c198dc,3663,2,00:46:34.159000,91,34,Ball Receipt*,Barcelona,Jordi Alba Ramos,Left Back,171,Barcelona,103.0,14.3,,,,,,,,,,,,,,,,,,,,,,,,,,
267533,2016-04-02,Barcelona,Real Madrid,La Liga,2015/2016,3189191f-afce-472c-8393-fe112e7438a7,3664,2,00:46:34.159000,91,34,Carry,Barcelona,Jordi Alba Ramos,Left Back,171,Barcelona,103.0,14.3,1.025059,,,,,,,,,,,104.8,13.6,,,,,,,,,,,,,
267533,2016-04-02,Barcelona,Real Madrid,La Liga,2015/2016,6fce1759-da33-4a1f-b4f5-0e9c331704d6,3665,2,00:46:35.184000,91,35,Pass,Barcelona,Jordi Alba Ramos,Left Back,171,Barcelona,104.8,13.6,0.979979,,,,Neymar da Silva Santos Junior,104.9,32.6,19.000263,1.5655332,Low Pass,,,,,,,,,,,,,,,,
267533,2016-04-02,Barcelona,Real Madrid,La Liga,2015/2016,bbe3adc0-95c8-4557-bc00-001d107ef404,3666,2,00:46:36.164000,91,36,Ball Receipt*,Barcelona,Neymar da Silva Santos Junior,Left Wing,171,Barcelona,104.9,32.6,,,,,,,,,,,,,,,,,,,,,,,,,,
267533,2016-04-02,Barcelona,Real Madrid,La Liga,2015/2016,1f0810d1-c2b6-4201-9775-e0ea5a9c48d0,3667,2,00:46:36.164000,91,36,Carry,Barcelona,Neymar da Silva Santos Junior,Left Wing,171,Barcelona,104.9,32.6,0.126331,,,,,,,,,,,104.9,32.6,,,,,,,,,,,,,
267533,2016-04-02,Barcelona,Real Madrid,La Liga,2015/2016,bb286c02-ca19-4798-b7dd-3e2662bfe9e4,3668,2,00:46:36.290000,91,36,Miscontrol,Barcelona,Neymar da Silva Santos Junior,Left Wing,171,Barcelona,104.9,32.6,0.0,,,,,,,,,,,,,,,,,,,,,,,,,
267533,2016-04-02,Barcelona,Real Madrid,La Liga,2015/2016,01c4d7db-f2c2-4949-a987-ca4e1693ef06,3669,2,00:46:37.148000,91,37,Ball Recovery,Barcelona,Arda Turan,Right Center Midfield,171,Barcelona,107.8,41.2,0.0,,,,,,,,,,,,,,,,,,,,,,,,,
267533,2016-04-02,Barcelona,Real Madrid,La Liga,2015/2016,d847e843-7caf-439d-a969-edea4475a938,3670,2,00:46:37.188000,91,37,Shot,Barcelona,Arda Turan,Right Center Midfield,171,Barcelona,108.5,41.3,0.0067,,,,,,,,,,,,,0.11549341,Blocked,Left Foot,Half Volley,,,,,,,,,
267533,2016-04-02,Barcelona,Real Madrid,La Liga,2015/2016,7a714048-79da-4907-9f1c-c3646b33948c,3671,2,00:46:37.195000,91,37,Block,Real Madrid,Carlos Henrique Casimiro,Left Center Back,171,Barcelona,9.6,38.6,0.0,,,,,,,,,,,,,,,,,,,,,,,,,
267533,2016-04-02,Barcelona,Real Madrid,La Liga,2015/2016,bf5207ed-7ef5-47b8-a3ee-1b6f90b946ed,3672,2,00:46:37.235000,91,37,Goal Keeper,Real Madrid,Keylor Navas Gamboa,Goalkeeper,171,Barcelona,0.9,40.2,0.0,,,,,,,,,,,,,,,,,,,,,,,,,
267533,2016-04-02,Barcelona,Real Madrid,La Liga,2015/2016,11347023-50a5-460c-a1dd-60ea033ad7a8,3673,2,00:46:37.746000,91,37,Ball Recovery,Real Madrid,Cristiano Ronaldo dos Santos Aveiro,Left Wing,171,Barcelona,14.2,33.1,0.0,,,,,,,,,,,,,,,,,,,,,,,,,
267533,2016-04-02,Barcelona,Real Madrid,La Liga,2015/2016,ef1a1945-e30a-4123-9af4-0497984e1d16,3674,2,00:46:39.458000,91,39,Ball Recovery,Real Madrid,Jesé Rodríguez Ruiz,Center Forward,172,Real Madrid,25.6,25.8,0.0,,,,,,,,,,,,,,,,,,,,,,,,,
267533,2016-04-02,Barcelona,Real Madrid,La Liga,2015/2016,d8b208bd-9a28-48de-8b9d-e6f724bddfa1,3675,2,00:46:39.458000,91,39,Carry,Real Madrid,Jesé Rodríguez Ruiz,Center Forward,172,Real Madrid,25.6,25.8,2.335567,,,,,,,,,,,32.6,25.1,,,,,,,,,,,,,
267533,2016-04-02,Barcelona,Real Madrid,La Liga,2015/2016,2d1a9123-e707-4cf2-8975-3530acc4b34f,3676,2,00:46:41.793000,91,41,Pass,Real Madrid,Jesé Rodríguez Ruiz,Center Forward,172,Real Madrid,32.6,25.1,2.8208,,,,Cristiano Ronaldo dos Santos Aveiro,50.2,2.4,28.723684,-0.91127986,Ground Pass,,,,,,,,,,,,,,,,
267533,2016-04-02,Barcelona,Real Madrid,La Liga,2015/2016,8f688d98-f481-489d-93aa-4f0bf68123e0,3677,2,00:46:44.614000,91,44,Ball Receipt*,Real Madrid,Cristiano Ronaldo dos Santos Aveiro,Left Wing,172,Real Madrid,50.2,2.4,,,,,,,,,,,,,,,,,,,,,,,,,,
267533,2016-04-02,Barcelona,Real Madrid,La Liga,2015/2016,39c3c2d4-030f-4ac7-ad0c-69d769b02a57,3678,2,00:46:44.614000,91,44,Carry,Real Madrid,Cristiano Ronaldo dos Santos Aveiro,Left Wing,172,Real Madrid,50.2,2.4,3.4227,,,,,,,,,,,52.6,5.8,,,,,,,,,,,,,
267533,2016-04-02,Barcelona,Real Madrid,La Liga,2015/2016,7b39800f-8dc3-45b0-a4dd-4c8af764707a,3679,2,00:46:48.037000,91,48,Pass,Real Madrid,Cristiano Ronaldo dos Santos Aveiro,Left Wing,172,Real Madrid,52.6,5.8,4.3202,,,,Kléper Laveran Lima Ferreira,105.7,26.8,57.10175,0.37660396,High Pass,,,,,,,,,,,,,,,,
267533,2016-04-02,Barcelona,Real Madrid,La Liga,2015/2016,245009e4-98b9-40c8-bcdd-672056e70584,3680,2,00:46:52.357000,91,52,Ball Receipt*,Real Madrid,Kléper Laveran Lima Ferreira,Right Center Back,172,Real Madrid,105.7,26.8,,,,,,,,,,,,,,,,,,,,,,,,,,
267533,2016-04-02,Barcelona,Real Madrid,La Liga,2015/2016,66e60210-a38f-44a4-805a-494371a2a507,3681,2,00:46:52.357000,91,52,Pass,Real Madrid,Kléper Laveran Lima Ferreira,Right Center Back,172,Real Madrid,105.7,26.8,0.798674,,,,Lucas Vázquez Iglesias,105.2,34.1,7.3171034,1.6391827,Low Pass,Incomplete,,,,,,,,,,,,,,,
267533,2016-04-02,Barcelona,Real Madrid,La Liga,2015/2016,fdf8a6c6-5137-4673-8fbe-a4312d50bc88,3682,2,00:46:53.155000,91,53,Ball Receipt*,Real Madrid,Lucas Vázquez Iglesias,Right Wing,172,Real Madrid,104.3,40.0,,,,,,,,,,,,,,,,,,,,,,,,,,
267533,2016-04-02,Barcelona,Real Madrid,La Liga,2015/2016,c7ecd9dc-1f33-46cf-aafd-048071a41351,3683,2,00:46:53.155000,91,53,Interception,Barcelona,Javier Alejandro Mascherano,Left Center Back,173,Barcelona,14.9,46.0,0.0,,,,,,,,,,,,,,,,,,,,,,,,,
267533,2016-04-02,Barcelona,Real Madrid,La Liga,2015/2016,1666a29e-6dc6-44e1-903e-e070017b0a0a,3684,2,00:46:53.155000,91,53,Carry,Barcelona,Javier Alejandro Mascherano,Left Center Back,173,Barcelona,14.9,46.0,1.100291,True,,,,,,,,,,13.4,46.1,,,,,,,,,,,,,
267533,2016-04-02,Barcelona,Real Madrid,La Liga,2015/2016,712a3dfe-d494-428e-a031-7c2f8a18765c,3685,2,00:46:53.843000,91,53,Pressure,Real Madrid,Lucas Vázquez Iglesias,Right Wing,173,Barcelona,104.2,36.9,0.3111,,,,,,,,,,,,,,,,,,,,,,,,,
267533,2016-04-02,Barcelona,Real Madrid,La Liga,2015/2016,dc5fc535-ff5a-4a25-a36b-b04d1e163358,3686,2,00:46:54.256000,91,54,Pass,Barcelona,Javier Alejandro Mascherano,Left Center Back,173,Barcelona,13.4,46.1,0.509947,,,,Jordi Alba Ramos,9.2,48.4,4.788528,2.6405792,Ground Pass,,,,,,,,,,,,,,,,
267533,2016-04-02,Barcelona,Real Madrid,La Liga,2015/2016,c6fbc151-96dc-47b5-a9c6-3c2d5379a9d2,3687,2,00:46:54.766000,91,54,Ball Receipt*,Barcelona,Jordi Alba Ramos,Left Back,173,Barcelona,9.2,48.4,,,,,,,,,,,,,,,,,,,,,,,,,,
267533,2016-04-02,Barcelona,Real Madrid,La Liga,2015/2016,b12a5195-f5c4-47ee-aec2-6a3b5fdde0ff,3688,2,00:46:54.766000,91,54,Carry,Barcelona,Jordi Alba Ramos,Left Back,173,Barcelona,9.2,48.4,0.039988,,,,,,,,,,,9.2,48.4,,,,,,,,,,,,,
267533,2016-04-02,Barcelona,Real Madrid,La Liga,2015/2016,9086b021-430a-49d7-99d4-68fbf0d0a3da,3689,2,00:46:54.806000,91,54,Pass,Barcelona,Jordi Alba Ramos,Left Back,173,Barcelona,9.2,48.4,2.038824,,,,Andrés Iniesta Luján,12.1,36.4,12.345445,-1.3336761,Ground Pass,,,,,,,,,,,,,,,,
267533,2016-04-02,Barcelona,Real Madrid,La Liga,2015/2016,803c048f-98ff-4cbb-b10e-6a57239a8a20,3690,2,00:46:56.845000,91,56,Ball Receipt*,Barcelona,Andrés Iniesta Luján,Left Center Midfield,173,Barcelona,12.1,36.4,,,,,,,,,,,,,,,,,,,,,,,,,,
267533,2016-04-02,Barcelona,Real Madrid,La Liga,2015/2016,48b47bdb-2233-43e4-b3a2-2be541d9a9ca,3691,2,00:46:56.845000,91,56,Carry,Barcelona,Andrés Iniesta Luján,Left Center Midfield,173,Barcelona,12.1,36.4,0.039976,,,,,,,,,,,13.0,36.4,,,,,,,,,,,,,
267533,2016-04-02,Barcelona,Real Madrid,La Liga,2015/2016,32e6bc5e-0e59-46fb-87fd-1d1defaa72c1,3692,2,00:46:56.885000,91,56,Pass,Barcelona,Andrés Iniesta Luján,Left Center Midfield,173,Barcelona,13.0,36.4,1.196296,,,,Claudio Andrés Bravo Muñoz,3.1,39.6,10.404326,2.8289604,Ground Pass,,,,,,,,,,,,,,,,
267533,2016-04-02,Barcelona,Real Madrid,La Liga,2015/2016,6123b68a-d544-49be-9883-5dc263f9d032,3693,2,00:46:58.081000,91,58,Ball Receipt*,Barcelona,Claudio Andrés Bravo Muñoz,Goalkeeper,173,Barcelona,3.1,39.6,,,,,,,,,,,,,,,,,,,,,,,,,,
267533,2016-04-02,Barcelona,Real Madrid,La Liga,2015/2016,e0355e66-4049-459b-b747-1f58e1fe110e,3694,2,00:46:58.081000,91,58,Carry,Barcelona,Claudio Andrés Bravo Muñoz,Goalkeeper,173,Barcelona,3.1,39.6,0.080004,,,,,,,,,,,3.1,39.6,,,,,,,,,,,,,
267533,2016-04-02,Barcelona,Real Madrid,La Liga,2015/2016,3ecf485e-727e-47c0-9c31-bb861f098825,3695,2,00:46:58.161000,91,58,Pass,Barcelona,Claudio Andrés Bravo Muñoz,Goalkeeper,173,Barcelona,3.1,39.6,0.969912,,,,Javier Alejandro Mascherano,10.0,46.7,9.900505,0.7996829,Ground Pass,,,,,,,,,,,,,,,,
267533,2016-04-02,Barcelona,Real Madrid,La Liga,2015/2016,a2e96bd4-04aa-467b-b646-aa3468f2ce96,3696,2,00:46:59.131000,91,59,Ball Receipt*,Barcelona,Javier Alejandro Mascherano,Left Center Back,173,Barcelona,10.0,46.7,,,,,,,,,,,,,,,,,,,,,,,,,,
267533,2016-04-02,Barcelona,Real Madrid,La Liga,2015/2016,6f2787e8-e569-4882-bc72-454b5c761d48,3697,2,00:46:59.131000,91,59,Carry,Barcelona,Javier Alejandro Mascherano,Left Center Back,173,Barcelona,10.0,46.7,1.970946,,,,,,,,,,,17.8,45.2,,,,,,,,,,,,,
267533,2016-04-02,Barcelona,Real Madrid,La Liga,2015/2016,4f485576-3ac3-493d-8380-7a3005dc37de,3698,2,00:47:01.102000,92,1,Pass,Barcelona,Javier Alejandro Mascherano,Left Center Back,173,Barcelona,17.8,45.2,1.141342,,,,Gerard Piqué Bernabéu,43.4,9.4,44.011364,-0.9500186,Ground Pass,Unknown,,,,,,,,,,,,,,,
267533,2016-04-02,Barcelona,Real Madrid,La Liga,2015/2016,cbbb9b7a-ff2b-472e-86f7-f06a91f3cf83,3699,2,00:47:02.998000,92,2,Half End,Real Madrid,,,173,Barcelona,,,0.0,,,,,,,,,,,,,,,,,,,,,,,,,
267533,2016-04-02,Barcelona,Real Madrid,La Liga,2015/2016,eb8801b8-7cf6-4da3-ac6f-28c051e83716,3700,2,00:47:02.998000,92,2,Half End,Barcelona,,,173,Barcelona,,,0.0,,,,,,,,,,,,,,,,,,,,,,,,,
